Desc	Family ID	Ancistrocerus_nigricornis	Mischocyttarus_mexicanus	Polistes_dominula	Polistes_fuscatus	Polistes_exclamans	Polistes_canadensis	Vespula_germanica	Vespula_pensylvanica	Vespula_vulgaris	Vespa_crabro	Vespa_mandarinia	Vespa_velutina	Dolichovespula_media	Dolichovespula_saxonica	Dolichovespula_sylvestris
N11	N11.HOG0000000	0	0	0	0	1	0	0	0	0	0	0	0	0	0	0
N11	N11.HOG0000001	0	1	1	1	1	1	1	1	1	1	1	1	1	1	1
N11	N11.HOG0000002	1	0	0	0	0	0	0	0	0	0	0	0	0	0	0
N11	N11.HOG0000003	2	2	1	2	1	1	1	1	1	2	1	1	2	1	1
N11	N11.HOG0000004	1	3	4	2	2	1	5	1	3	2	3	4	10	13	2
N11	N11.HOG0000005	1	1	1	1	1	1	5	3	3	1	2	1	3	0	1
N11	N11.HOG0000006	2	1	1	1	0	0	1	1	1	0	0	0	1	0	0
N11	N11.HOG0000007	1	0	0	0	0	0	1	0	0	0	0	0	1	1	1
N11	N11.HOG0000008	0	0	0	0	0	0	1	0	1	0	0	0	0	0	1
N11	N11.HOG0000009	0	0	0	0	0	0	0	0	0	0	0	0	0	1	0
N11	N11.HOG0000010	0	1	0	0	0	0	1	0	0	0	0	0	0	0	0
N11	N11.HOG0000011	0	0	0	0	1	0	1	0	0	0	0	0	0	0	0
N11	N11.HOG0000012	1	0	0	0	0	0	1	0	0	0	1	0	0	0	0
N11	N11.HOG0000013	0	0	0	0	0	0	0	0	0	0	0	0	0	1	0
N11	N11.HOG0000014	0	0	0	0	0	0	0	0	1	0	0	0	0	0	0
N11	N11.HOG0000015	0	1	0	1	0	0	0	0	0	0	0	0	0	0	1
N11	N11.HOG0000016	0	0	0	0	0	0	0	1	0	0	0	0	0	0	0
N11	N11.HOG0000017	0	0	0	0	3	1	0	0	0	0	0	0	0	0	0
N11	N11.HOG0000018	0	0	0	0	0	0	1	0	1	0	0	1	0	0	0
N11	N11.HOG0000019	0	0	0	0	0	0	1	0	0	0	0	0	0	0	0
N11	N11.HOG0000020	0	0	0	0	1	0	1	0	0	0	0	0	1	1	0
N11	N11.HOG0000021	1	0	0	0	0	0	0	0	0	0	0	0	0	0	0
N11	N11.HOG0000022	0	1	1	2	1	1	2	2	2	2	2	2	1	1	2
N11	N11.HOG0000023	0	1	0	1	3	1	1	1	0	0	0	0	1	0	0
N11	N11.HOG0000024	0	0	0	0	0	0	1	0	1	0	0	0	2	0	0
N11	N11.HOG0000025	4	0	0	0	1	0	0	0	0	1	0	0	0	1	0
N11	N11.HOG0000026	1	1	0	1	0	0	1	0	1	0	0	1	0	0	0
N11	N11.HOG0000027	0	11	12	8	9	1	20	13	17	16	30	49	4	6	2
N11	N11.HOG0000028	1	2	2	1	1	0	2	1	0	1	1	2	0	1	0
N11	N11.HOG0000029	0	0	0	0	1	0	1	0	0	0	1	0	0	0	0
N11	N11.HOG0000030	1	1	0	1	1	0	2	1	1	0	1	1	1	0	0
N11	N11.HOG0000031	0	0	0	0	0	0	0	0	0	1	1	1	0	0	0
N11	N11.HOG0000032	1	2	1	0	1	0	4	0	0	0	0	1	0	0	2
N11	N11.HOG0000033	1	1	0	0	1	0	1	2	2	1	1	2	2	1	2
N11	N11.HOG0000034	1	0	0	0	0	0	0	0	0	0	0	0	0	0	0
N11	N11.HOG0000035	1	1	1	0	1	0	0	0	0	0	0	0	0	0	0
N11	N11.HOG0000036	3	1	1	0	1	0	1	1	1	4	5	3	4	5	3
N11	N11.HOG0000037	2	0	1	0	1	0	1	1	1	1	1	1	0	0	0
N11	N11.HOG0000038	1	0	0	3	1	2	4	4	2	1	1	1	2	1	1
N11	N11.HOG0000039	1	1	0	1	0	1	2	1	1	0	1	1	1	1	1
N11	N11.HOG0000040	4	0	0	0	0	0	0	0	0	0	0	0	0	0	0
N11	N11.HOG0000041	1	1	3	2	1	1	2	2	2	2	2	2	2	2	2
N11	N11.HOG0000042	0	0	0	0	1	0	0	0	0	0	0	0	0	0	0
N11	N11.HOG0000043	0	1	0	0	0	0	0	0	0	0	0	0	0	0	0
N11	N11.HOG0000044	0	0	0	0	0	0	0	0	0	0	0	0	0	1	0
N11	N11.HOG0000045	0	0	0	0	0	0	0	0	0	0	0	0	3	0	1
N11	N11.HOG0000046	1	0	0	0	0	0	0	0	0	0	0	0	0	0	0
N11	N11.HOG0000047	1	0	0	0	0	0	0	0	0	0	0	0	0	0	0
N11	N11.HOG0000048	0	6	0	0	0	0	0	0	0	0	0	0	0	0	0
N11	N11.HOG0000049	0	17	0	0	1	0	0	0	0	0	0	0	0	0	0
N11	N11.HOG0000050	0	0	0	0	2	0	0	0	0	0	0	0	0	0	0
N11	N11.HOG0000051	0	0	1	0	0	0	0	0	0	0	0	0	0	0	0
N11	N11.HOG0000052	0	1	0	0	0	0	0	0	0	1	0	0	0	2	0
N11	N11.HOG0000053	0	0	0	0	0	0	0	0	0	2	1	2	2	3	3
N11	N11.HOG0000054	0	0	0	0	0	0	0	0	0	8	15	1	0	0	0
N11	N11.HOG0000055	0	0	0	0	1	0	0	0	0	0	0	0	0	0	0
N11	N11.HOG0000056	0	0	0	0	2	0	0	0	0	0	0	0	0	0	0
N11	N11.HOG0000057	0	18	0	0	0	0	0	0	0	0	0	0	0	0	0
N11	N11.HOG0000058	0	0	0	0	4	0	0	0	0	0	0	0	0	0	0
N11	N11.HOG0000060	0	0	0	0	1	0	0	0	0	0	0	0	0	0	0
N11	N11.HOG0000061	0	0	0	4	22	7	0	0	0	0	0	0	0	0	0
N11	N11.HOG0000062	0	0	0	0	0	0	0	0	0	2	5	2	0	0	0
N11	N11.HOG0000063	0	1	0	0	1	0	0	0	0	0	0	0	0	0	0
N11	N11.HOG0000064	0	0	0	0	1	0	0	0	0	0	0	0	0	0	0
N11	N11.HOG0000065	0	0	0	0	2	0	0	0	0	0	0	0	0	0	0
N11	N11.HOG0000066	0	1	0	0	0	0	0	0	0	0	0	0	0	0	0
N11	N11.HOG0000067	0	0	0	0	0	0	0	0	0	0	1	0	0	0	1
N11	N11.HOG0000069	0	0	0	0	1	0	0	0	0	0	0	0	0	0	0
N11	N11.HOG0000070	0	0	0	0	1	0	0	0	0	0	0	0	0	0	0
N11	N11.HOG0000071	0	0	0	0	1	0	0	0	0	0	0	0	0	0	0
N11	N11.HOG0000072	0	0	0	0	1	0	0	0	0	0	0	0	0	0	0
N11	N11.HOG0000073	0	0	0	0	1	0	0	0	0	0	0	0	0	0	0
N11	N11.HOG0000074	0	0	0	0	1	0	0	0	0	1	0	0	0	0	0
N11	N11.HOG0000075	0	0	0	0	1	0	0	0	0	0	0	0	0	0	0
N11	N11.HOG0000076	0	0	0	0	1	0	0	0	0	0	0	0	0	1	0
N11	N11.HOG0000077	0	0	1	0	0	0	0	0	0	0	0	0	0	0	0
N11	N11.HOG0000078	0	0	0	0	1	1	0	0	0	0	0	0	0	0	0
N11	N11.HOG0000079	0	0	0	0	1	0	0	0	0	0	0	0	0	0	0
N11	N11.HOG0000080	0	0	1	0	1	0	0	0	0	0	0	0	0	0	1
N11	N11.HOG0000081	1	0	0	0	0	0	0	0	0	0	0	0	0	0	0
N11	N11.HOG0000082	0	0	0	0	2	0	0	0	0	0	0	0	0	0	0
N11	N11.HOG0000083	0	0	0	0	0	0	0	0	0	0	1	1	0	0	0
N11	N11.HOG0000084	0	1	0	0	3	0	0	0	0	0	1	0	0	0	0
N11	N11.HOG0000085	0	0	0	0	0	1	0	0	0	0	0	0	0	0	0
N11	N11.HOG0000086	0	0	0	0	3	0	0	0	0	0	0	0	0	0	0
N11	N11.HOG0000087	0	1	0	0	2	1	0	0	0	0	1	0	0	0	0
N11	N11.HOG0000088	0	7	0	0	1	0	0	0	0	0	0	0	0	0	0
N11	N11.HOG0000089	0	0	0	0	2	0	0	0	0	0	0	0	0	0	0
N11	N11.HOG0000090	0	0	0	7	3	0	0	0	0	0	0	0	0	0	1
N11	N11.HOG0000091	0	0	0	0	3	0	0	0	0	1	0	0	0	0	0
N11	N11.HOG0000092	0	0	0	0	1	0	0	0	0	0	0	0	0	0	0
N11	N11.HOG0000093	0	0	0	0	5	0	1	0	0	0	0	0	0	0	0
N11	N11.HOG0000094	0	1	0	0	1	0	0	0	0	0	0	0	0	0	0
N11	N11.HOG0000095	0	1	0	0	1	0	0	0	0	1	0	0	0	0	0
N11	N11.HOG0000096	0	0	0	0	0	0	0	0	0	1	1	1	0	0	0
N11	N11.HOG0000097	0	1	0	0	0	0	0	0	0	0	1	0	0	0	0
N11	N11.HOG0000098	0	0	0	0	1	0	0	0	0	0	0	0	0	0	0
N11	N11.HOG0000099	0	0	0	0	5	0	0	0	0	0	0	0	0	0	0
N11	N11.HOG0000100	0	0	0	0	1	0	0	0	0	0	0	0	0	0	0
N11	N11.HOG0000101	0	0	0	0	1	0	0	0	0	0	0	0	0	0	0
N11	N11.HOG0000102	0	1	0	0	1	0	0	0	0	0	0	0	0	0	0
N11	N11.HOG0000103	0	2	0	0	0	0	0	0	0	0	0	0	0	0	0
N11	N11.HOG0000104	0	1	0	0	0	0	0	0	0	0	0	0	0	0	0
N11	N11.HOG0000105	0	1	0	0	0	0	0	0	0	0	0	0	0	0	0
N11	N11.HOG0000106	0	1	0	0	3	0	0	0	0	0	0	0	0	0	0
N11	N11.HOG0000107	0	1	0	0	0	0	0	0	0	0	0	0	0	0	0
N11	N11.HOG0000108	0	0	0	0	0	0	0	0	0	0	1	0	0	0	0
N11	N11.HOG0000110	0	3	0	0	0	0	0	0	0	0	0	0	0	0	0
N11	N11.HOG0000111	0	0	0	2	0	0	0	0	0	0	0	0	0	0	0
N11	N11.HOG0000113	0	0	0	0	0	0	0	0	0	0	1	0	0	1	0
N11	N11.HOG0000114	0	8	1	0	0	0	0	0	0	0	1	0	0	0	0
N11	N11.HOG0000115	0	1	0	0	0	0	0	0	0	0	0	0	0	0	0
N11	N11.HOG0000116	0	1	0	0	0	0	0	0	0	1	0	0	0	0	0
N11	N11.HOG0000117	0	0	0	0	1	0	0	0	0	0	0	0	0	0	0
N11	N11.HOG0000118	0	0	0	0	2	0	0	0	0	0	0	0	0	0	0
N11	N11.HOG0000119	0	4	0	0	1	0	0	0	0	0	0	0	0	0	0
N11	N11.HOG0000120	0	1	0	0	1	0	0	0	0	0	0	0	0	0	0
N11	N11.HOG0000121	0	1	0	0	2	0	0	0	0	0	0	0	0	0	0
N11	N11.HOG0000122	0	0	0	1	0	0	0	0	0	1	8	0	0	0	0
N11	N11.HOG0000123	0	0	0	0	2	0	0	0	0	25	24	6	0	0	0
N11	N11.HOG0000124	0	0	0	0	0	0	0	0	0	0	1	0	0	0	0
N11	N11.HOG0000125	0	0	0	0	1	0	0	0	0	0	0	0	0	0	0
N11	N11.HOG0000126	0	0	2	1	3	4	3	3	3	3	4	4	4	3	0
N11	N11.HOG0000127	3	3	2	3	2	3	3	2	2	2	2	1	4	4	1
N11	N11.HOG0000128	0	1	1	2	2	0	0	0	0	0	0	1	1	1	1
N11	N11.HOG0000129	1	0	1	1	1	1	0	0	0	1	1	1	1	1	0
N11	N11.HOG0000130	1	0	1	1	1	0	1	0	1	1	1	1	0	0	1
N11	N11.HOG0000131	2	1	2	2	0	2	1	1	1	2	1	2	1	1	1
N11	N11.HOG0000132	1	2	1	2	2	2	1	1	1	1	1	1	1	0	0
N11	N11.HOG0000133	0	0	1	3	1	1	1	1	0	1	1	1	2	1	1
N11	N11.HOG0000134	1	0	2	2	3	1	2	1	1	3	3	3	1	1	2
N11	N11.HOG0000135	1	1	1	1	0	0	0	0	0	0	0	0	0	0	0
N11	N11.HOG0000136	1	0	1	1	0	0	1	0	1	1	1	1	0	0	0
N11	N11.HOG0000137	1	0	1	1	0	1	0	0	0	1	1	1	1	1	0
N11	N11.HOG0000138	0	0	1	1	0	1	2	1	1	1	1	1	0	0	0
N11	N11.HOG0000139	1	1	0	1	0	1	1	1	1	0	1	1	0	0	0
N11	N11.HOG0000140	1	1	1	1	1	1	0	0	0	1	1	0	1	0	0
N11	N11.HOG0000141	0	0	1	0	0	0	0	0	0	0	0	0	0	0	0
N11	N11.HOG0000142	1	0	1	1	1	1	1	2	1	1	1	1	0	0	0
N11	N11.HOG0000143	0	0	0	0	0	0	0	0	0	0	0	1	0	0	0
N11	N11.HOG0000144	0	0	0	1	0	0	1	0	0	0	0	0	0	0	0
N11	N11.HOG0000145	0	0	0	0	0	0	0	0	0	0	0	0	1	1	0
N11	N11.HOG0000146	0	0	0	0	0	0	0	0	0	0	0	0	1	1	0
N11	N11.HOG0000147	0	0	0	1	0	0	0	0	0	0	0	0	0	0	0
N11	N11.HOG0000148	0	0	0	0	0	0	1	0	0	0	0	0	0	0	0
N11	N11.HOG0000149	0	1	0	0	0	0	0	0	0	0	0	0	1	1	0
N11	N11.HOG0000150	0	0	0	0	0	0	0	1	0	0	0	0	0	0	0
N11	N11.HOG0000151	0	1	0	0	0	0	0	0	0	0	0	0	1	1	1
N11	N11.HOG0000152	0	0	0	0	0	0	0	0	0	0	0	1	0	0	0
N11	N11.HOG0000153	0	0	0	0	0	0	1	0	0	0	0	0	0	0	0
N11	N11.HOG0000154	0	2	0	0	0	1	1	0	0	0	0	2	0	0	0
N11	N11.HOG0000155	1	0	0	0	0	0	0	0	0	0	0	0	0	0	0
N11	N11.HOG0000156	0	0	0	0	0	0	1	1	1	0	0	0	0	0	0
N11	N11.HOG0000157	5	0	0	0	0	0	4	0	1	1	2	2	5	4	2
N11	N11.HOG0000158	1	0	0	0	0	0	0	1	0	0	0	0	0	0	0
N11	N11.HOG0000159	0	2	1	3	1	1	0	0	0	0	0	0	0	0	0
N11	N11.HOG0000160	0	0	1	0	0	0	0	0	0	0	0	0	0	0	1
N11	N11.HOG0000161	2	1	1	1	1	0	3	1	1	1	1	1	2	1	1
N11	N11.HOG0000162	0	3	1	1	1	1	0	1	1	1	1	1	0	1	0
N11	N11.HOG0000163	1	1	1	1	1	1	1	1	1	1	1	1	1	0	1
N11	N11.HOG0000164	0	0	0	0	0	0	1	0	0	0	0	0	1	0	0
N11	N11.HOG0000165	1	1	1	1	1	1	1	1	1	1	1	1	2	2	5
N11	N11.HOG0000166	0	0	0	0	0	0	0	0	0	0	0	0	0	1	0
N11	N11.HOG0000167	0	2	1	1	1	1	2	1	1	1	1	1	1	2	1
N11	N11.HOG0000168	0	0	0	0	0	0	1	0	0	0	0	0	0	0	0
N11	N11.HOG0000169	0	0	0	0	0	0	1	0	0	0	0	0	1	0	0
N11	N11.HOG0000170	1	1	1	1	1	1	4	1	1	1	1	1	3	3	1
N11	N11.HOG0000171	1	3	1	1	2	1	1	1	1	1	1	1	1	1	1
N11	N11.HOG0000172	1	2	1	1	2	1	1	1	1	1	1	1	1	1	5
N11	N11.HOG0000173	1	1	1	1	1	1	2	1	1	1	1	1	2	1	1
N11	N11.HOG0000174	0	1	1	1	1	1	1	1	1	1	1	1	1	1	1
N11	N11.HOG0000175	0	0	0	0	0	0	0	0	0	0	0	0	1	1	0
N11	N11.HOG0000176	1	1	1	1	1	1	1	1	1	1	1	1	1	1	1
N11	N11.HOG0000177	0	0	1	1	1	1	1	1	1	1	1	1	3	2	3
N11	N11.HOG0000178	0	0	0	0	0	0	0	0	0	0	0	0	0	1	0
N11	N11.HOG0000179	0	0	0	0	0	0	0	0	0	0	0	0	1	0	0
N11	N11.HOG0000180	0	0	0	1	0	0	1	0	1	0	0	0	0	0	0
N11	N11.HOG0000181	0	0	1	0	1	0	0	0	1	0	0	0	0	0	0
N11	N11.HOG0000182	0	0	0	0	0	0	0	0	0	0	0	0	0	0	1
N11	N11.HOG0000183	0	0	0	0	0	0	0	0	0	0	0	0	0	0	1
N11	N11.HOG0000184	0	1	1	1	1	1	3	2	2	2	4	3	2	2	1
N11	N11.HOG0000185	1	2	1	2	2	0	5	3	6	2	1	0	4	7	0
N11	N11.HOG0000186	1	9	10	10	10	6	21	14	17	13	12	11	11	14	4
N11	N11.HOG0000187	0	1	1	3	2	1	10	9	11	6	4	7	7	2	3
N11	N11.HOG0000188	1	1	0	0	2	0	2	6	6	7	12	10	3	5	2
N11	N11.HOG0000189	1	1	0	0	1	0	11	10	12	3	11	13	9	8	5
N11	N11.HOG0000190	4	0	1	0	1	0	1	1	0	1	1	1	1	0	1
N11	N11.HOG0000191	1	2	3	2	6	2	2	5	4	9	8	10	4	3	3
N11	N11.HOG0000192	1	2	1	2	1	1	1	1	1	1	1	1	1	1	1
N11	N11.HOG0000193	2	1	1	0	1	1	1	1	1	1	1	1	1	1	1
N11	N11.HOG0000194	2	0	0	0	0	0	1	1	1	1	1	1	1	1	0
N11	N11.HOG0000195	1	0	1	1	1	1	1	1	1	1	0	1	1	1	0
N11	N11.HOG0000200	0	1	0	1	3	0	0	0	0	0	0	0	0	0	0
N11	N11.HOG0000202	0	0	0	1	0	0	0	0	0	0	0	0	0	0	0
N11	N11.HOG0000204	0	0	0	5	0	1	0	0	0	0	0	0	0	0	0
N11	N11.HOG0000205	0	0	0	0	0	0	0	0	0	0	0	0	1	0	0
N11	N11.HOG0000206	0	0	0	0	0	0	0	0	0	0	0	0	1	0	0
N11	N11.HOG0000208	0	0	0	0	2	0	0	0	0	1	3	4	0	0	0
N11	N11.HOG0000217	0	0	0	0	0	0	0	0	0	1	0	0	0	0	0
N11	N11.HOG0000218	0	0	0	0	0	0	0	0	0	1	0	0	0	0	0
N11	N11.HOG0000219	0	3	0	0	2	3	0	0	0	0	0	1	0	0	0
N11	N11.HOG0000221	0	0	0	0	2	0	0	0	0	2	0	2	0	0	0
N11	N11.HOG0000223	0	0	0	0	1	0	0	0	0	0	0	0	0	0	0
N11	N11.HOG0000224	0	0	0	0	2	0	0	0	0	0	0	0	0	0	0
N11	N11.HOG0000225	0	1	0	0	0	0	0	0	0	0	0	0	0	0	0
N11	N11.HOG0000226	0	3	0	1	0	0	0	0	0	0	0	0	0	0	0
N11	N11.HOG0000227	0	0	0	3	0	0	0	0	0	0	0	0	0	0	0
N11	N11.HOG0000228	0	1	0	0	0	0	0	0	0	0	0	0	0	0	0
N11	N11.HOG0000229	0	0	0	0	0	0	0	0	0	0	0	1	0	0	0
N11	N11.HOG0000231	0	1	0	1	1	0	0	0	0	0	0	0	0	0	0
N11	N11.HOG0000233	0	0	0	1	0	0	0	0	0	0	0	0	1	0	0
N11	N11.HOG0000234	0	3	0	8	6	1	0	0	0	1	0	1	1	1	0
N11	N11.HOG0000235	0	4	0	0	0	0	0	0	0	0	0	0	0	0	0
N11	N11.HOG0000236	0	0	0	2	0	0	0	0	0	0	0	0	0	0	0
N11	N11.HOG0000240	0	1	0	0	1	0	0	0	0	0	0	0	0	0	0
N11	N11.HOG0000241	0	0	0	0	2	1	0	0	0	0	0	0	1	0	0
N11	N11.HOG0000242	0	0	0	0	0	0	0	0	0	1	1	1	0	0	0
N11	N11.HOG0000243	0	0	0	0	0	0	0	0	0	0	0	0	0	1	0
N11	N11.HOG0000245	0	0	0	0	1	0	0	0	0	0	0	0	0	1	0
N11	N11.HOG0000246	0	1	0	0	3	0	0	0	0	0	2	0	0	0	0
N11	N11.HOG0000247	0	0	0	0	0	0	1	1	0	0	0	0	0	0	0
N11	N11.HOG0000248	0	0	1	0	0	0	0	0	0	1	0	0	0	0	0
N11	N11.HOG0000249	0	0	0	0	1	1	0	0	0	0	0	0	0	0	0
N11	N11.HOG0000250	0	0	1	1	1	0	0	0	0	2	1	2	0	0	0
N11	N11.HOG0000251	0	7	0	2	21	2	0	0	0	0	0	0	0	0	0
N11	N11.HOG0000252	0	0	0	0	0	0	0	0	0	1	1	1	0	0	0
N11	N11.HOG0000253	0	1	0	1	0	0	0	0	0	0	0	0	0	0	0
N11	N11.HOG0000254	0	0	0	1	1	1	0	0	0	0	0	0	0	0	0
N11	N11.HOG0000255	0	0	0	4	2	2	0	0	0	0	1	1	0	0	0
N11	N11.HOG0000256	0	0	0	0	1	0	0	0	0	0	0	0	0	0	1
N11	N11.HOG0000257	0	2	0	0	0	0	0	0	0	0	0	0	0	1	0
N11	N11.HOG0000258	0	3	0	0	2	2	0	0	0	0	0	0	0	0	0
N11	N11.HOG0000259	0	6	0	1	0	0	0	0	0	0	0	0	0	0	0
N11	N11.HOG0000260	0	1	0	0	1	1	0	0	0	1	0	0	0	0	0
N11	N11.HOG0000261	0	1	0	3	2	3	0	0	0	1	0	1	0	0	0
N11	N11.HOG0000262	0	1	0	0	0	0	0	0	0	0	0	0	0	0	0
N11	N11.HOG0000263	0	4	0	0	1	0	0	0	0	0	0	0	0	0	0
N11	N11.HOG0000264	0	3	0	0	0	0	0	0	0	0	0	0	1	1	1
N11	N11.HOG0000265	0	1	0	0	2	0	0	0	0	0	0	0	0	0	0
N11	N11.HOG0000266	0	0	0	0	1	0	0	0	0	0	0	2	0	0	0
N11	N11.HOG0000267	0	0	0	0	1	0	0	0	0	0	0	0	0	0	0
N11	N11.HOG0000268	0	0	0	0	1	0	0	0	0	0	0	0	1	0	0
N11	N11.HOG0000269	0	0	0	0	0	0	0	0	0	0	0	0	0	1	0
N11	N11.HOG0000270	0	2	0	0	0	0	0	0	0	0	0	0	0	0	0
N11	N11.HOG0000271	0	4	1	0	2	0	0	0	0	0	0	0	0	0	0
N11	N11.HOG0000272	0	1	0	0	1	0	0	0	0	0	0	0	0	0	0
N11	N11.HOG0000273	0	2	0	0	1	0	0	0	0	0	0	0	0	0	0
N11	N11.HOG0000274	1	0	0	6	0	0	0	0	0	0	0	0	0	0	0
N11	N11.HOG0000275	0	1	0	0	0	0	0	0	0	0	0	0	0	0	0
N11	N11.HOG0000276	0	5	0	0	0	0	0	0	0	0	0	0	0	0	0
N11	N11.HOG0000277	0	0	0	5	0	0	0	0	0	0	0	0	0	0	0
N11	N11.HOG0000278	0	1	0	0	0	0	0	0	0	0	0	0	0	0	0
N11	N11.HOG0000279	0	0	0	0	1	1	0	0	0	2	0	4	0	0	0
N11	N11.HOG0000280	0	1	0	0	0	0	0	0	0	0	1	1	0	0	0
N11	N11.HOG0000281	0	2	2	5	0	3	0	1	0	0	0	3	0	0	0
N11	N11.HOG0000282	0	0	0	3	0	1	0	0	0	1	1	0	0	0	0
N11	N11.HOG0000283	0	0	1	2	0	1	0	0	0	1	2	1	0	1	0
N11	N11.HOG0000284	0	0	0	9	0	0	0	0	0	0	0	0	0	0	0
N11	N11.HOG0000285	0	0	0	4	0	0	0	0	0	0	0	0	0	0	0
N11	N11.HOG0000286	0	0	0	11	0	0	0	0	0	0	0	0	0	0	0
N11	N11.HOG0000287	0	1	0	2	0	0	0	0	0	1	0	0	0	0	0
N11	N11.HOG0000288	0	4	0	0	0	0	0	0	0	0	2	0	0	0	0
N11	N11.HOG0000289	0	0	0	0	0	0	0	0	0	1	0	0	0	0	0
N11	N11.HOG0000290	0	0	0	2	0	1	0	0	0	0	2	0	0	1	0
N11	N11.HOG0000291	0	0	0	0	0	0	0	0	0	0	0	1	0	0	0
N11	N11.HOG0000292	0	1	0	0	1	0	0	0	0	0	0	0	2	0	0
N11	N11.HOG0000293	0	0	0	0	1	0	0	0	0	0	0	0	0	0	0
N11	N11.HOG0000294	0	3	0	0	1	0	0	0	0	1	0	0	0	0	0
N11	N11.HOG0000295	0	3	0	0	0	0	0	0	0	1	0	0	1	1	0
N11	N11.HOG0000296	0	1	0	0	1	0	0	0	0	0	0	0	1	0	0
N11	N11.HOG0000298	0	0	0	0	2	0	0	0	0	0	0	0	0	0	0
N11	N11.HOG0000299	0	1	0	0	0	0	0	0	0	0	0	0	0	0	0
N11	N11.HOG0000300	0	1	0	0	0	0	0	0	0	0	0	0	0	0	0
N11	N11.HOG0000301	0	3	0	2	1	0	0	0	0	1	3	1	0	0	0
N11	N11.HOG0000302	0	0	0	0	2	0	0	0	0	0	0	0	0	0	0
N11	N11.HOG0000303	1	1	1	1	0	1	1	1	1	1	1	1	1	1	1
N11	N11.HOG0000304	1	1	1	1	1	1	1	1	1	1	1	1	1	1	1
N11	N11.HOG0000305	1	1	1	1	0	1	2	1	1	1	1	1	0	1	1
N11	N11.HOG0000306	1	1	1	1	0	1	1	1	1	1	0	1	1	1	1
N11	N11.HOG0000307	1	0	1	1	0	1	1	1	1	1	1	1	1	1	1
N11	N11.HOG0000308	1	0	0	0	0	0	0	0	0	0	0	0	0	0	0
N11	N11.HOG0000309	1	1	1	0	0	0	1	0	0	0	1	0	1	1	1
N11	N11.HOG0000310	0	0	0	0	0	0	0	0	0	0	0	0	1	2	0
N11	N11.HOG0000311	0	6	6	8	3	3	10	7	8	17	12	15	12	15	13
N11	N11.HOG0000312	0	1	1	1	1	1	1	1	1	1	1	1	1	1	1
N11	N11.HOG0000313	1	0	0	0	0	0	0	0	0	0	0	0	0	0	0
N11	N11.HOG0000314	1	4	21	24	4	8	1	1	1	2	2	4	1	4	2
N11	N11.HOG0000315	1	1	1	1	1	1	1	1	1	1	1	1	0	1	1
N11	N11.HOG0000316	0	0	0	0	0	0	1	0	0	0	0	0	0	0	0
N11	N11.HOG0000317	1	0	1	1	1	1	1	1	1	1	1	1	0	1	1
N11	N11.HOG0000318	1	1	1	0	1	0	1	0	0	0	1	0	1	1	1
N11	N11.HOG0000319	1	1	1	1	1	1	1	1	1	0	0	0	1	1	1
N11	N11.HOG0000320	0	1	0	1	1	1	0	1	1	1	2	0	0	1	1
N11	N11.HOG0000321	1	1	1	1	1	1	1	1	1	1	1	1	1	1	1
N11	N11.HOG0000322	1	1	1	0	1	1	1	1	1	1	1	1	1	1	1
N11	N11.HOG0000323	1	1	1	1	1	1	1	1	1	1	1	1	1	1	1
N11	N11.HOG0000324	1	0	0	0	0	0	1	0	0	0	1	1	0	1	0
N11	N11.HOG0000325	1	1	1	1	1	1	3	3	4	4	9	4	4	3	2
N11	N11.HOG0000326	1	1	1	1	1	1	1	1	1	1	1	1	1	1	1
N11	N11.HOG0000327	1	2	3	4	3	3	2	1	2	1	1	1	1	1	1
N11	N11.HOG0000328	1	1	1	1	1	1	1	1	1	1	1	1	1	1	1
N11	N11.HOG0000329	0	1	0	0	1	0	1	0	0	0	0	0	1	0	1
N11	N11.HOG0000330	0	0	0	0	1	0	0	0	0	0	0	0	0	0	0
N11	N11.HOG0000331	0	1	0	0	1	0	0	0	0	0	0	0	0	0	0
N11	N11.HOG0000332	0	1	0	0	0	0	0	0	0	0	0	0	0	0	0
N11	N11.HOG0000333	0	0	0	0	1	0	0	0	0	0	0	0	0	0	0
N11	N11.HOG0000334	0	0	0	0	1	0	0	0	0	0	0	0	0	0	0
N11	N11.HOG0000335	0	0	0	0	1	0	0	0	0	0	0	0	0	0	0
N11	N11.HOG0000336	0	0	0	0	1	0	0	0	0	0	0	0	0	0	0
N11	N11.HOG0000337	0	0	0	0	0	0	1	0	0	0	0	0	0	1	1
N11	N11.HOG0000338	0	2	0	0	1	0	0	0	0	0	0	0	1	0	0
N11	N11.HOG0000339	0	1	0	0	1	0	0	0	0	0	0	0	0	0	0
N11	N11.HOG0000340	0	0	1	1	0	1	0	1	1	1	1	1	0	0	0
N11	N11.HOG0000341	1	1	1	1	1	1	1	1	1	1	1	1	1	1	1
N11	N11.HOG0000342	1	1	1	1	0	1	1	1	1	1	1	1	1	1	1
N11	N11.HOG0000343	1	1	1	1	1	1	1	1	1	1	1	1	1	1	1
N11	N11.HOG0000344	1	1	1	1	1	1	1	1	1	1	1	1	1	1	1
N11	N11.HOG0000345	1	2	1	1	2	1	1	1	1	1	1	1	1	1	1
N11	N11.HOG0000346	1	1	1	1	1	1	1	1	1	1	1	1	1	1	0
N11	N11.HOG0000347	1	0	1	1	1	1	1	1	1	1	1	1	1	1	1
N11	N11.HOG0000348	0	1	0	0	0	0	0	0	0	0	0	0	0	0	0
N11	N11.HOG0000349	1	1	1	1	1	1	1	1	1	1	1	1	1	1	1
N11	N11.HOG0000350	1	1	1	1	1	1	1	0	0	1	1	1	0	0	0
N11	N11.HOG0000351	1	1	1	1	1	1	1	1	1	1	1	1	1	1	1
N11	N11.HOG0000352	0	0	0	0	1	0	0	0	0	0	0	0	0	0	1
N11	N11.HOG0000353	0	1	0	0	0	0	0	0	0	0	0	0	0	0	0
N11	N11.HOG0000354	0	1	0	0	0	0	0	0	0	0	0	0	0	0	0
N11	N11.HOG0000355	0	1	0	0	0	0	0	0	0	0	0	0	1	0	1
N11	N11.HOG0000356	0	1	0	0	1	0	0	0	0	0	0	0	0	0	0
N11	N11.HOG0000357	0	1	0	0	2	0	0	0	0	1	0	0	0	0	0
N11	N11.HOG0000358	0	0	0	0	0	0	2	0	0	0	0	0	0	0	0
N11	N11.HOG0000359	0	7	0	0	3	1	0	0	0	0	0	0	0	0	0
N11	N11.HOG0000360	1	0	0	0	0	0	0	0	0	0	0	0	0	0	0
N11	N11.HOG0000361	0	0	0	0	0	0	0	0	0	0	0	0	0	1	0
N11	N11.HOG0000362	0	0	0	0	0	0	0	0	0	1	0	0	0	0	0
N11	N11.HOG0000364	0	0	0	0	1	0	0	0	0	0	0	0	0	0	0
N11	N11.HOG0000366	0	0	0	0	0	0	0	0	0	0	0	0	2	1	0
N11	N11.HOG0000367	0	1	0	0	0	0	0	0	0	0	0	0	0	0	0
N11	N11.HOG0000368	1	0	0	0	0	0	0	0	0	0	0	0	0	0	0
N11	N11.HOG0000369	1	0	0	0	0	0	0	0	0	0	0	0	0	0	0
N11	N11.HOG0000370	0	0	0	0	1	0	0	0	0	0	0	0	0	0	0
N11	N11.HOG0000371	0	0	0	0	0	0	0	0	0	0	0	0	0	0	1
N11	N11.HOG0000372	1	0	0	0	0	0	0	0	0	0	0	0	0	0	0
N11	N11.HOG0000373	0	0	0	0	0	0	0	0	0	0	1	0	0	0	0
N11	N11.HOG0000374	1	0	0	0	0	0	0	0	0	0	0	0	0	0	0
N11	N11.HOG0000375	0	0	0	0	0	0	0	0	0	0	0	0	2	0	0
N11	N11.HOG0000376	0	0	0	0	0	0	0	0	0	0	0	0	1	1	1
N11	N11.HOG0000377	1	0	0	0	0	0	0	0	0	0	0	0	0	0	0
N11	N11.HOG0000378	1	0	0	0	0	0	0	0	0	0	0	0	0	0	0
N11	N11.HOG0000379	1	0	0	0	0	0	0	0	0	0	0	0	0	0	0
N11	N11.HOG0000380	0	0	0	1	0	0	0	0	0	0	0	0	0	0	0
N11	N11.HOG0000381	1	0	0	0	0	0	0	0	0	0	0	0	0	0	0
N11	N11.HOG0000382	0	0	0	0	2	0	0	0	0	0	0	0	0	0	0
N11	N11.HOG0000383	0	0	1	3	2	1	0	0	0	1	3	1	0	0	0
N11	N11.HOG0000387	0	0	0	0	0	0	0	0	0	0	0	0	0	0	1
N11	N11.HOG0000388	0	4	0	3	6	2	0	0	0	0	0	0	0	0	0
N11	N11.HOG0000389	0	0	0	0	0	0	0	0	0	0	1	0	0	0	0
N11	N11.HOG0000390	0	1	0	0	0	0	0	0	0	0	0	0	0	0	0
N11	N11.HOG0000391	1	0	0	0	0	0	0	0	0	0	0	0	0	0	0
N11	N11.HOG0000392	0	0	0	1	0	0	0	0	0	0	1	1	0	0	0
N11	N11.HOG0000396	0	4	0	1	3	2	0	0	0	0	0	0	0	0	0
N11	N11.HOG0000397	0	0	1	0	0	1	1	1	1	0	0	0	1	1	1
N11	N11.HOG0000398	1	1	2	1	1	1	1	1	0	1	0	0	1	1	1
N11	N11.HOG0000399	0	1	1	2	1	1	1	1	1	1	1	1	1	1	0
N11	N11.HOG0000400	0	2	0	4	2	1	0	0	0	0	0	0	0	0	0
N11	N11.HOG0000401	0	0	0	0	2	2	0	0	0	0	0	0	0	0	0
N11	N11.HOG0000402	0	2	0	0	0	0	0	0	0	0	0	0	0	1	0
N11	N11.HOG0000403	0	1	0	0	1	1	0	0	0	0	0	0	0	0	0
N11	N11.HOG0000404	0	10	0	1	4	1	0	0	0	0	0	0	0	0	0
N11	N11.HOG0000405	0	2	1	1	1	1	2	2	2	2	1	2	1	1	2
N11	N11.HOG0000406	0	2	1	0	1	2	0	0	0	0	0	0	0	0	0
N11	N11.HOG0000407	0	2	1	0	2	1	0	0	0	0	0	0	0	0	0
N11	N11.HOG0000408	0	0	0	1	0	0	0	0	0	0	0	0	0	1	0
N11	N11.HOG0000409	1	1	0	0	1	0	0	0	0	1	0	1	0	0	1
N11	N11.HOG0000410	1	0	0	0	0	0	0	0	0	0	0	0	0	0	0
N11	N11.HOG0000411	0	1	1	1	1	1	1	1	1	1	1	1	1	1	0
N11	N11.HOG0000412	1	0	0	0	0	0	0	0	0	0	0	0	0	0	0
N11	N11.HOG0000413	1	1	0	1	1	1	1	1	1	1	1	1	1	1	1
N11	N11.HOG0000414	1	1	1	1	1	1	1	1	1	1	0	1	1	1	1
N11	N11.HOG0000415	1	2	2	2	2	2	1	1	1	1	1	1	1	1	1
N11	N11.HOG0000416	1	0	1	0	0	1	1	1	1	1	1	1	1	1	1
N11	N11.HOG0000417	1	2	1	1	1	1	1	1	0	0	0	0	1	1	1
N11	N11.HOG0000418	0	1	1	1	1	1	1	1	1	1	1	1	1	1	1
N11	N11.HOG0000419	0	2	2	1	2	1	2	2	2	2	1	1	1	1	2
N11	N11.HOG0000420	1	3	2	1	3	2	6	2	3	2	3	2	2	3	2
N11	N11.HOG0000421	0	1	1	1	1	0	1	0	1	1	1	1	1	0	1
N11	N11.HOG0000422	1	1	1	1	1	1	1	1	0	1	1	0	1	1	1
N11	N11.HOG0000423	0	1	0	0	0	0	0	0	0	0	0	0	0	0	0
N11	N11.HOG0000424	0	0	0	0	1	0	0	0	0	0	0	0	0	0	0
N11	N11.HOG0000426	0	0	0	0	1	0	0	0	0	0	0	0	0	0	0
N11	N11.HOG0000427	0	0	0	0	1	0	0	0	0	0	0	0	0	0	0
N11	N11.HOG0000428	0	1	0	0	0	0	0	0	0	0	0	0	0	0	0
N11	N11.HOG0000429	0	0	0	0	1	0	0	0	0	0	0	0	0	0	0
N11	N11.HOG0000430	0	0	0	1	0	0	0	0	0	0	0	0	0	0	0
N11	N11.HOG0000431	0	1	0	0	0	0	0	0	0	0	0	0	0	0	0
N11	N11.HOG0000434	1	2	2	2	2	2	2	1	1	1	1	1	0	1	1
N11	N11.HOG0000435	0	0	1	1	1	1	0	1	1	1	1	1	1	1	1
N11	N11.HOG0000436	1	1	1	1	1	1	2	1	2	1	1	1	1	1	1
N11	N11.HOG0000437	2	4	3	2	2	2	2	2	2	3	3	3	2	3	2
N11	N11.HOG0000438	1	1	1	1	1	1	1	1	1	1	1	1	1	1	0
N11	N11.HOG0000439	1	0	0	1	1	1	1	1	1	1	1	1	1	1	1
N11	N11.HOG0000440	0	0	1	1	1	1	1	1	1	1	1	1	1	1	1
N11	N11.HOG0000441	0	1	1	1	1	1	1	1	1	1	1	1	1	1	1
N11	N11.HOG0000442	0	1	1	1	0	2	1	1	1	1	1	1	1	1	1
N11	N11.HOG0000443	0	1	1	1	1	1	0	1	1	1	1	1	0	0	0
N11	N11.HOG0000444	0	0	1	1	1	1	1	1	1	1	1	1	1	1	1
N11	N11.HOG0000445	0	0	1	1	2	1	1	1	1	1	1	1	1	1	1
N11	N11.HOG0000446	0	0	1	1	1	1	1	1	1	1	1	1	1	1	1
N11	N11.HOG0000447	0	0	1	0	0	0	1	0	0	1	1	1	1	1	1
N11	N11.HOG0000448	1	0	0	0	0	0	0	0	0	0	0	0	0	0	0
N11	N11.HOG0000449	1	2	2	2	2	2	7	7	6	4	4	4	4	6	5
N11	N11.HOG0000450	1	1	1	0	1	1	1	0	0	1	1	1	1	1	1
N11	N11.HOG0000451	1	2	1	1	3	1	2	1	1	1	1	1	1	1	1
N11	N11.HOG0000452	0	1	1	1	1	1	1	1	1	1	1	1	0	1	1
N11	N11.HOG0000453	1	1	1	1	2	1	1	1	1	1	1	1	1	1	1
N11	N11.HOG0000454	0	1	1	1	1	1	1	1	1	1	1	1	1	1	0
N11	N11.HOG0000455	1	1	1	1	2	1	1	1	1	1	1	1	1	1	1
N11	N11.HOG0000456	1	1	1	1	1	1	1	1	1	1	1	1	0	1	1
N11	N11.HOG0000457	1	0	1	1	0	1	1	1	1	1	1	1	1	1	1
N11	N11.HOG0000458	0	1	0	0	1	0	0	0	0	0	0	0	0	0	0
N11	N11.HOG0000459	0	1	0	0	1	0	0	0	0	0	0	0	0	0	0
N11	N11.HOG0000460	1	0	0	0	0	0	0	0	0	0	0	0	0	0	0
N11	N11.HOG0000461	0	1	0	0	2	0	0	0	0	0	0	0	1	0	1
N11	N11.HOG0000462	0	1	1	1	2	1	1	1	1	1	1	1	0	0	0
N11	N11.HOG0000463	0	0	0	0	0	0	0	0	0	0	0	0	1	0	0
N11	N11.HOG0000464	0	0	0	0	1	0	0	0	0	0	0	0	0	0	1
N11	N11.HOG0000465	1	1	1	2	2	1	1	1	1	1	1	1	1	1	0
N11	N11.HOG0000466	0	0	0	0	1	0	0	0	0	0	0	0	0	0	0
N11	N11.HOG0000467	1	2	1	1	1	1	1	1	1	1	1	1	1	1	2
N11	N11.HOG0000468	1	1	1	1	2	1	1	1	1	1	1	1	1	1	1
N11	N11.HOG0000469	1	1	1	1	1	1	1	1	1	1	1	1	1	1	1
N11	N11.HOG0000470	0	1	1	1	1	1	1	1	0	0	0	0	1	1	1
N11	N11.HOG0000471	1	1	1	1	1	1	2	2	1	3	3	3	2	3	3
N11	N11.HOG0000472	0	1	0	0	1	0	0	0	0	0	0	0	0	0	0
N11	N11.HOG0000473	1	2	1	1	1	1	1	1	1	1	1	1	1	1	1
N11	N11.HOG0000474	1	1	1	1	1	1	1	1	1	1	1	1	1	1	1
N11	N11.HOG0000475	1	0	0	0	0	0	1	1	1	1	1	1	0	0	0
N11	N11.HOG0000476	1	4	3	5	3	3	1	1	1	1	1	1	1	1	1
N11	N11.HOG0000477	1	0	0	0	0	0	1	1	1	0	1	0	2	0	0
N11	N11.HOG0000478	0	0	0	1	0	0	0	0	0	0	0	0	0	0	0
N11	N11.HOG0000480	0	0	0	1	0	0	0	0	0	0	0	0	0	0	0
N11	N11.HOG0000481	0	0	0	0	0	0	0	0	0	0	0	0	0	1	0
N11	N11.HOG0000483	0	0	0	7	0	0	0	0	0	0	0	0	0	0	0
N11	N11.HOG0000485	0	0	0	3	0	0	0	0	0	0	0	0	0	0	0
N11	N11.HOG0000487	0	0	0	0	1	0	0	0	0	1	0	0	0	0	0
N11	N11.HOG0000488	1	0	0	0	0	0	0	0	0	0	0	0	0	0	0
N11	N11.HOG0000489	2	0	0	0	0	0	0	0	0	0	0	0	0	0	0
N11	N11.HOG0000490	0	0	0	0	0	0	1	0	0	0	0	0	0	0	0
N11	N11.HOG0000491	0	0	0	0	0	1	0	0	0	0	0	0	0	0	0
N11	N11.HOG0000492	0	0	0	0	1	0	0	0	0	0	0	0	0	0	0
N11	N11.HOG0000493	0	0	0	0	0	0	0	0	0	0	1	1	0	0	0
N11	N11.HOG0000494	0	0	0	0	0	0	1	0	0	0	0	0	0	0	0
N11	N11.HOG0000495	0	2	1	1	1	1	1	1	1	1	1	1	1	1	1
N11	N11.HOG0000496	0	4	2	0	4	3	2	3	3	4	4	8	1	1	1
N11	N11.HOG0000497	0	2	2	1	2	0	2	2	2	2	2	2	3	2	1
N11	N11.HOG0000498	2	7	4	7	8	3	3	8	8	7	15	18	8	3	5
N11	N11.HOG0000499	1	1	1	1	1	1	1	0	0	0	0	1	0	0	0
N11	N11.HOG0000500	1	1	1	1	1	1	1	1	1	1	1	1	1	1	1
N11	N11.HOG0000501	1	1	1	1	1	1	1	1	1	1	1	1	1	1	0
N11	N11.HOG0000502	0	1	1	1	1	1	1	1	1	0	1	1	0	0	0
N11	N11.HOG0000503	2	1	1	0	0	0	1	1	1	1	1	1	1	1	1
N11	N11.HOG0000504	1	0	0	0	0	0	1	1	1	1	1	1	1	1	1
N11	N11.HOG0000505	0	0	0	1	1	0	1	1	1	0	1	1	1	1	0
N11	N11.HOG0000506	2	1	0	1	1	1	1	1	1	1	1	1	1	1	1
N11	N11.HOG0000507	1	0	1	0	1	1	1	1	0	0	0	0	1	1	1
N11	N11.HOG0000508	1	1	1	0	0	0	1	1	1	0	0	0	1	1	0
N11	N11.HOG0000509	0	1	1	1	1	1	1	1	1	1	1	1	1	1	1
N11	N11.HOG0000510	11	1	1	1	1	1	1	1	1	1	1	1	1	1	1
N11	N11.HOG0000511	0	0	0	0	1	0	0	0	0	0	0	0	0	0	0
N11	N11.HOG0000512	0	1	2	4	2	1	33	13	21	15	16	17	24	32	12
N11	N11.HOG0000513	0	0	0	0	0	0	0	0	0	0	0	0	0	1	0
N11	N11.HOG0000514	0	0	0	0	0	0	0	0	0	0	1	0	0	0	0
N11	N11.HOG0000515	0	19	12	54	19	13	4	2	2	3	3	3	6	4	3
N11	N11.HOG0000516	3	0	0	0	0	0	0	0	0	0	0	0	0	0	0
N11	N11.HOG0000519	1	0	0	0	0	0	0	0	0	0	0	0	0	0	0
N11	N11.HOG0000520	1	0	0	0	0	0	0	0	0	0	0	0	0	0	0
N11	N11.HOG0000522	1	0	0	0	0	0	0	0	0	0	0	0	0	0	0
N11	N11.HOG0000523	0	0	0	3	2	2	0	0	0	0	0	0	0	0	0
N11	N11.HOG0000524	0	0	0	0	0	0	0	0	0	0	0	0	1	0	0
N11	N11.HOG0000525	1	0	0	0	0	0	0	0	0	0	0	0	0	0	0
N11	N11.HOG0000526	3	11	24	31	18	16	11	9	10	8	12	14	7	10	5
N11	N11.HOG0000527	0	1	0	0	0	0	0	0	0	0	0	0	0	0	0
N11	N11.HOG0000528	0	1	1	1	1	1	1	1	1	1	1	0	1	1	1
N11	N11.HOG0000529	0	0	0	1	0	0	1	0	0	1	3	6	3	3	4
N11	N11.HOG0000530	1	1	1	0	0	0	1	1	1	2	2	1	2	3	2
N11	N11.HOG0000531	0	5	0	0	4	0	0	0	0	0	0	0	0	0	0
N11	N11.HOG0000532	0	0	0	0	3	0	0	0	0	0	0	0	0	0	0
N11	N11.HOG0000533	0	0	0	0	2	0	0	0	0	0	0	0	0	0	0
N11	N11.HOG0000534	0	1	0	0	0	0	0	0	0	0	0	0	0	0	0
N11	N11.HOG0000536	0	1	0	0	0	0	0	0	0	0	0	0	0	0	0
N11	N11.HOG0000537	0	1	0	0	0	0	0	0	0	0	0	0	0	0	0
N11	N11.HOG0000538	0	3	0	0	2	0	0	0	0	0	0	0	0	0	0
N11	N11.HOG0000539	0	1	0	0	0	0	0	0	0	0	0	0	0	0	0
N11	N11.HOG0000540	0	2	0	0	0	0	0	0	0	0	0	0	0	0	0
N11	N11.HOG0000541	1	0	0	0	0	0	0	0	0	0	0	0	0	0	0
N11	N11.HOG0000542	0	1	0	0	1	0	0	0	0	0	0	0	0	0	0
N11	N11.HOG0000543	0	6	0	1	4	0	0	0	0	0	0	0	0	0	0
N11	N11.HOG0000544	0	6	0	0	2	0	0	0	0	0	0	0	0	0	0
N11	N11.HOG0000545	0	1	0	0	1	0	0	0	0	0	0	0	0	0	0
N11	N11.HOG0000546	0	3	0	0	0	0	0	0	0	0	0	0	0	0	0
N11	N11.HOG0000547	0	1	0	0	2	1	0	0	0	6	1	1	0	0	0
N11	N11.HOG0000548	0	1	0	0	0	0	0	0	0	0	0	0	0	0	0
N11	N11.HOG0000549	0	1	0	0	0	0	0	0	0	0	0	0	0	0	0
N11	N11.HOG0000550	0	1	0	0	0	0	0	0	0	0	0	0	0	0	0
N11	N11.HOG0000551	0	1	0	0	0	0	0	0	0	0	0	0	0	0	0
N11	N11.HOG0000552	0	1	0	0	0	0	0	0	0	0	0	0	0	0	0
N11	N11.HOG0000554	0	0	0	0	1	0	0	0	0	0	0	0	0	0	0
N11	N11.HOG0000555	1	0	0	0	1	0	0	0	0	0	0	0	0	0	0
N11	N11.HOG0000556	0	0	0	0	1	0	0	0	0	0	0	0	0	0	0
N11	N11.HOG0000557	0	1	0	0	0	0	0	0	0	0	0	0	0	0	0
N11	N11.HOG0000558	0	1	0	0	0	0	0	0	0	0	0	0	0	0	0
N11	N11.HOG0000559	0	2	0	0	0	0	0	0	0	0	0	0	0	0	0
N11	N11.HOG0000560	0	1	0	0	0	0	0	0	0	0	0	0	0	0	0
N11	N11.HOG0000561	0	1	0	0	0	0	0	0	0	0	0	0	0	0	0
N11	N11.HOG0000562	0	0	0	7	2	0	0	0	0	0	0	0	0	0	0
N11	N11.HOG0000563	0	0	0	0	1	0	0	0	0	0	0	0	0	0	0
N11	N11.HOG0000564	0	0	0	0	0	0	0	0	0	0	0	0	0	0	2
N11	N11.HOG0000565	0	1	0	0	0	0	0	0	0	0	0	0	0	0	0
N11	N11.HOG0000566	1	0	0	0	0	0	0	0	0	0	0	0	0	0	0
N11	N11.HOG0000567	0	1	0	0	0	0	0	0	0	0	0	0	0	0	0
N11	N11.HOG0000568	0	1	0	0	0	0	0	0	0	0	0	0	0	0	0
N11	N11.HOG0000569	0	2	0	0	1	0	0	0	0	0	0	0	0	0	0
N11	N11.HOG0000570	0	1	0	0	0	0	0	0	0	0	0	0	0	0	0
N11	N11.HOG0000571	0	4	0	0	0	0	0	0	0	0	0	0	0	0	0
N11	N11.HOG0000572	0	1	0	0	1	0	0	0	0	0	0	0	0	0	0
N11	N11.HOG0000573	1	2	1	1	1	1	1	1	1	1	1	1	1	1	1
N11	N11.HOG0000574	0	0	0	0	1	0	0	0	0	0	0	0	0	0	0
N11	N11.HOG0000575	1	1	1	2	1	1	1	1	1	1	1	1	0	1	0
N11	N11.HOG0000576	0	1	0	0	1	0	0	0	0	0	0	0	0	0	0
N11	N11.HOG0000577	1	1	1	1	1	1	1	1	1	1	1	1	1	1	1
N11	N11.HOG0000578	1	1	1	1	1	1	1	1	1	1	1	1	1	1	1
N11	N11.HOG0000579	1	1	1	1	4	1	1	0	0	1	1	1	1	1	1
N11	N11.HOG0000580	0	1	0	1	1	1	1	1	1	1	1	1	1	1	1
N11	N11.HOG0000581	1	1	1	1	1	1	1	1	1	1	1	1	1	1	1
N11	N11.HOG0000582	1	1	1	1	1	1	1	1	1	1	1	1	1	1	1
N11	N11.HOG0000583	1	1	1	1	1	1	1	1	1	1	1	1	1	1	1
N11	N11.HOG0000584	1	1	1	1	1	1	1	1	1	1	1	1	1	1	1
N11	N11.HOG0000585	1	0	0	0	0	0	2	1	1	1	1	1	0	0	0
N11	N11.HOG0000586	1	2	1	2	2	0	2	2	2	1	2	0	2	2	0
N11	N11.HOG0000587	1	2	2	3	2	0	3	3	3	3	1	1	4	3	1
N11	N11.HOG0000588	1	1	1	1	1	1	0	0	0	1	1	1	0	0	0
N11	N11.HOG0000589	1	1	1	1	1	1	2	1	1	1	1	1	1	1	1
N11	N11.HOG0000590	2	0	0	6	0	2	4	1	3	5	3	3	4	4	3
N11	N11.HOG0000591	1	1	1	1	0	0	1	1	1	1	1	1	1	1	0
N11	N11.HOG0000592	1	1	0	1	0	0	1	1	1	1	1	0	1	2	0
N11	N11.HOG0000593	0	1	1	1	1	1	1	1	1	1	1	1	1	1	0
N11	N11.HOG0000594	0	1	1	2	2	0	1	1	1	1	1	1	1	1	0
N11	N11.HOG0000595	2	0	0	0	0	0	0	0	0	0	0	0	0	0	0
N11	N11.HOG0000596	0	0	0	0	0	0	0	1	0	0	0	0	1	0	0
N11	N11.HOG0000597	1	0	0	0	0	0	0	0	0	0	0	0	0	0	0
N11	N11.HOG0000598	0	1	3	1	0	0	0	0	1	0	0	0	1	0	0
N11	N11.HOG0000600	1	0	0	0	0	0	0	0	0	0	0	0	0	0	0
N11	N11.HOG0000601	1	0	0	0	0	0	0	0	0	0	0	0	0	0	0
N11	N11.HOG0000602	1	0	0	0	0	0	0	0	0	0	0	0	0	0	0
N11	N11.HOG0000603	1	0	0	0	1	0	1	1	1	1	1	1	1	1	0
N11	N11.HOG0000604	0	2	0	0	0	0	1	0	0	0	0	0	0	0	0
N11	N11.HOG0000605	1	2	1	2	3	1	1	1	1	1	1	1	1	1	1
N11	N11.HOG0000606	1	0	0	0	0	0	1	1	1	1	1	1	0	1	1
N11	N11.HOG0000607	0	1	1	1	1	1	0	0	0	0	0	0	0	0	0
N11	N11.HOG0000608	1	1	1	1	1	1	1	1	1	1	1	1	1	1	1
N11	N11.HOG0000609	1	1	1	1	2	1	1	1	1	1	0	0	1	1	1
N11	N11.HOG0000610	0	0	1	0	0	1	1	1	1	1	1	1	1	1	0
N11	N11.HOG0000611	1	1	0	1	1	0	0	0	0	0	0	0	0	0	0
N11	N11.HOG0000612	0	1	0	0	1	0	1	0	0	0	0	0	1	0	1
N11	N11.HOG0000613	1	1	1	1	1	1	1	1	1	1	1	1	1	1	0
N11	N11.HOG0000614	0	1	0	0	0	0	0	0	0	0	0	0	0	0	0
N11	N11.HOG0000615	1	1	1	1	1	1	1	1	1	1	1	1	1	1	1
N11	N11.HOG0000616	0	1	0	1	1	0	1	0	0	0	1	0	1	1	0
N11	N11.HOG0000617	0	0	0	0	0	0	0	0	0	0	0	0	1	0	0
N11	N11.HOG0000618	1	0	1	1	0	1	1	1	1	1	1	1	1	2	1
N11	N11.HOG0000619	1	1	1	1	1	1	1	1	1	1	1	1	1	2	1
N11	N11.HOG0000620	1	2	1	1	1	1	1	1	1	1	1	1	1	1	1
N11	N11.HOG0000621	1	1	1	0	0	1	1	0	0	0	0	0	0	1	0
N11	N11.HOG0000622	1	0	1	1	1	1	1	1	1	1	1	1	0	1	1
N11	N11.HOG0000623	1	2	1	1	1	1	1	1	1	1	1	1	1	1	1
N11	N11.HOG0000624	0	1	1	1	1	1	1	1	1	1	1	1	0	1	1
N11	N11.HOG0000625	1	1	1	1	0	1	1	1	1	1	1	1	1	1	1
N11	N11.HOG0000626	1	2	1	2	2	2	2	2	2	2	2	2	1	0	0
N11	N11.HOG0000627	1	0	0	0	0	0	1	0	0	1	1	1	0	1	1
N11	N11.HOG0000628	1	1	1	1	1	0	1	1	1	1	0	1	1	1	1
N11	N11.HOG0000629	0	0	1	1	1	1	1	1	1	1	1	1	1	0	1
N11	N11.HOG0000630	1	0	0	1	1	1	1	1	0	1	1	0	1	0	1
N11	N11.HOG0000631	1	1	1	1	1	1	1	1	1	1	0	1	1	1	1
N11	N11.HOG0000632	1	1	1	1	1	1	1	1	1	0	0	1	1	2	1
N11	N11.HOG0000633	0	1	1	1	0	1	1	0	0	0	1	1	1	1	1
N11	N11.HOG0000634	0	1	1	1	1	1	1	1	1	0	1	1	2	2	1
N11	N11.HOG0000635	0	1	1	1	1	1	1	1	1	1	2	1	2	0	0
N11	N11.HOG0000636	0	1	1	1	0	1	1	0	1	0	1	1	0	0	0
N11	N11.HOG0000637	1	2	1	1	1	1	1	1	1	1	1	1	1	1	1
N11	N11.HOG0000638	1	1	0	0	0	0	0	0	0	0	0	0	0	0	0
N11	N11.HOG0000639	1	1	0	0	1	0	1	0	0	0	0	0	1	0	0
N11	N11.HOG0000640	0	2	1	1	1	1	1	1	1	1	1	1	1	1	1
N11	N11.HOG0000641	1	0	0	0	0	0	0	0	0	0	0	0	0	0	0
N11	N11.HOG0000642	1	2	1	1	1	1	1	1	1	1	1	1	1	1	1
N11	N11.HOG0000643	1	1	1	1	1	1	1	1	1	1	1	1	1	1	1
N11	N11.HOG0000644	0	1	1	1	3	1	1	1	1	1	1	1	1	1	1
N11	N11.HOG0000645	0	1	0	0	0	0	0	0	0	0	0	0	0	0	0
N11	N11.HOG0000646	0	1	0	0	1	0	0	0	0	0	0	0	0	0	0
N11	N11.HOG0000647	1	3	1	2	2	1	1	1	1	1	1	1	1	1	2
N11	N11.HOG0000648	1	1	1	1	1	1	1	1	1	1	1	1	1	1	1
N11	N11.HOG0000649	1	1	1	1	1	1	2	1	1	1	1	1	1	1	1
N11	N11.HOG0000650	1	1	1	1	1	1	1	1	1	1	1	1	1	1	1
N11	N11.HOG0000651	1	1	1	1	1	1	1	1	1	1	1	0	1	1	1
N11	N11.HOG0000652	1	1	1	1	1	1	1	1	1	1	1	1	1	1	1
N11	N11.HOG0000653	1	0	1	1	1	1	1	1	1	1	1	1	1	1	1
N11	N11.HOG0000654	1	0	1	1	1	1	1	1	1	1	1	1	0	1	0
N11	N11.HOG0000655	1	0	1	1	1	1	1	1	1	1	1	1	1	1	0
N11	N11.HOG0000656	0	0	1	1	1	1	1	1	1	1	1	1	0	1	1
N11	N11.HOG0000657	1	0	1	1	1	1	1	1	1	1	1	1	1	0	0
N11	N11.HOG0000658	1	2	1	1	1	1	1	1	1	1	1	1	1	1	1
N11	N11.HOG0000659	1	1	1	1	1	1	1	1	1	1	1	1	1	1	1
N11	N11.HOG0000660	1	0	1	1	1	1	1	1	1	1	1	1	1	1	1
N11	N11.HOG0000661	1	1	1	1	1	1	1	1	1	1	1	1	1	1	1
N11	N11.HOG0000662	1	1	0	1	1	0	3	3	4	1	2	1	2	2	2
N11	N11.HOG0000663	1	0	1	1	1	1	1	1	1	1	1	1	1	1	1
N11	N11.HOG0000664	1	0	0	1	1	1	1	1	1	1	1	1	1	1	1
N11	N11.HOG0000665	1	0	1	1	1	1	1	1	1	1	1	1	1	1	1
N11	N11.HOG0000666	0	1	0	0	2	0	0	0	0	0	0	0	0	0	0
N11	N11.HOG0000669	0	0	0	1	0	0	0	0	0	0	0	0	0	0	0
N11	N11.HOG0000670	0	0	0	14	0	0	0	0	0	0	0	0	0	0	0
N11	N11.HOG0000671	0	0	0	3	0	0	0	0	0	0	0	0	0	0	0
N11	N11.HOG0000673	0	10	0	31	4	24	0	0	0	0	0	0	0	0	0
N11	N11.HOG0000675	1	0	0	0	0	0	0	0	0	0	0	0	0	0	0
N11	N11.HOG0000676	0	0	0	0	1	0	0	0	0	0	0	1	0	0	0
N11	N11.HOG0000677	0	0	0	0	1	0	0	0	0	0	0	0	0	0	0
N11	N11.HOG0000678	0	1	0	0	0	0	0	0	0	0	0	0	0	0	0
N11	N11.HOG0000679	1	1	0	1	1	1	1	1	1	1	1	1	1	1	1
N11	N11.HOG0000680	1	6	4	4	4	3	1	6	6	6	9	5	1	1	2
N11	N11.HOG0000681	0	2	0	0	1	0	0	0	0	0	0	0	0	0	0
N11	N11.HOG0000682	0	2	1	1	1	1	1	1	1	1	1	1	1	0	1
N11	N11.HOG0000683	0	0	0	0	1	0	0	0	0	0	0	0	0	1	1
N11	N11.HOG0000684	0	1	0	0	0	0	0	0	0	0	0	0	0	0	0
N11	N11.HOG0000685	0	0	0	0	0	0	1	0	0	0	0	0	0	0	0
N11	N11.HOG0000686	0	8	0	0	1	0	0	0	0	0	0	0	0	0	0
N11	N11.HOG0000687	0	0	0	0	0	0	1	0	0	1	0	0	1	0	0
N11	N11.HOG0000688	0	0	0	0	0	0	1	0	0	0	0	0	0	1	0
N11	N11.HOG0000689	0	11	0	0	25	3	0	0	0	0	0	0	0	0	0
N11	N11.HOG0000690	0	3	0	0	0	0	0	0	0	0	0	0	0	0	0
N11	N11.HOG0000691	0	0	0	0	0	0	0	0	0	0	0	0	0	2	0
N11	N11.HOG0000692	2	0	0	0	0	0	0	0	0	0	0	0	0	0	0
N11	N11.HOG0000693	0	0	0	0	0	0	0	0	0	0	0	0	0	0	1
N11	N11.HOG0000694	0	0	0	0	0	0	0	0	0	0	0	0	0	0	1
N11	N11.HOG0000695	0	0	0	0	0	0	0	0	0	0	0	0	1	0	0
N11	N11.HOG0000696	0	0	0	0	0	0	1	0	0	0	0	0	0	0	0
N11	N11.HOG0000697	0	0	0	0	1	0	0	0	0	0	0	0	0	0	0
N11	N11.HOG0000698	0	0	0	0	0	0	0	0	0	0	0	0	0	1	0
N11	N11.HOG0000699	1	0	0	0	0	0	0	0	0	0	0	0	0	0	0
N11	N11.HOG0000700	0	0	0	0	0	0	0	0	0	0	0	0	0	0	1
N11	N11.HOG0000701	0	0	0	0	0	0	0	0	0	0	0	0	0	1	0
N11	N11.HOG0000705	0	5	0	1	1	0	0	0	0	0	0	0	0	0	0
N11	N11.HOG0000706	0	1	0	0	1	0	0	0	0	0	0	0	0	0	0
N11	N11.HOG0000707	0	0	0	0	3	0	0	0	0	0	0	0	0	0	0
N11	N11.HOG0000708	0	4	0	0	0	0	0	0	0	0	0	0	0	0	0
N11	N11.HOG0000709	1	1	1	1	1	1	1	1	1	1	1	1	1	1	1
N11	N11.HOG0000710	1	1	1	1	0	1	1	1	1	1	1	1	1	1	1
N11	N11.HOG0000711	1	1	1	1	1	1	1	1	1	1	1	1	1	1	1
N11	N11.HOG0000712	1	1	1	1	1	0	1	1	1	1	1	1	1	1	1
N11	N11.HOG0000713	0	1	1	1	1	1	1	1	1	1	1	1	1	2	1
N11	N11.HOG0000714	1	1	2	2	2	2	2	3	4	4	4	3	3	2	2
N11	N11.HOG0000715	0	1	0	0	0	0	1	0	0	0	0	0	0	0	0
N11	N11.HOG0000716	0	1	1	1	0	1	1	1	1	1	1	1	0	0	0
N11	N11.HOG0000717	1	1	2	1	1	1	1	1	1	1	1	1	1	1	2
N11	N11.HOG0000718	2	1	3	2	3	3	3	2	2	1	3	3	3	4	3
N11	N11.HOG0000719	1	1	0	0	0	0	0	0	0	1	0	0	1	2	1
N11	N11.HOG0000720	1	1	1	1	1	1	1	1	1	0	1	1	1	1	0
N11	N11.HOG0000721	0	0	0	0	1	0	0	0	0	0	0	0	0	0	0
N11	N11.HOG0000722	0	0	0	0	0	0	0	0	0	1	0	0	0	0	0
N11	N11.HOG0000723	0	0	0	0	0	0	0	0	0	0	0	1	0	0	0
N11	N11.HOG0000724	0	0	0	0	0	0	0	0	0	0	1	1	0	0	0
N11	N11.HOG0000725	0	0	0	0	0	0	0	0	0	0	2	1	0	0	0
N11	N11.HOG0000726	0	0	0	0	0	0	0	0	0	1	0	0	0	0	0
N11	N11.HOG0000727	1	0	0	0	0	0	0	0	0	0	0	0	0	0	0
N11	N11.HOG0000728	0	0	1	0	0	0	0	0	0	0	0	0	0	0	0
N11	N11.HOG0000729	0	0	0	0	0	0	0	0	0	1	2	0	0	0	0
N11	N11.HOG0000730	0	0	0	0	0	0	0	0	0	2	0	0	0	0	0
N11	N11.HOG0000731	0	0	0	0	0	0	0	0	0	0	0	0	0	0	1
N11	N11.HOG0000732	0	1	0	0	0	0	0	0	0	0	0	0	0	1	1
N11	N11.HOG0000733	0	0	0	0	0	0	0	0	0	0	1	0	0	0	0
N11	N11.HOG0000734	0	1	0	0	1	0	0	0	0	0	0	0	0	0	0
N11	N11.HOG0000735	0	0	0	0	0	0	1	0	0	1	0	0	0	0	0
N11	N11.HOG0000736	0	0	0	1	0	0	0	0	0	0	0	0	0	0	0
N11	N11.HOG0000737	0	0	4	0	0	0	0	0	0	0	0	0	0	0	0
N11	N11.HOG0000738	0	0	1	0	0	0	0	0	0	0	1	0	0	0	0
N11	N11.HOG0000739	0	0	2	0	0	0	0	0	0	0	2	0	0	0	0
N11	N11.HOG0000740	0	0	0	2	0	2	0	0	0	0	0	0	0	0	0
N11	N11.HOG0000741	1	0	0	0	0	0	0	0	0	0	0	0	0	1	0
N11	N11.HOG0000742	0	0	0	4	0	2	0	0	0	0	0	0	0	0	0
N11	N11.HOG0000743	1	0	0	0	0	0	0	0	0	0	0	0	0	0	0
N11	N11.HOG0000744	1	0	0	0	0	0	0	0	0	0	0	0	0	0	0
N11	N11.HOG0000746	0	0	0	3	4	0	0	0	0	0	0	0	0	0	0
N11	N11.HOG0000747	0	0	0	0	0	0	0	0	0	0	0	0	0	0	2
N11	N11.HOG0000748	0	1	0	5	9	0	0	0	0	0	0	0	0	0	0
N11	N11.HOG0000749	1	0	0	0	0	0	0	0	0	0	0	0	0	0	0
N11	N11.HOG0000750	1	0	0	0	0	0	0	0	0	0	0	0	0	0	0
N11	N11.HOG0000751	0	0	0	0	0	0	0	0	0	0	0	0	1	0	0
N11	N11.HOG0000752	0	0	0	1	0	0	0	0	0	0	0	0	0	0	0
N11	N11.HOG0000753	0	1	0	0	0	0	0	0	0	0	0	0	0	0	0
N11	N11.HOG0000754	0	0	0	0	0	0	0	0	0	0	0	1	0	0	0
N11	N11.HOG0000755	2	0	0	0	0	0	0	0	0	0	0	0	0	0	0
N11	N11.HOG0000757	0	0	0	0	1	0	0	0	0	0	0	0	0	0	0
N11	N11.HOG0000758	1	0	0	0	0	0	0	0	0	0	0	0	0	0	0
N11	N11.HOG0000759	0	0	0	0	0	0	0	0	0	0	0	0	1	0	0
N11	N11.HOG0000760	0	1	0	0	0	0	0	0	0	0	0	0	0	0	0
N11	N11.HOG0000761	0	0	0	0	0	0	0	0	0	0	0	0	0	1	0
N11	N11.HOG0000762	1	0	0	0	1	0	0	0	0	0	0	0	0	0	0
N11	N11.HOG0000763	1	0	0	0	0	0	0	0	0	0	0	0	0	0	0
N11	N11.HOG0000764	1	0	0	0	0	0	0	0	0	0	0	0	0	0	0
N11	N11.HOG0000765	0	0	0	0	3	1	0	0	0	0	0	0	0	0	0
N11	N11.HOG0000766	0	0	0	0	0	0	0	0	0	1	1	0	0	0	0
N11	N11.HOG0000767	0	1	0	0	1	0	0	0	0	0	0	0	1	0	0
N11	N11.HOG0000768	0	0	0	0	1	0	0	0	0	0	0	0	0	0	0
N11	N11.HOG0000769	0	3	0	0	0	0	0	0	0	0	0	0	0	1	0
N11	N11.HOG0000770	0	0	0	1	1	0	0	0	0	0	0	0	0	0	0
N11	N11.HOG0000771	0	0	0	0	0	0	0	0	0	0	0	0	0	0	1
N11	N11.HOG0000772	0	0	0	0	0	0	0	0	0	0	0	0	0	0	1
N11	N11.HOG0000773	1	0	0	0	0	0	0	0	0	0	0	0	0	0	0
N11	N11.HOG0000774	1	0	0	0	0	0	0	0	0	0	0	0	0	0	0
N11	N11.HOG0000775	1	0	0	0	0	0	0	0	0	0	0	0	0	0	0
N11	N11.HOG0000776	1	0	0	0	0	0	0	0	0	0	0	0	0	0	0
N11	N11.HOG0000777	0	0	0	0	1	0	0	0	0	0	0	0	0	0	0
N11	N11.HOG0000778	0	0	0	0	1	0	0	0	0	0	0	0	0	0	0
N11	N11.HOG0000779	0	1	0	0	1	0	0	0	0	0	0	0	0	0	0
N11	N11.HOG0000780	0	0	0	0	2	0	0	0	0	0	0	0	0	0	0
N11	N11.HOG0000781	0	0	0	0	0	2	0	0	0	0	0	0	0	0	0
N11	N11.HOG0000782	1	1	1	1	1	1	1	1	1	1	1	1	1	1	1
N11	N11.HOG0000783	1	1	1	1	1	1	1	1	1	1	1	1	1	1	1
N11	N11.HOG0000784	1	1	2	2	2	2	1	1	1	1	1	1	1	1	1
N11	N11.HOG0000785	1	1	1	1	1	1	1	1	1	1	1	1	1	1	1
N11	N11.HOG0000786	1	1	1	1	1	1	1	1	1	1	1	1	1	1	0
N11	N11.HOG0000787	1	1	1	1	1	1	1	1	1	1	1	1	1	1	1
N11	N11.HOG0000788	0	0	0	14	0	3	0	0	0	0	0	0	0	0	0
N11	N11.HOG0000789	1	1	0	0	0	0	0	0	0	0	0	0	0	0	0
N11	N11.HOG0000790	0	0	0	0	0	1	0	0	0	0	0	0	0	0	0
N11	N11.HOG0000791	0	0	0	0	1	0	0	0	0	0	0	0	0	0	0
N11	N11.HOG0000792	1	0	0	0	0	0	1	1	1	1	1	1	1	1	1
N11	N11.HOG0000793	1	0	2	2	0	0	1	1	1	1	1	1	0	0	1
N11	N11.HOG0000794	1	2	1	1	2	1	1	1	1	1	1	1	1	1	1
N11	N11.HOG0000795	0	1	1	1	1	1	0	1	1	1	1	1	0	1	0
N11	N11.HOG0000796	0	1	0	0	1	1	1	1	1	1	1	1	1	1	0
N11	N11.HOG0000797	0	0	0	0	0	0	0	0	0	0	0	0	0	1	0
N11	N11.HOG0000798	1	1	1	0	1	0	1	1	1	1	1	1	1	1	0
N11	N11.HOG0000799	0	0	2	2	1	0	1	2	0	0	0	0	0	1	1
N11	N11.HOG0000800	1	0	0	1	1	0	0	0	1	1	1	1	0	0	0
N11	N11.HOG0000801	1	1	1	1	1	1	1	1	1	1	1	1	1	1	1
N11	N11.HOG0000802	0	0	0	0	0	0	0	0	0	0	0	1	0	0	0
N11	N11.HOG0000803	0	26	27	91	24	10	8	3	6	23	19	14	12	4	1
N11	N11.HOG0000804	1	1	1	1	1	1	1	1	1	1	1	1	1	1	1
N11	N11.HOG0000805	0	1	1	0	1	0	0	1	0	0	1	0	1	1	0
N11	N11.HOG0000806	0	0	0	0	0	0	0	0	0	0	0	0	1	0	0
N11	N11.HOG0000807	1	1	4	4	3	2	5	4	5	3	5	3	0	5	7
N11	N11.HOG0000808	0	1	1	0	0	0	0	0	0	0	0	0	0	0	0
N11	N11.HOG0000809	1	1	1	1	1	1	1	0	0	0	1	1	1	1	1
N11	N11.HOG0000810	0	1	1	1	1	1	1	1	1	1	1	1	2	2	2
N11	N11.HOG0000811	1	1	3	1	1	1	1	1	1	1	1	1	1	1	0
N11	N11.HOG0000812	1	1	1	1	0	1	1	1	1	1	1	1	1	1	1
N11	N11.HOG0000813	1	1	1	1	1	1	1	1	1	1	1	1	1	1	1
N11	N11.HOG0000814	1	1	6	6	3	5	2	2	2	1	1	1	5	4	3
N11	N11.HOG0000815	1	1	1	1	1	1	2	2	2	2	2	2	2	2	2
N11	N11.HOG0000816	1	0	0	1	0	0	0	1	1	1	1	1	0	0	0
N11	N11.HOG0000817	1	1	4	3	2	1	2	4	2	4	4	4	1	1	1
N11	N11.HOG0000818	1	2	1	1	0	0	1	0	0	1	0	0	0	0	0
N11	N11.HOG0000819	0	1	1	1	1	1	1	1	1	1	1	1	1	1	1
N11	N11.HOG0000820	0	1	1	1	1	0	1	1	1	1	1	1	0	1	1
N11	N11.HOG0000821	1	1	1	0	1	1	1	1	1	0	0	0	1	1	1
N11	N11.HOG0000822	1	1	1	1	1	1	1	1	1	1	1	1	1	1	1
N11	N11.HOG0000823	1	1	1	1	1	1	1	1	0	0	0	0	0	0	0
N11	N11.HOG0000824	1	0	0	0	0	0	0	0	0	0	0	0	0	0	0
N11	N11.HOG0000825	2	1	1	1	1	1	1	1	1	1	1	1	1	1	1
N11	N11.HOG0000826	1	1	1	1	2	1	1	1	1	0	1	1	1	1	1
N11	N11.HOG0000827	1	1	1	1	0	1	1	1	1	1	1	1	0	1	2
N11	N11.HOG0000828	0	1	1	0	0	1	1	1	1	1	1	1	1	1	0
N11	N11.HOG0000829	1	1	1	1	1	1	1	1	1	1	1	1	1	1	1
N11	N11.HOG0000830	1	1	1	1	1	1	1	1	1	1	1	1	1	1	1
N11	N11.HOG0000831	1	1	1	1	1	1	1	1	1	1	1	1	1	1	1
N11	N11.HOG0000832	1	1	1	1	1	1	1	1	1	1	1	1	1	1	1
N11	N11.HOG0000833	1	0	1	0	0	1	1	0	0	0	0	0	0	1	1
N11	N11.HOG0000834	0	0	0	0	2	0	0	0	0	0	0	0	0	0	0
N11	N11.HOG0000835	0	1	1	1	1	1	1	1	1	1	1	1	1	1	1
N11	N11.HOG0000836	1	2	1	1	1	1	1	1	1	1	1	1	1	1	0
N11	N11.HOG0000837	0	1	1	1	1	1	1	1	1	1	1	1	1	1	1
N11	N11.HOG0000838	1	1	1	1	2	1	1	1	1	1	1	1	1	1	2
N11	N11.HOG0000839	1	2	1	1	1	1	1	1	1	1	1	1	1	1	1
N11	N11.HOG0000840	2	1	1	1	1	1	2	2	2	1	1	1	1	1	0
N11	N11.HOG0000841	0	0	0	0	0	0	0	0	0	0	0	0	0	0	1
N11	N11.HOG0000842	0	0	0	0	1	0	0	0	0	0	0	0	0	0	0
N11	N11.HOG0000843	1	2	1	1	1	1	1	1	1	1	1	1	1	1	1
N11	N11.HOG0000844	0	1	1	1	1	1	1	1	1	1	1	1	1	1	1
N11	N11.HOG0000845	0	1	0	0	0	0	0	0	0	0	0	0	1	1	0
N11	N11.HOG0000846	1	1	0	0	1	0	1	0	0	0	0	0	1	1	0
N11	N11.HOG0000847	1	1	1	1	1	1	1	1	1	1	1	1	1	1	1
N11	N11.HOG0000848	1	0	0	0	0	0	1	0	0	0	0	0	0	0	0
N11	N11.HOG0000849	2	4	1	2	2	1	1	1	1	1	1	1	1	1	1
N11	N11.HOG0000850	1	1	1	1	1	1	1	1	1	1	1	1	1	1	1
N11	N11.HOG0000851	0	1	0	0	0	0	1	0	0	0	0	0	1	0	1
N11	N11.HOG0000852	0	0	0	0	0	0	0	0	0	0	0	0	1	0	1
N11	N11.HOG0000853	0	0	0	0	1	0	0	0	0	0	0	0	1	1	0
N11	N11.HOG0000854	1	3	1	1	1	1	1	1	1	1	1	1	1	1	1
N11	N11.HOG0000855	1	0	1	1	1	0	0	1	1	1	1	1	1	1	1
N11	N11.HOG0000856	1	1	1	1	1	1	1	1	1	1	1	1	1	1	1
N11	N11.HOG0000857	1	0	1	1	2	1	1	1	1	1	1	1	0	1	0
N11	N11.HOG0000858	1	1	1	1	1	1	1	1	1	1	1	1	1	1	1
N11	N11.HOG0000859	1	1	1	1	1	1	1	1	1	1	1	1	1	1	1
N11	N11.HOG0000860	1	2	1	1	1	1	1	1	1	1	1	1	1	1	1
N11	N11.HOG0000861	1	1	1	1	1	1	1	2	2	2	2	1	1	1	1
N11	N11.HOG0000862	0	4	0	0	0	0	0	0	0	0	0	0	0	0	0
N11	N11.HOG0000863	0	6	15	11	9	4	0	0	0	0	0	0	0	0	0
N11	N11.HOG0000864	1	1	1	1	1	1	3	1	1	1	1	1	1	1	1
N11	N11.HOG0000865	1	1	1	1	1	1	2	1	1	1	1	0	1	1	1
N11	N11.HOG0000866	0	3	0	0	0	0	0	0	0	0	0	0	0	0	0
N11	N11.HOG0000867	0	1	0	0	0	0	0	0	0	0	0	0	0	0	0
N11	N11.HOG0000869	0	0	0	0	0	0	0	0	0	0	0	0	1	1	1
N11	N11.HOG0000870	3	1	1	1	1	1	1	1	1	1	1	0	1	1	1
N11	N11.HOG0000871	1	0	1	2	2	2	1	1	1	0	1	1	1	1	1
N11	N11.HOG0000872	1	1	1	1	1	1	1	1	1	1	1	1	1	1	1
N11	N11.HOG0000873	1	2	1	0	1	1	1	1	1	0	0	0	1	1	1
N11	N11.HOG0000874	1	1	1	1	1	1	1	1	1	1	1	1	1	1	1
N11	N11.HOG0000875	0	0	0	0	0	0	0	1	1	0	0	0	0	0	0
N11	N11.HOG0000876	0	0	0	0	1	0	0	0	0	0	0	0	0	0	0
N11	N11.HOG0000877	0	0	0	0	1	0	0	0	0	0	0	0	1	0	0
N11	N11.HOG0000878	0	1	0	0	1	0	0	0	0	0	0	0	0	0	0
N11	N11.HOG0000879	0	0	0	0	1	0	0	0	0	0	0	0	0	0	0
N11	N11.HOG0000880	1	0	0	0	0	0	0	0	0	0	0	0	0	0	0
N11	N11.HOG0000881	0	0	1	0	0	0	0	0	0	0	0	0	0	0	0
N11	N11.HOG0000882	1	1	0	0	0	0	0	0	0	0	0	0	0	0	0
N11	N11.HOG0000883	0	0	1	0	0	0	0	0	0	0	0	0	0	0	0
N11	N11.HOG0000884	0	0	0	0	1	0	0	0	0	0	0	0	0	0	0
N11	N11.HOG0000885	1	1	1	1	1	1	1	1	1	1	1	1	1	1	1
N11	N11.HOG0000886	0	1	1	1	1	1	1	1	1	1	1	1	1	0	1
N11	N11.HOG0000887	1	0	0	0	0	0	0	0	0	1	1	1	1	1	1
N11	N11.HOG0000888	1	1	1	1	0	1	1	1	1	1	1	1	1	1	1
N11	N11.HOG0000889	0	1	1	1	1	1	1	1	1	1	1	1	1	1	0
N11	N11.HOG0000890	1	1	1	1	1	1	1	1	1	1	1	1	1	1	1
N11	N11.HOG0000891	0	1	0	1	1	1	0	0	0	0	0	0	0	0	0
N11	N11.HOG0000892	0	1	1	1	1	1	1	1	1	1	1	1	1	1	1
N11	N11.HOG0000893	0	1	1	1	1	0	1	1	1	1	1	1	1	1	1
N11	N11.HOG0000894	1	0	0	0	0	0	0	1	1	1	1	1	1	1	1
N11	N11.HOG0000895	1	1	1	1	1	1	1	1	1	1	1	1	2	1	1
N11	N11.HOG0000896	1	1	1	1	1	1	2	2	2	1	1	1	0	0	0
N11	N11.HOG0000897	0	1	1	1	1	1	0	1	1	1	1	1	1	1	1
N11	N11.HOG0000898	1	1	0	0	0	0	0	0	0	0	0	0	0	0	0
N11	N11.HOG0000899	0	0	1	1	1	1	0	1	1	1	0	1	1	1	0
N11	N11.HOG0000900	0	0	0	0	0	0	1	0	0	0	0	0	0	0	0
N11	N11.HOG0000901	1	1	1	1	1	1	2	1	1	1	1	1	2	1	1
N11	N11.HOG0000902	1	0	1	0	1	1	1	0	0	1	0	1	1	1	1
N11	N11.HOG0000903	0	1	0	0	1	1	1	0	0	1	0	0	1	1	0
N11	N11.HOG0000904	0	0	0	0	1	0	0	0	0	0	0	0	0	0	0
N11	N11.HOG0000905	1	0	0	0	0	0	0	0	0	0	0	0	0	0	0
N11	N11.HOG0000906	0	1	1	1	0	1	0	1	1	0	1	1	0	0	1
N11	N11.HOG0000907	1	1	1	1	1	1	1	1	1	1	1	1	1	1	1
N11	N11.HOG0000908	1	1	1	1	1	1	1	1	1	1	1	1	1	1	1
N11	N11.HOG0000909	0	1	0	0	0	0	0	0	0	0	0	0	0	0	0
N11	N11.HOG0000910	1	1	1	1	3	1	1	1	1	1	1	1	1	1	1
N11	N11.HOG0000911	1	0	1	1	1	1	1	1	1	1	1	1	1	1	0
N11	N11.HOG0000912	2	2	1	1	1	1	1	1	1	1	1	1	1	1	1
N11	N11.HOG0000913	1	2	1	1	1	1	1	1	1	1	1	1	1	1	1
N11	N11.HOG0000914	0	0	0	0	1	0	0	0	0	0	0	0	0	0	0
N11	N11.HOG0000915	0	0	0	0	0	0	1	1	1	1	1	1	0	0	0
N11	N11.HOG0000916	0	0	0	0	0	0	0	0	0	0	0	0	0	0	1
N11	N11.HOG0000917	1	2	1	1	1	1	0	0	0	0	0	0	1	1	1
N11	N11.HOG0000918	1	1	1	1	1	1	1	1	1	1	1	1	1	1	1
N11	N11.HOG0000919	0	0	0	0	0	0	2	1	1	1	1	1	2	2	1
N11	N11.HOG0000920	0	3	1	1	1	1	0	0	0	0	0	0	0	0	0
N11	N11.HOG0000921	1	0	0	0	0	0	0	0	0	0	0	0	0	0	0
N11	N11.HOG0000922	1	1	0	0	1	0	0	0	0	0	0	0	0	0	0
N11	N11.HOG0000923	0	1	0	0	1	0	0	0	0	0	0	0	1	1	0
N11	N11.HOG0000924	1	1	1	1	1	1	2	2	2	2	2	1	1	2	2
N11	N11.HOG0000925	1	1	1	1	1	1	1	1	1	1	1	1	1	1	1
N11	N11.HOG0000926	1	1	1	1	1	1	1	1	1	1	1	1	1	1	1
N11	N11.HOG0000927	1	1	1	1	1	1	1	1	1	1	1	1	1	1	1
N11	N11.HOG0000928	1	4	2	7	4	2	1	1	1	1	0	1	1	1	1
N11	N11.HOG0000929	0	3	0	0	0	0	0	0	0	0	0	0	0	0	0
N11	N11.HOG0000930	0	0	0	1	0	0	0	0	0	0	0	0	0	0	0
N11	N11.HOG0000931	0	0	0	0	0	0	0	0	0	0	0	0	0	1	0
N11	N11.HOG0000932	0	0	1	0	0	0	0	0	0	0	0	0	0	0	0
N11	N11.HOG0000933	0	0	0	1	0	0	1	0	0	0	0	0	1	0	1
N11	N11.HOG0000935	1	0	0	1	1	0	0	0	0	0	0	0	0	0	0
N11	N11.HOG0000936	0	0	0	0	0	0	1	1	1	0	0	0	0	0	0
N11	N11.HOG0000937	1	0	0	0	0	0	0	0	0	0	0	0	0	0	0
N11	N11.HOG0000938	0	0	0	0	0	0	0	0	0	0	0	0	0	0	1
N11	N11.HOG0000939	2	0	0	0	0	0	0	0	0	0	0	0	0	0	0
N11	N11.HOG0000940	0	0	0	0	0	0	0	0	0	0	0	0	0	0	1
N11	N11.HOG0000941	1	0	0	0	0	0	0	0	0	0	0	0	0	0	0
N11	N11.HOG0000942	1	0	0	0	0	0	0	0	0	0	0	0	0	0	0
N11	N11.HOG0000943	1	0	0	0	0	0	0	0	0	0	0	0	0	0	0
N11	N11.HOG0000944	1	0	0	0	0	0	0	0	0	0	0	0	0	0	0
N11	N11.HOG0000945	0	0	0	0	0	0	0	0	0	0	0	0	2	7	6
N11	N11.HOG0000946	0	0	0	0	0	0	0	0	0	0	0	0	0	1	0
N11	N11.HOG0000947	2	0	0	0	0	0	0	0	0	0	0	0	2	1	2
N11	N11.HOG0000948	1	0	0	1	1	0	1	0	1	0	1	0	1	1	1
N11	N11.HOG0000949	2	1	1	1	1	1	1	1	1	0	0	1	1	1	1
N11	N11.HOG0000950	1	0	0	0	0	0	0	0	0	0	0	0	0	1	0
N11	N11.HOG0000951	1	1	1	1	1	1	1	1	1	1	1	1	1	1	1
N11	N11.HOG0000952	0	1	1	0	0	0	1	0	1	0	1	0	1	1	1
N11	N11.HOG0000953	1	0	0	0	0	0	0	0	0	0	0	0	0	0	0
N11	N11.HOG0000954	1	1	0	1	1	1	1	1	0	1	0	0	1	1	1
N11	N11.HOG0000955	1	1	1	2	1	1	1	1	1	2	1	1	1	1	1
N11	N11.HOG0000956	1	2	1	1	1	1	1	1	1	1	1	1	1	1	1
N11	N11.HOG0000957	1	1	1	0	1	1	1	1	1	1	1	1	1	1	1
N11	N11.HOG0000958	1	1	1	1	1	1	1	1	2	2	2	2	1	1	1
N11	N11.HOG0000959	1	1	1	0	1	1	0	0	0	0	0	0	0	0	0
N11	N11.HOG0000960	1	4	2	3	3	1	4	6	7	6	4	6	6	6	3
N11	N11.HOG0000961	0	2	0	0	0	0	0	0	0	0	0	0	0	0	0
N11	N11.HOG0000962	0	2	0	1	1	0	1	1	1	0	1	0	1	1	1
N11	N11.HOG0000963	0	1	1	0	1	1	0	0	0	1	0	1	0	1	0
N11	N11.HOG0000964	1	1	1	1	1	1	1	1	1	1	1	1	1	1	1
N11	N11.HOG0000965	0	1	0	0	1	0	0	0	0	0	0	0	1	1	0
N11	N11.HOG0000966	0	1	0	0	1	0	0	0	0	0	0	0	0	0	0
N11	N11.HOG0000967	0	0	0	0	0	0	1	0	0	0	0	0	0	0	0
N11	N11.HOG0000968	0	1	0	0	1	1	0	0	0	0	0	0	0	0	0
N11	N11.HOG0000969	1	2	2	1	0	2	1	1	1	0	1	0	1	1	1
N11	N11.HOG0000970	0	1	0	0	0	0	0	0	0	0	0	0	0	0	0
N11	N11.HOG0000971	1	2	1	1	1	1	1	1	1	1	1	1	1	1	1
N11	N11.HOG0000972	0	2	0	0	0	0	0	0	0	0	0	0	0	0	0
N11	N11.HOG0000973	0	2	0	0	1	1	1	0	0	0	0	0	1	1	0
N11	N11.HOG0000974	1	1	1	1	1	1	1	1	1	1	1	1	0	0	1
N11	N11.HOG0000975	1	3	0	0	0	0	0	0	0	0	0	0	0	0	0
N11	N11.HOG0000976	0	4	1	1	1	0	1	0	0	0	0	0	1	0	0
N11	N11.HOG0000977	0	0	0	0	0	0	1	0	1	1	1	1	0	1	0
N11	N11.HOG0000978	0	0	1	0	1	1	0	0	1	0	0	0	0	0	1
N11	N11.HOG0000979	0	0	0	0	1	0	0	0	0	0	0	0	1	1	0
N11	N11.HOG0000980	0	0	0	0	0	0	1	0	0	0	0	0	0	0	0
N11	N11.HOG0000981	1	0	0	0	0	0	0	0	0	0	0	0	0	0	0
N11	N11.HOG0000982	1	0	0	0	0	0	0	0	0	0	0	0	0	0	0
N11	N11.HOG0000983	0	2	1	1	0	0	0	0	1	1	1	1	1	0	0
N11	N11.HOG0000984	1	0	0	0	0	0	1	0	0	0	0	0	0	0	0
N11	N11.HOG0000985	0	0	0	0	3	0	0	0	0	0	0	0	0	0	0
N11	N11.HOG0000986	0	0	1	0	1	0	0	0	0	0	0	0	0	0	0
N11	N11.HOG0000987	0	0	0	0	1	0	0	0	0	0	0	0	1	0	0
N11	N11.HOG0000988	0	1	1	0	2	0	0	0	1	0	0	0	1	0	0
N11	N11.HOG0000989	1	4	2	12	4	2	1	1	1	1	1	1	1	1	1
N11	N11.HOG0000990	1	2	1	1	1	1	1	1	1	1	1	1	1	1	1
N11	N11.HOG0000991	1	1	1	1	1	1	1	1	1	1	1	1	1	1	1
N11	N11.HOG0000992	1	1	1	1	1	1	1	1	1	1	1	1	2	2	1
N11	N11.HOG0000993	0	1	1	1	0	1	1	1	1	1	1	1	2	3	0
N11	N11.HOG0000994	1	12	5	3	1	1	30	31	29	15	14	23	11	9	16
N11	N11.HOG0000995	1	1	2	1	1	1	1	1	1	1	1	1	1	1	0
N11	N11.HOG0000996	1	1	1	1	1	1	1	1	1	1	1	1	1	1	1
N11	N11.HOG0000997	0	1	1	1	1	1	1	1	1	1	1	1	0	0	0
N11	N11.HOG0000998	1	1	1	1	1	1	1	1	1	1	1	1	0	1	0
N11	N11.HOG0000999	1	0	1	1	1	1	1	1	1	1	1	1	1	1	0
N11	N11.HOG0001000	0	0	0	1	0	1	0	0	0	0	0	0	0	0	0
N11	N11.HOG0001001	1	1	1	0	1	0	1	1	1	1	1	1	1	1	1
N11	N11.HOG0001002	0	0	1	0	1	0	1	1	0	1	1	1	0	0	0
N11	N11.HOG0001003	0	0	0	0	1	0	0	0	0	0	0	0	0	0	0
N11	N11.HOG0001004	0	0	0	2	0	0	0	0	0	0	0	0	0	0	0
N11	N11.HOG0001006	0	0	0	0	0	0	0	0	0	0	0	0	1	1	0
N11	N11.HOG0001007	0	0	0	0	0	0	0	0	0	2	0	1	1	0	1
N11	N11.HOG0001008	0	0	0	0	1	0	0	0	0	0	0	0	0	0	0
N11	N11.HOG0001009	0	0	0	0	0	0	0	0	0	5	3	1	1	0	0
N11	N11.HOG0001010	0	0	0	0	0	0	0	0	0	2	0	2	0	0	0
N11	N11.HOG0001011	0	0	0	0	0	0	0	0	0	1	0	1	0	0	0
N11	N11.HOG0001012	0	0	0	0	0	0	0	0	0	1	0	1	0	0	0
N11	N11.HOG0001013	0	0	0	0	0	0	0	0	0	2	0	1	0	0	0
N11	N11.HOG0001014	0	0	0	0	0	0	0	0	0	3	1	1	0	0	0
N11	N11.HOG0001015	0	0	0	0	0	0	0	0	0	1	3	1	0	0	0
N11	N11.HOG0001016	0	0	0	0	0	0	0	0	0	1	1	0	0	0	0
N11	N11.HOG0001017	0	0	0	0	0	4	0	0	0	0	0	0	0	0	0
N11	N11.HOG0001018	0	0	0	0	0	0	0	0	0	0	1	0	0	0	0
N11	N11.HOG0001019	0	0	0	0	0	0	0	0	0	0	1	0	0	0	0
N11	N11.HOG0001021	0	0	0	0	0	0	0	0	0	0	0	0	0	0	1
N11	N11.HOG0001022	0	0	0	0	0	0	0	0	0	0	0	1	0	0	0
N11	N11.HOG0001023	0	0	0	0	1	0	0	0	0	0	0	0	0	1	0
N11	N11.HOG0001024	0	0	1	0	0	0	0	0	1	0	0	0	0	0	0
N11	N11.HOG0001025	0	0	1	0	0	0	1	0	1	0	0	0	0	0	0
N11	N11.HOG0001026	1	1	0	0	0	0	0	0	0	0	0	0	1	1	0
N11	N11.HOG0001027	0	0	0	0	2	0	0	0	1	0	0	1	0	0	0
N11	N11.HOG0001028	0	0	1	0	0	0	0	0	0	0	0	0	0	0	0
N11	N11.HOG0001029	1	2	1	0	0	0	1	0	0	1	1	0	0	0	0
N11	N11.HOG0001030	0	0	1	0	0	0	0	0	0	0	0	0	0	0	0
N11	N11.HOG0001031	0	0	0	0	0	0	0	0	0	0	0	0	1	1	0
N11	N11.HOG0001032	0	0	0	0	0	0	1	0	0	0	0	0	1	1	0
N11	N11.HOG0001033	0	1	0	0	1	0	0	0	0	0	0	0	0	0	0
N11	N11.HOG0001034	0	2	0	0	1	0	0	0	0	0	0	0	0	0	0
N11	N11.HOG0001035	0	2	0	0	0	0	0	0	0	0	0	0	0	0	0
N11	N11.HOG0001036	0	0	0	0	0	0	2	0	0	0	0	0	1	1	0
N11	N11.HOG0001037	0	0	0	0	0	0	0	0	0	0	0	0	0	1	0
N11	N11.HOG0001038	1	1	0	0	0	0	0	1	0	0	0	0	0	0	0
N11	N11.HOG0001039	0	0	0	0	0	0	1	0	0	0	0	0	1	0	0
N11	N11.HOG0001040	0	2	0	0	1	0	0	0	0	0	0	0	0	0	0
N11	N11.HOG0001041	0	2	1	0	0	0	1	0	1	0	0	0	0	0	0
N11	N11.HOG0001042	1	0	0	0	1	0	1	0	0	0	0	0	1	1	0
N11	N11.HOG0001043	0	0	0	0	0	0	1	0	0	0	0	0	0	0	0
N11	N11.HOG0001044	0	2	0	0	1	0	1	0	0	0	0	0	0	0	0
N11	N11.HOG0001045	0	0	0	0	2	0	0	0	0	0	0	0	0	0	0
N11	N11.HOG0001046	0	1	1	0	0	0	0	0	0	0	0	0	0	0	0
N11	N11.HOG0001047	0	2	1	0	0	0	1	0	1	0	0	0	1	2	1
N11	N11.HOG0001048	1	1	2	1	2	1	1	0	1	0	0	0	0	1	0
N11	N11.HOG0001049	0	0	0	0	0	0	0	1	1	0	0	0	0	0	0
N11	N11.HOG0001050	0	1	0	0	1	0	0	0	1	0	0	1	0	0	0
N11	N11.HOG0001051	0	0	0	0	2	0	0	0	0	0	0	0	0	1	0
N11	N11.HOG0001052	1	1	1	1	0	1	1	1	1	1	1	1	1	1	1
N11	N11.HOG0001053	1	1	1	1	1	1	1	1	1	1	1	1	1	1	1
N11	N11.HOG0001054	0	0	0	0	0	0	0	0	0	1	1	1	0	0	0
N11	N11.HOG0001055	1	1	1	1	1	1	1	1	1	1	1	1	1	1	1
N11	N11.HOG0001056	0	0	0	0	0	1	1	0	1	0	0	0	0	1	0
N11	N11.HOG0001057	1	1	1	1	0	1	1	1	1	1	1	1	1	1	1
N11	N11.HOG0001058	1	1	1	1	1	1	1	1	1	1	1	1	1	1	1
N11	N11.HOG0001059	1	1	1	1	0	1	1	1	1	1	1	1	1	1	1
N11	N11.HOG0001060	1	1	1	1	0	1	1	1	1	1	1	1	1	1	1
N11	N11.HOG0001061	0	1	1	0	0	1	0	1	0	1	0	0	0	0	0
N11	N11.HOG0001062	1	0	1	1	1	1	1	1	1	1	1	1	1	1	1
N11	N11.HOG0001063	1	1	1	1	1	1	1	1	1	1	1	1	1	1	1
N11	N11.HOG0001064	1	1	1	1	1	1	1	1	1	1	1	1	1	1	1
N11	N11.HOG0001065	0	0	0	0	0	0	0	1	1	0	0	0	0	0	0
N11	N11.HOG0001066	0	1	2	2	2	2	0	0	0	0	0	0	1	0	0
N11	N11.HOG0001067	0	0	0	0	0	0	1	2	3	3	3	3	0	1	1
N11	N11.HOG0001068	1	0	0	0	0	0	1	1	1	1	1	1	0	0	1
N11	N11.HOG0001069	0	0	0	0	0	0	0	1	1	2	2	2	0	0	1
N11	N11.HOG0001070	1	1	1	1	1	1	0	1	1	1	1	1	1	0	0
N11	N11.HOG0001071	0	0	0	0	0	0	0	0	0	0	0	0	0	0	1
N11	N11.HOG0001072	0	0	0	0	0	0	0	0	0	0	0	0	0	0	1
N11	N11.HOG0001073	0	0	0	0	0	0	1	0	0	0	0	0	0	0	0
N11	N11.HOG0001074	0	0	0	0	1	0	2	0	0	0	0	0	0	0	0
N11	N11.HOG0001075	0	1	0	0	0	0	0	0	0	0	0	0	0	0	0
N11	N11.HOG0001076	1	1	0	2	3	2	0	0	0	0	0	0	0	0	0
N11	N11.HOG0001077	2	0	0	0	0	0	0	0	0	0	0	0	0	0	0
N11	N11.HOG0001078	0	0	0	5	1	0	1	0	0	0	0	0	2	2	2
N11	N11.HOG0001079	0	0	0	0	0	0	0	0	0	0	1	0	2	3	5
N11	N11.HOG0001080	1	0	0	0	0	0	0	0	0	0	0	0	0	0	0
N11	N11.HOG0001081	1	0	0	0	0	0	0	0	0	0	0	0	0	0	0
N11	N11.HOG0001082	0	0	0	0	1	0	0	0	0	0	0	0	0	0	0
N11	N11.HOG0001083	1	0	0	0	0	0	0	0	0	0	0	0	0	0	0
N11	N11.HOG0001084	0	0	0	0	0	0	1	0	0	0	0	0	0	0	0
N11	N11.HOG0001085	1	0	0	0	0	0	0	0	0	0	0	0	0	0	0
N11	N11.HOG0001086	0	0	0	0	0	0	0	0	0	0	0	0	0	1	0
N11	N11.HOG0001087	1	1	1	1	1	1	1	1	1	1	1	1	0	0	1
N11	N11.HOG0001088	0	0	0	0	0	0	1	1	1	1	1	1	1	1	1
N11	N11.HOG0001089	1	0	0	0	0	0	0	0	0	0	0	0	0	0	0
N11	N11.HOG0001090	1	0	0	0	0	0	0	0	0	0	0	0	0	0	0
N11	N11.HOG0001091	1	0	0	0	0	0	0	0	0	0	0	0	0	0	0
N11	N11.HOG0001092	1	0	0	0	0	0	0	0	0	0	0	0	0	0	0
N11	N11.HOG0001093	1	0	0	0	0	0	0	0	0	0	0	0	0	0	0
N11	N11.HOG0001094	1	1	1	1	1	1	1	1	1	1	1	1	1	1	1
N11	N11.HOG0001095	0	2	1	1	1	1	1	1	1	1	1	1	1	1	1
N11	N11.HOG0001096	1	0	0	0	0	0	1	1	1	1	1	1	1	1	1
N11	N11.HOG0001097	1	0	0	0	0	0	0	0	0	0	0	0	0	0	0
N11	N11.HOG0001098	1	1	1	1	2	1	1	1	1	1	1	1	0	1	1
N11	N11.HOG0001099	0	1	1	1	1	1	1	1	1	1	1	1	1	1	1
N11	N11.HOG0001100	1	1	1	1	0	1	1	1	1	1	1	1	1	1	1
N11	N11.HOG0001101	0	1	1	1	1	1	1	1	1	1	1	1	1	1	1
N11	N11.HOG0001102	0	0	1	1	1	1	1	1	1	1	1	1	1	1	0
N11	N11.HOG0001103	0	1	1	1	1	1	1	1	1	1	1	1	1	1	1
N11	N11.HOG0001104	0	1	1	1	1	1	1	1	1	1	1	1	1	1	1
N11	N11.HOG0001105	1	1	1	1	1	1	1	1	1	1	1	1	1	1	1
N11	N11.HOG0001106	1	0	0	1	0	0	1	0	0	0	0	0	1	1	1
N11	N11.HOG0001107	1	1	1	1	2	1	1	1	1	2	1	1	1	1	1
N11	N11.HOG0001108	1	1	0	0	0	0	1	0	0	0	0	0	1	1	1
N11	N11.HOG0001109	1	1	1	1	1	1	1	1	1	1	1	1	0	1	0
N11	N11.HOG0001110	1	0	1	1	0	1	1	1	1	1	1	1	0	1	0
N11	N11.HOG0001111	13	1	2	1	1	1	0	0	0	0	0	0	0	0	0
N11	N11.HOG0001112	2	0	0	0	0	0	0	0	0	1	1	1	0	0	0
N11	N11.HOG0001113	1	2	1	1	1	1	1	1	1	0	1	1	0	1	0
N11	N11.HOG0001114	0	0	0	1	1	1	1	1	1	1	0	1	0	1	0
N11	N11.HOG0001115	0	0	1	1	1	1	0	1	1	1	0	0	0	0	1
N11	N11.HOG0001116	0	2	1	1	1	1	1	1	1	1	1	1	1	1	2
N11	N11.HOG0001117	0	1	1	1	1	0	1	1	1	1	1	1	0	0	0
N11	N11.HOG0001118	1	1	1	1	1	1	1	1	1	0	1	1	0	1	1
N11	N11.HOG0001119	0	1	1	1	2	1	1	1	1	1	1	0	1	1	0
N11	N11.HOG0001120	0	0	1	1	1	1	1	0	1	1	1	1	1	1	0
N11	N11.HOG0001121	1	1	1	1	1	1	1	1	1	1	1	1	1	1	1
N11	N11.HOG0001122	1	0	1	1	1	1	1	1	1	1	1	1	1	1	1
N11	N11.HOG0001123	1	1	1	1	1	1	1	1	1	1	1	1	1	1	1
N11	N11.HOG0001124	0	1	0	0	0	1	0	0	0	0	0	0	0	0	0
N11	N11.HOG0001125	0	0	0	0	1	0	0	0	0	0	0	0	0	0	0
N11	N11.HOG0001126	0	0	0	0	0	0	0	0	0	0	1	1	1	1	0
N11	N11.HOG0001127	0	1	0	0	1	0	0	0	0	0	0	0	0	0	0
N11	N11.HOG0001128	0	1	0	0	1	0	0	0	0	0	0	0	0	0	0
N11	N11.HOG0001129	0	0	0	0	0	0	1	0	0	0	0	0	0	0	0
N11	N11.HOG0001130	0	1	0	1	1	0	1	1	1	1	0	0	0	0	1
N11	N11.HOG0001131	1	1	1	1	1	0	1	1	1	1	1	1	1	1	1
N11	N11.HOG0001132	0	1	0	0	2	0	0	0	0	0	0	0	0	0	0
N11	N11.HOG0001133	0	0	0	0	1	0	0	0	0	0	0	0	0	0	0
N11	N11.HOG0001134	0	0	0	0	2	0	0	0	0	0	0	0	0	0	0
N11	N11.HOG0001135	0	0	1	0	1	0	0	0	0	0	0	0	0	0	0
N11	N11.HOG0001136	0	1	0	1	0	0	0	0	0	0	0	0	0	0	0
N11	N11.HOG0001137	0	0	1	0	0	0	0	0	0	0	0	0	0	0	0
N11	N11.HOG0001138	0	0	2	0	0	0	0	0	0	0	0	0	0	0	0
N11	N11.HOG0001139	0	0	0	1	0	0	0	0	0	0	0	0	0	0	0
N11	N11.HOG0001140	0	0	1	1	1	1	0	0	0	0	0	0	0	0	0
N11	N11.HOG0001141	0	1	0	0	0	0	0	0	0	0	0	0	0	0	0
N11	N11.HOG0001142	0	8	0	0	0	0	0	0	0	0	0	0	0	0	0
N11	N11.HOG0001143	0	2	0	1	0	0	0	0	0	0	0	0	0	0	0
N11	N11.HOG0001144	0	0	0	0	4	0	0	0	0	0	0	0	0	0	0
N11	N11.HOG0001145	0	0	5	3	8	2	0	0	0	0	0	0	0	0	0
N11	N11.HOG0001146	0	0	1	0	0	0	0	0	0	0	0	0	0	0	0
N11	N11.HOG0001147	0	0	0	0	1	0	0	0	0	0	0	0	0	0	0
N11	N11.HOG0001148	1	0	0	0	0	0	0	0	0	0	0	0	0	0	0
N11	N11.HOG0001149	1	1	1	1	1	1	1	1	1	1	1	1	1	1	1
N11	N11.HOG0001150	1	1	1	1	1	1	1	1	1	1	1	1	1	1	1
N11	N11.HOG0001151	1	1	1	1	1	1	1	1	1	1	1	1	1	1	1
N11	N11.HOG0001152	1	1	1	1	1	1	1	1	1	1	2	1	1	1	1
N11	N11.HOG0001153	1	1	1	1	1	1	1	1	1	1	1	1	1	1	1
N11	N11.HOG0001154	0	1	0	0	0	0	0	0	0	0	0	0	0	0	0
N11	N11.HOG0001155	1	1	1	1	1	1	1	1	1	1	1	1	0	1	0
N11	N11.HOG0001156	0	0	0	0	1	0	0	0	0	0	0	0	0	0	0
N11	N11.HOG0001157	0	0	0	0	1	0	0	0	0	0	0	0	0	0	0
N11	N11.HOG0001158	1	1	1	1	1	1	1	1	1	1	1	1	1	1	1
N11	N11.HOG0001159	0	0	0	0	0	0	1	1	1	1	1	1	1	1	1
N11	N11.HOG0001160	0	2	1	1	2	1	0	0	0	0	0	0	0	0	0
N11	N11.HOG0001161	0	2	0	0	0	0	0	0	0	0	0	0	0	0	0
N11	N11.HOG0001162	1	1	1	1	1	1	1	1	1	1	1	1	1	1	1
N11	N11.HOG0001163	1	2	1	1	1	1	1	1	1	1	1	1	1	1	1
N11	N11.HOG0001164	1	1	1	1	1	1	1	1	1	1	1	1	1	1	1
N11	N11.HOG0001165	1	1	1	1	1	1	1	1	1	1	1	1	1	1	1
N11	N11.HOG0001166	0	0	1	1	0	1	1	1	1	1	0	0	1	1	0
N11	N11.HOG0001167	1	1	1	1	1	1	1	1	1	1	1	1	1	1	1
N11	N11.HOG0001168	1	1	1	1	1	1	1	1	1	1	1	1	1	1	1
N11	N11.HOG0001169	0	1	1	1	1	1	1	1	1	1	1	1	1	1	1
N11	N11.HOG0001170	1	1	0	0	2	0	0	0	0	0	0	0	0	0	0
N11	N11.HOG0001171	1	0	0	0	0	0	0	0	0	0	0	0	0	0	0
N11	N11.HOG0001172	0	0	1	1	1	1	0	0	0	0	0	0	0	0	0
N11	N11.HOG0001173	0	1	0	0	0	0	0	0	0	0	0	0	0	0	0
N11	N11.HOG0001174	0	1	0	0	0	0	1	1	1	1	1	1	2	1	1
N11	N11.HOG0001175	0	0	1	1	1	1	1	1	1	1	1	1	1	1	1
N11	N11.HOG0001176	0	1	0	0	0	0	0	0	0	0	0	0	0	0	0
N11	N11.HOG0001177	0	1	0	0	0	0	0	0	0	0	0	0	0	0	0
N11	N11.HOG0001178	1	1	0	0	0	0	0	0	0	0	0	0	0	0	0
N11	N11.HOG0001179	1	1	1	1	1	1	1	1	0	1	0	1	1	1	1
N11	N11.HOG0001180	1	1	1	1	1	1	1	1	1	1	1	1	1	1	1
N11	N11.HOG0001181	1	1	1	1	1	0	1	1	1	1	1	1	1	1	1
N11	N11.HOG0001182	0	0	0	0	0	0	0	1	1	1	1	1	0	0	0
N11	N11.HOG0001183	0	0	0	0	0	0	0	0	0	0	1	0	0	0	0
N11	N11.HOG0001184	0	0	0	1	0	1	0	1	1	1	1	1	0	1	0
N11	N11.HOG0001185	0	1	0	0	1	0	0	0	0	0	0	0	0	0	0
N11	N11.HOG0001186	0	1	1	1	1	1	0	0	0	0	0	0	0	0	0
N11	N11.HOG0001187	0	0	1	0	0	0	0	0	0	0	0	0	0	0	0
N11	N11.HOG0001188	0	0	0	0	0	0	2	2	4	3	2	3	1	1	0
N11	N11.HOG0001189	0	0	0	0	0	0	0	0	0	0	1	0	0	0	0
N11	N11.HOG0001190	0	0	0	0	0	0	0	1	1	1	1	1	0	0	0
N11	N11.HOG0001191	0	0	0	0	0	0	0	1	1	1	1	1	0	0	0
N11	N11.HOG0001192	0	0	0	0	1	1	0	1	1	1	1	1	0	0	0
N11	N11.HOG0001193	0	1	1	1	1	1	0	1	1	1	1	1	0	0	0
N11	N11.HOG0001194	0	0	0	0	0	0	1	0	0	0	0	0	0	0	0
N11	N11.HOG0001195	1	1	1	1	1	1	1	1	1	1	1	1	1	1	1
N11	N11.HOG0001196	1	1	1	1	1	1	1	1	1	1	1	1	1	1	1
N11	N11.HOG0001197	1	1	1	1	1	1	1	1	1	1	1	1	1	1	1
N11	N11.HOG0001198	1	1	1	1	1	1	1	1	1	1	1	1	1	1	1
N11	N11.HOG0001199	0	1	0	1	1	1	1	1	1	1	1	1	1	1	1
N11	N11.HOG0001200	1	0	0	0	0	0	0	0	0	0	0	0	0	0	0
N11	N11.HOG0001201	0	0	0	0	0	0	1	1	1	0	0	0	1	1	1
N11	N11.HOG0001202	1	0	0	0	0	0	0	0	0	0	0	0	0	0	0
N11	N11.HOG0001203	1	0	0	0	0	0	0	0	0	0	0	0	0	0	0
N11	N11.HOG0001204	1	0	0	0	0	0	0	0	0	0	0	0	0	0	0
N11	N11.HOG0001205	2	0	0	0	0	0	0	0	0	0	0	0	0	0	0
N11	N11.HOG0001206	1	1	1	1	1	0	1	1	1	1	1	1	1	1	1
N11	N11.HOG0001207	0	0	0	0	1	0	0	0	0	0	0	0	0	0	0
N11	N11.HOG0001208	1	2	1	1	1	1	1	1	1	1	1	1	1	1	1
N11	N11.HOG0001209	0	3	1	0	4	5	1	1	1	0	0	0	1	2	1
N11	N11.HOG0001210	0	1	0	0	0	0	0	0	0	0	0	0	0	0	0
N11	N11.HOG0001211	1	2	1	1	0	1	1	1	1	1	1	1	1	1	1
N11	N11.HOG0001212	0	0	0	0	0	0	1	0	0	0	0	0	0	0	0
N11	N11.HOG0001213	1	1	1	1	1	1	1	1	1	1	1	1	1	1	1
N11	N11.HOG0001214	0	0	0	0	0	0	0	0	0	0	0	0	1	1	0
N11	N11.HOG0001215	0	1	6	1	2	1	0	1	1	1	1	1	1	1	1
N11	N11.HOG0001216	0	1	1	1	1	1	1	1	1	1	0	0	1	1	1
N11	N11.HOG0001217	0	2	0	1	2	2	1	1	1	2	1	2	1	1	2
N11	N11.HOG0001218	0	0	0	3	0	0	0	0	0	0	0	0	0	0	0
N11	N11.HOG0001219	0	6	0	0	5	0	0	0	0	0	0	0	0	0	0
N11	N11.HOG0001220	0	1	0	0	0	0	0	0	0	0	0	0	1	1	0
N11	N11.HOG0001221	0	1	0	0	0	0	1	0	0	0	0	0	0	0	0
N11	N11.HOG0001223	0	0	0	0	1	0	0	0	0	0	0	0	0	0	0
N11	N11.HOG0001224	3	0	0	0	0	0	0	0	0	0	0	0	2	1	1
N11	N11.HOG0001225	1	0	0	0	0	0	0	0	0	0	0	0	2	0	0
N11	N11.HOG0001226	2	0	0	0	0	0	0	0	0	0	0	0	0	0	0
N11	N11.HOG0001227	0	0	0	0	4	0	0	0	0	0	0	0	0	0	0
N11	N11.HOG0001228	1	0	0	0	0	0	0	0	0	0	0	0	0	0	0
N11	N11.HOG0001229	0	2	0	0	0	0	0	0	0	0	0	0	0	0	0
N11	N11.HOG0001230	0	4	0	0	0	0	0	0	0	0	0	0	0	0	0
N11	N11.HOG0001232	0	3	0	0	0	0	0	0	0	0	0	0	0	0	0
N11	N11.HOG0001233	0	1	0	0	0	0	0	0	0	0	0	0	0	0	0
N11	N11.HOG0001234	0	1	0	0	0	0	0	0	0	0	0	0	0	0	0
N11	N11.HOG0001235	0	1	0	0	0	0	0	0	0	0	0	0	0	0	0
N11	N11.HOG0001236	0	1	0	0	0	0	0	0	0	0	0	0	0	0	0
N11	N11.HOG0001237	0	8	0	0	0	0	0	0	0	0	0	0	0	0	0
N11	N11.HOG0001238	0	19	0	0	5	0	0	0	0	0	1	0	0	0	0
N11	N11.HOG0001239	0	72	0	0	1	0	0	0	0	0	0	0	0	0	0
N11	N11.HOG0001240	0	2	0	0	0	0	0	0	0	0	0	0	0	0	0
N11	N11.HOG0001241	0	8	0	0	19	0	0	0	0	0	0	0	0	0	0
N11	N11.HOG0001242	0	2	0	0	0	0	0	0	0	0	0	0	0	0	0
N11	N11.HOG0001243	0	1	0	0	1	0	0	0	0	0	0	0	0	0	0
N11	N11.HOG0001244	0	2	0	0	7	0	0	0	0	0	0	0	0	0	0
N11	N11.HOG0001245	0	3	0	0	0	0	0	0	0	0	0	0	0	0	0
N11	N11.HOG0001246	0	2	0	0	0	0	0	0	0	0	0	0	0	0	0
N11	N11.HOG0001247	0	24	0	1	58	2	0	1	1	0	2	1	0	0	0
N11	N11.HOG0001248	0	0	0	0	0	0	0	0	0	0	0	0	0	0	2
N11	N11.HOG0001249	0	0	0	0	0	0	0	0	0	0	0	0	0	1	1
N11	N11.HOG0001250	1	3	1	1	2	1	1	1	1	1	1	1	0	1	2
N11	N11.HOG0001251	0	2	0	0	0	0	0	0	0	0	0	0	0	1	1
N11	N11.HOG0001252	0	0	0	0	0	0	0	0	0	0	0	0	0	0	1
N11	N11.HOG0001253	0	0	0	0	0	0	0	0	0	0	0	0	0	1	0
N11	N11.HOG0001254	0	0	0	0	0	0	0	0	0	0	0	0	0	1	0
N11	N11.HOG0001255	0	0	0	0	0	0	0	0	0	0	0	0	0	1	0
N11	N11.HOG0001256	0	0	0	0	0	0	0	0	0	0	0	0	0	1	0
N11	N11.HOG0001257	0	0	0	0	0	0	0	0	0	0	0	0	0	0	1
N11	N11.HOG0001258	0	0	0	0	0	0	0	0	0	0	0	0	0	0	1
N11	N11.HOG0001259	0	0	0	0	0	0	0	0	0	0	0	0	0	1	0
N11	N11.HOG0001260	0	0	0	0	0	0	0	0	0	0	0	0	0	2	0
N11	N11.HOG0001261	0	0	0	0	0	0	0	0	0	0	0	0	0	0	1
N11	N11.HOG0001262	0	0	0	0	0	0	0	0	0	0	0	0	0	0	2
N11	N11.HOG0001263	0	0	0	0	0	0	0	0	0	0	0	0	0	1	0
N11	N11.HOG0001264	1	0	0	0	0	0	0	0	0	0	0	0	0	0	0
N11	N11.HOG0001265	0	0	0	0	0	0	0	0	0	0	0	0	0	1	0
N11	N11.HOG0001266	0	0	0	0	0	0	0	0	0	0	0	0	0	1	0
N11	N11.HOG0001267	0	0	0	0	0	0	0	0	0	0	0	0	0	0	1
N11	N11.HOG0001268	0	0	0	0	0	0	0	0	0	0	0	0	0	1	0
N11	N11.HOG0001269	0	0	0	0	0	0	0	0	0	0	0	0	0	2	0
N11	N11.HOG0001270	0	0	0	0	0	0	0	0	0	0	0	0	0	1	0
N11	N11.HOG0001271	1	0	0	0	0	0	0	0	0	0	0	0	0	0	0
N11	N11.HOG0001272	1	0	0	0	0	0	0	0	0	0	0	0	0	1	0
N11	N11.HOG0001273	1	0	1	1	1	1	1	1	1	1	1	1	1	1	1
N11	N11.HOG0001274	1	0	0	0	0	0	0	0	0	0	0	0	0	0	0
N11	N11.HOG0001275	0	0	0	1	0	0	0	0	0	0	0	0	0	0	0
N11	N11.HOG0001276	1	0	0	0	0	0	0	0	0	0	0	0	0	0	0
N11	N11.HOG0001277	1	0	0	0	0	0	0	0	0	0	0	0	0	0	0
N11	N11.HOG0001278	0	1	0	0	0	0	0	0	0	0	0	0	0	0	0
N11	N11.HOG0001279	1	7	0	0	0	0	0	0	0	0	0	0	0	0	0
N11	N11.HOG0001280	0	1	0	0	0	0	0	0	0	0	0	0	0	0	0
N11	N11.HOG0001281	0	1	0	0	0	0	0	0	0	0	0	0	0	0	0
N11	N11.HOG0001282	2	0	0	0	0	0	0	0	0	0	0	0	0	0	0
N11	N11.HOG0001283	1	1	1	1	1	1	1	1	1	1	1	1	1	1	0
N11	N11.HOG0001284	1	1	1	1	1	1	1	1	1	1	1	1	2	1	1
N11	N11.HOG0001285	1	1	1	2	1	1	1	1	1	1	1	1	1	1	1
N11	N11.HOG0001286	1	1	1	1	1	1	1	1	1	1	1	1	1	1	1
N11	N11.HOG0001287	1	1	1	1	1	1	1	1	1	1	1	2	1	1	1
N11	N11.HOG0001288	0	0	0	0	0	0	0	0	0	0	0	0	1	0	0
N11	N11.HOG0001289	1	1	1	1	1	1	0	1	1	1	1	1	1	1	1
N11	N11.HOG0001290	1	1	1	1	1	1	0	1	1	1	1	1	1	1	1
N11	N11.HOG0001291	1	0	0	0	0	0	0	0	0	0	0	0	0	0	0
N11	N11.HOG0001292	1	0	0	1	1	0	1	1	1	1	1	1	1	1	0
N11	N11.HOG0001293	1	0	1	1	1	1	1	1	1	1	1	1	1	1	1
N11	N11.HOG0001294	1	1	1	1	1	1	1	1	1	1	1	1	1	1	1
N11	N11.HOG0001295	0	2	4	4	4	4	0	5	5	5	5	5	0	0	0
N11	N11.HOG0001296	0	0	0	0	0	0	0	0	0	0	0	0	0	0	1
N11	N11.HOG0001297	0	0	0	0	0	0	0	0	0	0	0	0	1	1	1
N11	N11.HOG0001298	0	0	0	0	0	0	0	0	0	0	0	0	1	0	0
N11	N11.HOG0001299	0	0	0	0	0	0	0	0	0	0	0	0	1	1	0
N11	N11.HOG0001300	0	0	0	0	1	0	0	0	0	0	0	0	0	1	0
N11	N11.HOG0001301	0	0	0	0	0	0	0	0	0	0	0	0	1	0	1
N11	N11.HOG0001302	0	0	0	0	0	0	0	0	0	0	0	0	1	0	0
N11	N11.HOG0001303	0	0	0	0	0	0	0	0	0	0	0	0	0	1	0
N11	N11.HOG0001304	0	0	0	0	0	0	0	0	0	0	0	0	0	1	0
N11	N11.HOG0001305	0	0	1	0	0	1	0	0	0	0	0	0	0	1	0
N11	N11.HOG0001306	1	0	0	0	0	0	0	0	0	0	0	0	0	0	0
N11	N11.HOG0001307	1	0	0	0	0	0	0	0	0	0	0	0	1	1	1
N11	N11.HOG0001308	1	1	1	1	1	1	1	1	1	1	1	1	1	1	1
N11	N11.HOG0001309	0	1	1	1	1	1	1	1	1	1	1	1	1	1	0
N11	N11.HOG0001310	0	1	1	1	1	1	1	1	1	1	1	1	1	1	1
N11	N11.HOG0001311	0	1	1	0	1	1	0	1	1	1	1	1	1	0	1
N11	N11.HOG0001312	1	1	1	1	1	0	1	1	1	1	1	1	0	1	0
N11	N11.HOG0001313	0	2	1	0	1	1	1	0	0	0	0	0	1	1	1
N11	N11.HOG0001314	0	2	1	1	1	1	1	1	1	1	1	1	1	1	0
N11	N11.HOG0001315	0	2	0	0	0	0	1	0	0	0	0	0	1	1	0
N11	N11.HOG0001316	0	2	1	1	1	1	1	1	1	1	1	1	1	1	1
N11	N11.HOG0001317	0	1	0	0	0	0	0	0	0	0	0	0	0	0	0
N11	N11.HOG0001318	0	0	0	1	0	0	0	0	0	0	0	0	0	0	0
N11	N11.HOG0001319	0	0	0	0	1	0	0	0	0	0	0	0	0	0	0
N11	N11.HOG0001320	0	0	0	24	0	2	0	0	0	0	0	0	0	0	0
N11	N11.HOG0001321	1	0	0	0	0	0	0	0	0	0	0	0	0	0	0
N11	N11.HOG0001322	0	0	0	2	0	0	0	0	0	0	0	0	0	0	0
N11	N11.HOG0001324	0	0	6	0	0	0	0	0	0	0	0	0	0	0	0
N11	N11.HOG0001325	1	0	0	0	0	0	0	0	0	0	0	0	0	0	0
N11	N11.HOG0001326	0	0	1	1	0	1	1	1	1	1	1	0	0	0	0
N11	N11.HOG0001327	0	1	1	1	1	1	1	1	1	1	1	1	0	1	0
N11	N11.HOG0001328	1	1	1	1	1	1	1	1	1	1	1	1	1	1	1
N11	N11.HOG0001329	1	1	1	1	1	1	1	1	1	1	1	1	1	1	1
N11	N11.HOG0001330	1	1	1	1	1	1	1	1	1	1	1	1	1	1	1
N11	N11.HOG0001331	1	1	0	1	2	0	1	0	0	0	0	0	1	1	1
N11	N11.HOG0001332	1	1	1	1	0	1	1	1	1	1	1	1	1	1	1
N11	N11.HOG0001333	1	1	1	1	1	1	1	1	1	1	1	1	1	1	1
N11	N11.HOG0001334	1	1	0	0	1	1	0	0	0	1	0	0	1	0	0
N11	N11.HOG0001335	1	0	1	1	2	2	1	1	1	1	1	1	1	1	1
N11	N11.HOG0001336	0	0	0	0	1	0	0	0	0	0	0	0	0	0	0
N11	N11.HOG0001337	0	0	0	0	145	6	0	0	0	0	0	0	0	0	0
N11	N11.HOG0001338	1	0	1	0	11	0	0	0	0	0	0	0	0	0	0
N11	N11.HOG0001339	0	0	0	0	1	0	0	0	0	0	0	0	0	0	0
N11	N11.HOG0001340	0	0	0	0	1	0	0	0	0	0	0	0	0	0	0
N11	N11.HOG0001341	0	0	0	0	3	0	0	0	0	0	0	0	0	0	0
N11	N11.HOG0001342	0	0	0	0	2	0	0	0	0	0	0	0	0	0	0
N11	N11.HOG0001343	1	1	1	1	1	1	1	1	1	1	1	1	1	1	1
N11	N11.HOG0001344	1	1	1	1	1	1	1	1	1	1	1	1	1	1	1
N11	N11.HOG0001345	1	1	1	1	1	1	1	1	1	1	1	1	1	1	1
N11	N11.HOG0001346	1	1	1	1	1	1	1	1	1	1	1	1	1	1	1
N11	N11.HOG0001347	0	0	0	0	0	0	1	0	1	1	1	1	1	1	1
N11	N11.HOG0001348	1	1	1	1	1	1	0	1	1	1	1	1	0	0	1
N11	N11.HOG0001349	0	0	0	0	0	0	1	1	1	1	1	1	1	1	1
N11	N11.HOG0001350	0	1	1	1	1	0	0	0	0	0	0	0	1	1	0
N11	N11.HOG0001351	1	0	0	1	1	1	1	1	1	1	1	1	0	1	0
N11	N11.HOG0001352	0	1	1	1	1	1	1	0	0	0	0	0	1	1	0
N11	N11.HOG0001353	1	0	0	0	0	0	0	0	0	0	0	0	0	0	0
N11	N11.HOG0001354	1	0	0	0	0	0	0	0	0	0	0	0	0	0	0
N11	N11.HOG0001355	0	0	0	0	0	0	2	1	1	1	1	1	0	1	1
N11	N11.HOG0001356	0	0	1	1	1	1	1	1	1	1	1	1	1	1	1
N11	N11.HOG0001357	1	1	1	1	1	1	1	1	1	1	1	1	1	1	1
N11	N11.HOG0001358	1	1	0	1	1	1	1	1	1	1	1	1	1	1	1
N11	N11.HOG0001359	1	1	1	1	1	1	1	1	1	1	1	1	1	1	1
N11	N11.HOG0001360	1	1	1	1	1	1	1	1	1	1	1	1	1	1	1
N11	N11.HOG0001361	1	1	1	1	1	1	1	1	1	1	1	1	1	1	1
N11	N11.HOG0001362	1	1	1	1	1	1	1	1	1	1	1	1	2	1	2
N11	N11.HOG0001363	0	1	0	0	0	0	0	0	0	0	0	0	0	0	0
N11	N11.HOG0001364	1	1	1	1	1	1	1	1	0	1	1	1	1	1	1
N11	N11.HOG0001365	1	1	1	1	1	1	1	1	1	1	1	1	2	1	1
N11	N11.HOG0001366	0	1	1	1	1	1	1	1	1	1	1	1	1	1	1
N11	N11.HOG0001367	0	1	1	1	1	1	1	0	0	1	1	1	1	1	1
N11	N11.HOG0001368	1	0	1	1	1	1	1	1	1	1	1	1	1	1	1
N11	N11.HOG0001369	1	1	1	1	1	1	2	1	1	1	1	1	1	1	1
N11	N11.HOG0001370	0	0	0	0	0	0	0	0	0	0	0	0	0	0	1
N11	N11.HOG0001371	1	1	1	1	1	1	1	1	1	1	1	1	1	1	1
N11	N11.HOG0001372	1	1	1	1	1	1	1	1	1	1	1	1	1	1	1
N11	N11.HOG0001373	1	1	1	1	1	1	1	1	1	1	1	1	1	1	1
N11	N11.HOG0001374	1	1	1	1	1	1	1	1	1	1	1	1	1	1	1
N11	N11.HOG0001375	1	0	1	1	1	1	1	1	1	1	1	1	1	1	1
N11	N11.HOG0001376	1	1	1	1	1	1	1	1	1	1	1	1	1	1	1
N11	N11.HOG0001377	1	2	1	1	1	1	2	3	1	1	1	1	1	1	1
N11	N11.HOG0001378	3	1	1	1	0	1	1	1	1	1	1	1	1	1	0
N11	N11.HOG0001379	0	1	1	1	1	0	0	1	1	1	0	1	0	0	0
N11	N11.HOG0001380	0	1	1	1	1	1	1	1	1	1	1	1	1	1	0
N11	N11.HOG0001381	0	1	1	1	1	0	1	1	1	1	1	1	1	1	0
N11	N11.HOG0001382	0	0	0	0	0	0	1	0	0	0	0	0	0	1	0
N11	N11.HOG0001383	0	0	1	1	0	1	1	1	1	1	1	1	1	1	0
N11	N11.HOG0001384	1	0	1	1	0	1	1	1	1	1	1	1	0	0	0
N11	N11.HOG0001385	0	1	1	1	1	0	0	1	1	1	1	1	1	1	0
N11	N11.HOG0001386	0	1	1	1	1	1	1	1	1	1	1	1	1	1	1
N11	N11.HOG0001387	1	2	1	1	1	1	1	1	1	1	1	1	1	2	1
N11	N11.HOG0001388	1	2	1	1	1	1	1	1	1	1	1	1	1	1	2
N11	N11.HOG0001389	1	2	1	1	0	1	1	1	1	1	1	1	1	1	1
N11	N11.HOG0001390	1	1	1	1	1	1	1	1	1	1	1	1	1	1	1
N11	N11.HOG0001391	1	0	0	1	0	1	1	1	1	1	1	1	1	1	0
N11	N11.HOG0001392	1	2	2	2	1	2	2	2	2	2	2	2	2	2	2
N11	N11.HOG0001393	0	1	1	1	1	0	0	0	0	0	0	0	0	0	0
N11	N11.HOG0001394	1	1	1	1	1	1	1	1	1	2	1	1	1	1	1
N11	N11.HOG0001395	0	0	0	0	0	0	0	0	0	2	2	2	0	0	0
N11	N11.HOG0001396	1	1	1	1	0	1	1	1	1	0	0	0	1	0	1
N11	N11.HOG0001397	0	0	0	0	0	0	0	0	0	0	0	0	0	1	0
N11	N11.HOG0001398	1	0	1	1	0	1	1	1	1	1	1	1	1	1	1
N11	N11.HOG0001399	1	0	1	1	0	1	1	1	1	1	1	1	1	1	1
N11	N11.HOG0001400	1	1	1	1	1	1	2	0	0	1	1	1	3	4	2
N11	N11.HOG0001401	1	1	1	1	1	1	1	1	1	1	1	1	1	1	1
N11	N11.HOG0001402	1	3	1	0	0	1	1	0	0	0	0	0	1	1	1
N11	N11.HOG0001403	1	1	1	1	1	1	1	1	1	1	1	1	1	1	1
N11	N11.HOG0001404	1	0	1	1	1	1	1	1	1	1	1	1	1	1	1
N11	N11.HOG0001405	1	1	1	1	1	1	1	1	1	1	1	1	1	1	1
N11	N11.HOG0001406	0	2	0	0	0	0	0	0	0	0	0	0	0	0	0
N11	N11.HOG0001407	1	2	0	0	0	0	1	0	0	0	0	0	1	0	1
N11	N11.HOG0001408	0	0	0	0	0	0	0	0	0	0	0	0	0	0	1
N11	N11.HOG0001409	0	0	0	1	0	0	1	1	1	0	0	0	1	1	0
N11	N11.HOG0001410	2	2	1	1	0	1	1	1	1	1	1	1	1	1	1
N11	N11.HOG0001411	1	0	1	0	0	0	0	0	0	0	0	0	0	0	0
N11	N11.HOG0001412	1	2	1	1	1	1	1	1	1	1	1	1	1	1	1
N11	N11.HOG0001413	1	1	1	1	1	1	1	1	1	1	1	1	1	1	1
N11	N11.HOG0001414	1	0	0	0	0	0	0	0	0	0	0	0	0	0	0
N11	N11.HOG0001415	0	0	1	0	0	0	0	0	0	0	0	0	0	0	0
N11	N11.HOG0001416	0	0	0	0	1	0	0	0	0	0	0	0	0	0	0
N11	N11.HOG0001417	0	0	0	3	2	0	0	0	0	1	0	4	0	0	0
N11	N11.HOG0001418	0	0	1	0	1	0	0	0	0	0	0	0	0	0	0
N11	N11.HOG0001419	0	1	0	1	2	0	0	0	0	0	0	0	0	0	0
N11	N11.HOG0001420	0	1	0	1	0	0	0	0	0	0	0	0	0	0	0
N11	N11.HOG0001421	0	1	1	0	1	1	0	0	0	0	0	0	0	0	0
N11	N11.HOG0001422	0	1	0	0	0	0	0	0	0	0	0	0	0	0	0
N11	N11.HOG0001423	2	0	0	1	0	0	0	0	0	0	0	0	0	0	0
N11	N11.HOG0001424	0	0	1	0	0	0	0	0	0	0	0	0	0	0	0
N11	N11.HOG0001425	1	0	0	0	0	0	0	0	0	0	0	0	0	0	0
N11	N11.HOG0001426	0	1	0	0	0	0	0	0	0	0	0	0	0	0	0
N11	N11.HOG0001427	0	1	0	0	0	0	0	0	0	0	0	0	0	0	0
N11	N11.HOG0001428	0	0	0	0	0	0	0	1	1	1	1	1	1	1	1
N11	N11.HOG0001429	1	3	3	3	2	2	5	1	5	3	2	3	6	6	4
N11	N11.HOG0001430	0	0	0	0	0	0	0	0	0	0	0	0	1	1	0
N11	N11.HOG0001431	1	1	1	1	1	1	1	1	1	1	1	1	1	1	1
N11	N11.HOG0001432	1	1	1	1	1	1	1	1	1	1	1	1	1	1	1
N11	N11.HOG0001433	1	0	0	0	0	0	1	1	1	1	1	1	1	1	1
N11	N11.HOG0001434	1	1	1	1	1	1	1	0	0	0	0	0	1	1	1
N11	N11.HOG0001435	1	0	1	1	1	1	1	1	1	1	1	1	1	1	1
N11	N11.HOG0001436	0	0	0	0	0	0	1	0	0	0	0	0	1	1	0
N11	N11.HOG0001437	0	1	1	1	1	1	1	0	1	1	1	0	1	1	0
N11	N11.HOG0001438	0	0	0	1	1	0	1	0	1	1	0	0	0	0	0
N11	N11.HOG0001439	0	0	0	1	0	1	0	0	0	1	0	0	0	0	0
N11	N11.HOG0001440	0	0	0	0	0	0	1	1	0	1	0	1	0	0	0
N11	N11.HOG0001441	0	1	0	1	1	0	0	0	1	1	1	0	0	1	0
N11	N11.HOG0001442	0	1	1	1	1	1	0	1	1	1	1	1	0	0	0
N11	N11.HOG0001443	0	1	1	1	0	1	0	0	1	1	1	0	1	0	1
N11	N11.HOG0001444	1	1	0	1	1	0	0	0	0	1	0	1	0	0	0
N11	N11.HOG0001445	0	0	0	0	1	0	0	0	0	0	0	0	0	0	0
N11	N11.HOG0001446	1	2	1	1	1	1	1	1	1	1	1	1	1	1	1
N11	N11.HOG0001447	1	1	1	1	1	1	1	1	1	1	1	1	1	1	0
N11	N11.HOG0001448	1	1	1	1	1	1	1	1	1	1	1	1	1	1	1
N11	N11.HOG0001449	1	1	1	1	1	1	1	1	1	1	1	1	1	1	1
N11	N11.HOG0001450	1	0	1	1	1	1	1	1	1	1	1	1	1	1	1
N11	N11.HOG0001451	1	0	2	2	1	0	0	0	2	1	2	2	0	1	1
N11	N11.HOG0001452	0	0	0	0	0	0	0	0	0	0	0	0	1	0	0
N11	N11.HOG0001453	0	1	0	0	0	2	0	3	0	0	0	0	0	0	0
N11	N11.HOG0001454	1	0	1	1	1	0	1	0	0	1	1	1	0	1	1
N11	N11.HOG0001455	0	0	0	0	0	0	1	0	0	0	0	0	0	0	0
N11	N11.HOG0001456	1	0	0	0	0	0	0	0	0	0	0	0	0	1	1
N11	N11.HOG0001457	1	0	0	0	0	0	0	0	0	0	0	0	0	0	0
N11	N11.HOG0001458	2	0	0	0	0	0	0	0	0	0	0	0	0	0	0
N11	N11.HOG0001459	2	0	0	0	0	0	0	0	0	0	0	0	0	0	0
N11	N11.HOG0001460	2	0	0	0	0	0	0	0	0	0	0	0	0	0	0
N11	N11.HOG0001461	0	0	0	0	1	0	0	0	0	0	0	0	0	0	0
N11	N11.HOG0001462	1	0	2	1	2	2	1	1	1	1	1	1	0	1	1
N11	N11.HOG0001463	1	1	1	1	1	1	1	1	1	1	1	1	1	1	1
N11	N11.HOG0001464	0	2	1	2	2	1	1	1	1	1	1	1	2	2	1
N11	N11.HOG0001465	0	1	1	1	1	1	1	1	1	1	1	1	1	1	1
N11	N11.HOG0001466	1	2	1	1	1	1	1	1	1	1	1	1	1	1	0
N11	N11.HOG0001467	0	1	1	1	1	3	1	1	1	0	1	0	1	1	1
N11	N11.HOG0001468	1	1	1	1	1	1	1	1	1	1	1	1	1	1	1
N11	N11.HOG0001469	0	1	1	1	1	1	1	1	1	1	1	1	1	1	0
N11	N11.HOG0001470	0	0	0	0	0	0	0	0	0	0	0	0	0	0	1
N11	N11.HOG0001471	1	1	1	1	1	1	1	1	1	1	1	1	1	1	1
N11	N11.HOG0001472	1	1	1	1	1	1	1	1	1	1	1	1	1	1	0
N11	N11.HOG0001473	0	4	1	3	1	1	3	2	1	2	2	3	5	3	1
N11	N11.HOG0001474	0	1	1	1	1	1	1	1	1	1	1	1	0	0	0
N11	N11.HOG0001475	0	1	0	0	1	1	1	0	0	2	2	4	1	3	2
N11	N11.HOG0001476	1	1	1	1	1	1	1	1	1	1	1	1	1	1	1
N11	N11.HOG0001477	1	0	1	1	1	0	1	1	1	1	0	1	1	1	0
N11	N11.HOG0001478	1	1	0	0	1	1	1	0	1	1	1	1	1	1	0
N11	N11.HOG0001479	1	0	0	0	0	0	0	0	0	0	0	0	0	0	0
N11	N11.HOG0001480	1	1	1	1	1	1	1	1	1	1	1	1	1	2	1
N11	N11.HOG0001481	0	0	0	0	1	0	0	0	0	0	0	0	0	0	0
N11	N11.HOG0001482	0	0	3	0	0	0	0	0	0	0	0	0	0	0	0
N11	N11.HOG0001483	0	0	0	0	1	0	0	0	0	0	0	0	0	0	0
N11	N11.HOG0001484	0	0	0	0	1	0	0	0	0	0	0	0	0	0	0
N11	N11.HOG0001485	3	0	0	0	0	0	0	0	0	0	0	0	0	0	0
N11	N11.HOG0001486	0	0	0	4	1	0	0	0	0	0	0	0	0	0	0
N11	N11.HOG0001487	1	1	1	1	1	1	1	1	1	1	1	1	1	1	1
N11	N11.HOG0001488	1	1	2	1	0	1	1	2	1	2	1	1	1	1	1
N11	N11.HOG0001489	1	0	0	0	0	1	0	1	1	1	1	1	0	0	1
N11	N11.HOG0001490	1	1	1	1	1	1	1	1	1	1	1	1	1	1	1
N11	N11.HOG0001491	1	1	1	1	2	1	1	1	1	1	1	1	1	1	1
N11	N11.HOG0001492	1	2	1	1	1	1	1	1	1	1	1	1	1	1	1
N11	N11.HOG0001493	0	0	1	1	1	1	1	1	1	1	1	1	1	1	1
N11	N11.HOG0001494	1	0	1	1	1	1	1	1	1	1	1	1	1	1	1
N11	N11.HOG0001495	1	1	1	0	1	1	1	1	1	0	0	1	1	1	1
N11	N11.HOG0001496	0	1	0	0	0	0	0	0	0	0	0	0	0	0	0
N11	N11.HOG0001497	1	1	1	1	1	1	1	1	1	1	1	1	1	1	1
N11	N11.HOG0001498	1	1	1	1	1	1	1	1	1	1	1	1	1	1	1
N11	N11.HOG0001499	1	1	0	0	0	1	1	1	1	1	0	1	1	1	1
N11	N11.HOG0001500	1	2	2	2	2	1	1	1	0	3	5	2	1	1	1
N11	N11.HOG0001501	1	1	1	1	1	1	1	1	1	1	1	1	1	1	1
N11	N11.HOG0001502	0	0	0	0	2	0	0	0	0	0	0	0	0	0	0
N11	N11.HOG0001503	1	12	0	0	0	2	0	0	0	0	0	0	0	0	0
N11	N11.HOG0001504	1	0	0	0	0	0	0	0	0	0	0	0	0	0	0
N11	N11.HOG0001505	2	0	0	0	0	0	0	0	0	0	0	0	0	0	0
N11	N11.HOG0001506	0	0	0	0	0	0	0	0	0	0	0	0	0	1	0
N11	N11.HOG0001507	0	0	0	0	0	0	1	0	0	0	0	0	1	0	1
N11	N11.HOG0001508	1	1	0	0	1	0	0	0	0	0	0	0	0	0	0
N11	N11.HOG0001509	0	1	0	0	1	0	0	0	0	0	0	0	0	0	0
N11	N11.HOG0001510	0	1	0	0	0	0	0	0	0	0	0	0	0	0	0
N11	N11.HOG0001511	0	1	1	0	1	0	1	1	1	0	0	1	0	0	0
N11	N11.HOG0001512	1	1	1	1	1	1	0	1	1	1	1	1	1	1	0
N11	N11.HOG0001513	0	1	0	0	1	0	0	0	0	0	0	0	0	0	0
N11	N11.HOG0001514	0	1	1	0	1	1	0	0	0	1	1	1	0	0	0
N11	N11.HOG0001515	0	2	2	1	2	2	0	1	1	2	2	2	0	0	0
N11	N11.HOG0001516	0	0	1	1	1	0	0	1	1	1	1	1	0	0	0
N11	N11.HOG0001517	0	2	0	1	1	0	1	1	1	1	1	0	1	1	0
N11	N11.HOG0001518	1	1	1	1	1	1	1	1	1	1	1	1	1	1	1
N11	N11.HOG0001519	0	1	1	1	1	1	0	0	0	1	1	1	1	1	0
N11	N11.HOG0001520	1	1	1	1	1	1	1	1	1	1	1	1	1	1	1
N11	N11.HOG0001521	1	1	1	1	1	1	1	1	1	1	1	1	1	1	1
N11	N11.HOG0001522	1	1	1	1	1	1	1	1	1	1	1	1	1	1	1
N11	N11.HOG0001523	1	1	1	1	1	1	1	1	1	1	1	1	1	1	1
N11	N11.HOG0001524	1	0	1	1	0	1	1	1	1	1	1	1	1	1	1
N11	N11.HOG0001525	1	0	1	1	0	1	1	1	1	1	1	1	1	1	1
N11	N11.HOG0001526	1	1	1	1	1	1	1	1	1	1	1	1	1	1	1
N11	N11.HOG0001527	1	1	1	1	1	1	1	1	1	1	1	1	1	1	1
N11	N11.HOG0001528	1	1	1	1	1	1	1	1	1	1	1	1	1	1	1
N11	N11.HOG0001529	1	1	1	1	1	1	1	1	1	1	1	1	1	1	1
N11	N11.HOG0001530	1	1	1	1	2	1	1	1	1	1	1	1	1	1	1
N11	N11.HOG0001531	1	1	1	1	2	1	1	1	1	1	1	1	1	1	1
N11	N11.HOG0001532	1	1	1	1	1	1	1	1	1	1	1	1	1	1	1
N11	N11.HOG0001533	1	1	1	1	1	1	1	1	1	1	1	1	2	1	1
N11	N11.HOG0001534	1	1	1	0	0	1	1	1	1	1	1	1	1	1	1
N11	N11.HOG0001535	1	0	1	1	1	1	1	1	1	1	1	1	1	1	1
N11	N11.HOG0001536	0	15	0	0	0	0	0	0	0	0	0	0	0	0	0
N11	N11.HOG0001537	0	0	0	0	1	0	0	0	0	0	0	0	0	0	0
N11	N11.HOG0001538	0	0	0	0	1	0	0	0	0	0	0	0	0	0	0
N11	N11.HOG0001539	0	0	0	0	0	2	0	0	0	0	0	0	0	0	0
N11	N11.HOG0001540	0	0	0	0	0	2	0	0	0	0	0	0	0	0	0
N11	N11.HOG0001541	0	0	0	0	1	1	0	0	0	0	0	0	0	0	0
N11	N11.HOG0001542	1	2	1	1	1	1	1	1	1	1	1	1	1	1	1
N11	N11.HOG0001543	1	2	1	1	1	1	1	1	1	1	1	1	1	1	1
N11	N11.HOG0001544	1	1	1	1	1	1	1	1	1	1	1	1	1	1	1
N11	N11.HOG0001545	1	1	1	1	1	1	1	1	1	1	1	1	1	1	1
N11	N11.HOG0001546	1	1	1	1	1	1	1	1	1	1	1	1	1	1	1
N11	N11.HOG0001547	2	1	1	0	1	0	0	0	0	0	0	0	1	1	0
N11	N11.HOG0001548	1	1	1	1	1	1	1	1	1	1	1	1	1	1	1
N11	N11.HOG0001549	1	2	1	1	1	1	1	1	1	1	1	1	1	1	2
N11	N11.HOG0001550	0	0	0	0	1	0	0	0	0	0	0	0	0	0	0
N11	N11.HOG0001551	0	1	0	0	0	0	1	0	0	0	0	0	1	0	0
N11	N11.HOG0001552	1	0	1	1	0	1	0	1	1	1	1	1	1	1	1
N11	N11.HOG0001553	0	1	0	0	0	0	0	0	0	0	0	0	2	0	0
N11	N11.HOG0001554	1	2	1	1	1	1	1	1	1	1	1	1	1	1	1
N11	N11.HOG0001555	0	1	1	1	1	1	1	1	1	1	1	1	0	0	0
N11	N11.HOG0001556	0	0	0	0	0	0	0	0	0	0	0	0	1	0	0
N11	N11.HOG0001557	0	1	1	1	1	1	1	1	1	1	1	1	1	1	1
N11	N11.HOG0001558	1	0	0	0	0	0	1	1	1	1	1	1	1	1	1
N11	N11.HOG0001559	1	0	0	0	0	0	0	0	0	0	0	0	0	0	0
N11	N11.HOG0001560	1	0	0	0	0	0	0	0	0	0	0	0	0	0	0
N11	N11.HOG0001561	2	0	0	0	0	0	0	0	0	0	0	0	0	0	0
N11	N11.HOG0001562	1	0	0	0	1	1	0	1	1	1	1	1	0	1	0
N11	N11.HOG0001563	1	1	1	1	1	1	2	2	2	0	0	0	2	1	2
N11	N11.HOG0001564	0	0	0	0	0	0	0	0	0	1	1	1	0	0	0
N11	N11.HOG0001565	2	0	0	0	0	0	0	0	0	0	0	0	0	0	0
N11	N11.HOG0001566	1	1	1	1	1	1	1	1	1	1	1	1	1	1	1
N11	N11.HOG0001567	1	1	1	1	1	1	1	1	1	1	1	1	1	1	1
N11	N11.HOG0001568	1	1	1	1	1	1	1	1	1	1	1	1	1	1	2
N11	N11.HOG0001569	1	1	1	1	1	1	1	1	1	1	1	1	1	1	1
N11	N11.HOG0001570	0	1	1	1	1	1	1	1	1	1	1	1	1	1	1
N11	N11.HOG0001571	1	1	0	1	0	1	1	1	1	1	0	1	1	1	1
N11	N11.HOG0001572	0	0	0	0	0	0	1	0	0	0	0	0	0	0	0
N11	N11.HOG0001573	1	1	1	1	0	1	0	1	1	1	1	1	1	1	1
N11	N11.HOG0001574	1	1	1	1	1	1	1	1	1	1	1	1	1	1	1
N11	N11.HOG0001575	1	2	1	1	0	1	1	1	1	1	1	1	1	1	1
N11	N11.HOG0001576	1	2	1	1	0	1	1	1	0	1	1	1	1	1	0
N11	N11.HOG0001577	0	0	0	0	0	0	0	0	0	0	0	0	0	0	1
N11	N11.HOG0001578	1	0	1	0	0	1	2	2	2	2	2	2	2	2	2
N11	N11.HOG0001579	1	1	1	1	1	1	1	1	0	0	0	0	2	1	1
N11	N11.HOG0001580	1	1	1	1	1	1	1	1	1	1	1	1	1	1	1
N11	N11.HOG0001581	1	1	1	1	1	1	1	1	1	1	1	1	1	0	0
N11	N11.HOG0001582	1	1	1	1	1	1	1	1	1	1	1	1	1	1	1
N11	N11.HOG0001583	1	2	1	1	1	1	1	0	0	1	1	1	1	1	1
N11	N11.HOG0001584	1	1	1	1	1	1	1	1	1	1	1	1	1	1	1
N11	N11.HOG0001585	1	1	1	1	1	1	1	1	1	1	1	1	1	1	1
N11	N11.HOG0001586	1	1	1	0	1	1	1	1	1	1	1	1	1	1	0
N11	N11.HOG0001587	1	0	0	1	0	1	1	1	1	1	0	0	1	1	1
N11	N11.HOG0001588	2	1	1	1	1	1	1	1	1	1	1	1	1	1	1
N11	N11.HOG0001589	1	1	1	1	1	1	0	0	0	0	0	0	1	1	0
N11	N11.HOG0001590	1	1	1	0	1	1	1	1	1	1	0	0	1	1	1
N11	N11.HOG0001591	1	1	1	1	1	1	1	0	0	0	0	0	1	1	1
N11	N11.HOG0001592	1	1	1	1	1	1	1	1	1	1	1	1	1	0	0
N11	N11.HOG0001593	0	0	0	1	0	0	0	0	0	0	0	0	0	0	0
N11	N11.HOG0001594	0	1	0	1	0	0	1	0	0	1	1	1	0	1	1
N11	N11.HOG0001595	0	0	0	0	0	0	0	0	1	0	0	0	0	1	0
N11	N11.HOG0001596	0	1	1	1	1	1	1	1	1	1	1	1	1	1	1
N11	N11.HOG0001597	0	1	0	0	1	1	1	1	1	1	1	0	0	0	0
N11	N11.HOG0001598	0	1	0	1	2	1	1	0	0	1	0	0	0	1	0
N11	N11.HOG0001599	1	1	1	1	1	1	1	0	0	0	1	0	1	1	1
N11	N11.HOG0001600	1	1	1	1	1	1	1	1	1	1	1	1	1	1	0
N11	N11.HOG0001601	1	1	1	1	1	1	1	1	1	1	1	1	1	1	1
N11	N11.HOG0001602	1	1	1	1	1	1	1	1	1	1	1	1	1	1	1
N11	N11.HOG0001603	1	1	1	1	1	1	1	1	1	1	1	1	1	1	1
N11	N11.HOG0001604	0	0	0	0	0	0	1	1	1	1	1	1	1	1	1
N11	N11.HOG0001605	1	1	1	1	1	1	1	1	1	1	1	1	1	1	1
N11	N11.HOG0001606	0	0	0	0	1	0	0	0	0	0	0	0	0	0	0
N11	N11.HOG0001607	0	0	0	3	3	1	0	0	0	0	0	0	0	0	0
N11	N11.HOG0001608	1	0	0	1	0	0	0	0	0	0	0	0	0	0	0
N11	N11.HOG0001610	1	0	1	1	0	0	0	0	0	0	0	0	0	0	0
N11	N11.HOG0001611	0	0	1	1	0	0	0	0	0	0	0	0	0	0	0
N11	N11.HOG0001612	1	0	1	0	0	0	0	0	0	0	0	0	0	0	0
N11	N11.HOG0001613	0	0	1	1	3	0	0	0	0	0	0	0	0	0	0
N11	N11.HOG0001614	1	1	1	1	1	1	1	0	1	1	1	0	1	1	1
N11	N11.HOG0001615	0	0	0	0	1	0	0	0	0	0	0	0	0	0	0
N11	N11.HOG0001616	2	0	0	0	0	0	0	0	0	0	0	0	0	0	0
N11	N11.HOG0001617	1	2	0	0	0	0	0	0	0	0	0	0	0	0	0
N11	N11.HOG0001618	0	7	0	0	1	0	0	0	0	0	0	0	0	0	0
N11	N11.HOG0001619	1	13	0	0	1	0	0	0	0	0	0	0	3	3	4
N11	N11.HOG0001620	0	0	0	0	0	0	0	0	0	0	0	0	0	1	1
N11	N11.HOG0001621	0	6	0	0	0	0	1	0	0	0	0	0	1	0	0
N11	N11.HOG0001622	0	0	0	0	0	0	0	0	0	0	0	0	3	0	0
N11	N11.HOG0001623	0	0	0	0	1	0	0	0	0	0	0	0	0	1	1
N11	N11.HOG0001624	1	16	0	0	4	0	0	0	0	0	0	0	0	0	1
N11	N11.HOG0001625	0	0	0	0	0	0	0	0	0	0	0	0	1	0	1
N11	N11.HOG0001626	0	1	0	0	0	0	0	0	0	0	0	0	0	0	0
N11	N11.HOG0001627	0	1	0	0	0	0	0	0	0	0	0	0	0	0	0
N11	N11.HOG0001628	0	1	0	0	0	0	1	0	0	0	0	0	0	0	0
N11	N11.HOG0001629	0	1	1	1	1	1	1	1	1	1	1	1	1	1	1
N11	N11.HOG0001630	1	1	1	1	1	1	1	1	1	1	1	1	1	1	1
N11	N11.HOG0001631	0	1	1	1	1	1	1	1	1	1	1	1	1	1	0
N11	N11.HOG0001632	0	0	0	0	0	0	1	0	0	0	0	0	1	1	0
N11	N11.HOG0001633	0	1	1	1	1	1	0	1	1	1	1	1	0	0	0
N11	N11.HOG0001634	0	0	0	0	0	0	1	0	0	0	0	0	1	1	0
N11	N11.HOG0001635	0	0	0	0	0	0	0	0	0	0	0	0	0	1	0
N11	N11.HOG0001636	1	1	1	1	1	1	1	1	1	1	1	1	1	1	1
N11	N11.HOG0001637	0	1	1	1	1	1	1	1	1	1	1	1	1	1	2
N11	N11.HOG0001638	1	1	0	3	1	3	2	1	1	1	2	2	2	2	0
N11	N11.HOG0001639	0	1	1	1	0	1	1	1	1	1	1	1	1	1	1
N11	N11.HOG0001640	1	0	0	0	0	0	0	0	0	0	0	0	0	0	1
N11	N11.HOG0001641	0	0	0	0	0	0	0	0	0	0	0	1	0	0	0
N11	N11.HOG0001642	0	2	2	2	2	2	1	3	3	3	2	2	0	0	0
N11	N11.HOG0001643	0	0	0	0	0	0	0	0	0	0	0	0	0	0	1
N11	N11.HOG0001644	0	0	0	0	0	0	0	0	1	0	0	0	0	0	0
N11	N11.HOG0001645	1	1	1	5	1	1	3	4	4	3	3	3	3	3	3
N11	N11.HOG0001646	1	0	0	0	0	0	0	0	1	1	1	1	1	1	1
N11	N11.HOG0001647	0	1	0	0	0	0	0	1	1	1	1	1	1	0	0
N11	N11.HOG0001648	1	1	1	1	1	1	1	1	1	1	1	1	1	1	1
N11	N11.HOG0001649	0	1	0	0	0	0	1	1	1	1	0	1	1	1	1
N11	N11.HOG0001650	0	0	1	1	0	1	1	1	1	0	1	1	0	1	1
N11	N11.HOG0001651	1	1	1	1	0	1	1	1	1	0	1	1	1	1	1
N11	N11.HOG0001652	1	0	1	1	1	1	1	1	1	1	1	1	1	1	1
N11	N11.HOG0001653	1	1	1	1	1	1	1	1	1	1	1	1	1	1	1
N11	N11.HOG0001654	0	0	0	0	0	0	0	0	0	1	0	0	0	0	0
N11	N11.HOG0001655	0	1	1	1	1	1	1	1	1	1	1	1	1	2	1
N11	N11.HOG0001656	0	0	0	0	0	0	0	0	0	0	0	0	0	0	1
N11	N11.HOG0001657	1	1	1	1	1	1	2	2	2	2	2	2	0	1	0
N11	N11.HOG0001658	1	1	1	1	1	1	1	1	1	1	1	1	1	2	1
N11	N11.HOG0001659	0	1	1	1	1	1	1	1	1	1	1	1	1	1	1
N11	N11.HOG0001660	1	1	1	1	1	1	1	1	1	1	1	1	1	1	1
N11	N11.HOG0001661	1	1	1	1	1	1	1	1	1	1	1	1	1	1	1
N11	N11.HOG0001662	1	1	1	1	1	1	1	1	1	1	1	1	1	1	1
N11	N11.HOG0001663	1	1	1	1	1	1	1	0	1	1	1	1	1	1	1
N11	N11.HOG0001664	0	0	0	1	0	0	0	0	0	0	0	0	0	0	0
N11	N11.HOG0001665	1	1	1	1	1	1	1	1	1	1	1	1	1	1	1
N11	N11.HOG0001666	1	0	0	0	0	0	0	0	0	0	0	0	0	0	0
N11	N11.HOG0001667	1	1	1	1	2	2	1	1	1	1	1	1	1	3	2
N11	N11.HOG0001668	1	1	1	1	1	1	1	1	1	1	1	1	1	1	1
N11	N11.HOG0001669	1	1	1	1	1	1	1	1	1	1	1	1	1	1	0
N11	N11.HOG0001670	0	0	1	1	1	1	0	1	1	1	1	1	1	0	1
N11	N11.HOG0001671	1	0	1	1	1	1	1	1	1	1	1	1	1	1	0
N11	N11.HOG0001672	0	1	1	1	1	1	0	1	1	1	1	1	0	0	1
N11	N11.HOG0001673	1	0	0	0	0	0	1	0	0	0	0	0	0	0	0
N11	N11.HOG0001674	0	2	1	1	0	1	3	2	1	4	3	3	2	2	2
N11	N11.HOG0001675	1	1	1	1	1	1	1	1	1	1	1	1	1	1	1
N11	N11.HOG0001676	0	0	1	1	1	1	1	1	0	1	1	1	1	1	0
N11	N11.HOG0001677	1	0	1	1	1	1	1	1	1	1	1	1	1	1	1
N11	N11.HOG0001678	0	0	2	0	0	0	0	0	0	0	0	0	0	0	0
N11	N11.HOG0001679	0	0	0	0	1	0	0	0	0	0	0	0	0	0	0
N11	N11.HOG0001680	0	0	0	0	1	0	0	0	0	0	0	0	0	0	0
N11	N11.HOG0001681	0	0	1	0	0	0	0	0	0	0	0	0	0	0	0
N11	N11.HOG0001682	0	0	0	0	1	0	0	0	0	0	0	0	0	0	0
N11	N11.HOG0001684	0	0	0	0	1	0	0	0	0	0	0	0	0	0	0
N11	N11.HOG0001685	0	0	0	0	0	0	0	0	0	0	0	1	0	0	0
N11	N11.HOG0001686	0	0	0	0	0	0	0	0	0	0	0	1	0	0	0
N11	N11.HOG0001687	0	0	0	0	1	0	0	0	0	0	0	0	0	0	0
N11	N11.HOG0001688	1	1	1	3	1	1	2	2	2	2	2	1	2	2	2
N11	N11.HOG0001689	0	1	1	1	1	1	0	0	0	0	0	0	0	0	0
N11	N11.HOG0001690	0	1	1	1	0	1	1	1	0	1	1	1	0	1	1
N11	N11.HOG0001691	1	1	1	1	1	1	1	1	1	1	1	1	1	1	1
N11	N11.HOG0001692	1	2	2	2	2	2	1	3	2	3	3	4	2	2	1
N11	N11.HOG0001693	1	2	2	2	2	2	2	1	2	2	2	2	2	2	1
N11	N11.HOG0001694	1	0	0	0	0	0	0	0	0	0	0	0	0	0	0
N11	N11.HOG0001695	0	4	1	1	1	1	2	1	1	1	1	1	1	1	1
N11	N11.HOG0001696	1	0	0	0	0	0	0	0	0	0	0	0	0	0	0
N11	N11.HOG0001697	1	2	1	1	1	1	1	1	1	1	1	1	1	1	1
N11	N11.HOG0001698	1	1	1	1	2	1	1	1	1	1	1	1	1	1	1
N11	N11.HOG0001699	1	1	1	0	1	1	1	1	1	1	1	1	1	1	1
N11	N11.HOG0001700	0	0	1	1	0	1	1	1	1	1	1	1	1	1	1
N11	N11.HOG0001701	0	1	1	1	1	1	1	1	1	1	1	1	1	1	1
N11	N11.HOG0001702	0	0	0	0	0	0	0	0	0	1	0	1	0	0	0
N11	N11.HOG0001703	1	1	1	1	1	1	1	1	1	0	1	0	1	1	0
N11	N11.HOG0001704	1	1	1	1	1	1	1	1	1	0	1	0	0	1	1
N11	N11.HOG0001705	1	1	1	1	0	1	1	1	1	1	0	1	1	1	1
N11	N11.HOG0001706	1	0	1	1	1	1	1	1	1	1	1	1	1	1	1
N11	N11.HOG0001707	1	2	1	2	2	1	2	2	2	2	1	2	3	1	2
N11	N11.HOG0001708	0	1	1	1	0	1	0	1	1	1	1	1	0	0	0
N11	N11.HOG0001709	1	0	1	1	0	1	1	1	1	0	1	1	1	2	1
N11	N11.HOG0001710	1	1	1	1	1	1	1	1	1	1	1	1	1	1	1
N11	N11.HOG0001711	1	1	1	1	1	1	1	1	1	1	1	1	1	1	1
N11	N11.HOG0001712	1	1	1	1	1	1	1	1	1	1	1	1	1	1	1
N11	N11.HOG0001713	0	1	0	1	1	1	1	1	1	1	1	1	1	1	0
N11	N11.HOG0001714	1	1	1	1	1	1	1	1	1	1	1	1	1	1	1
N11	N11.HOG0001715	1	1	1	1	1	1	1	1	1	1	1	1	1	1	1
N11	N11.HOG0001716	0	1	0	1	1	0	0	0	0	0	0	0	1	1	0
N11	N11.HOG0001717	1	1	1	1	2	1	1	1	1	1	1	1	1	1	1
N11	N11.HOG0001718	1	1	1	1	1	1	1	1	1	1	1	1	1	1	1
N11	N11.HOG0001719	0	1	1	1	1	1	1	0	1	1	0	0	1	1	1
N11	N11.HOG0001720	1	0	1	1	1	1	1	0	1	1	0	0	1	1	1
N11	N11.HOG0001721	1	1	1	1	1	1	1	1	1	1	1	1	1	1	1
N11	N11.HOG0001722	1	1	1	1	1	1	1	1	1	1	1	1	1	1	1
N11	N11.HOG0001723	0	1	0	0	1	0	1	1	1	1	1	1	0	0	0
N11	N11.HOG0001724	0	1	0	0	1	0	1	1	1	0	1	0	0	0	0
N11	N11.HOG0001725	0	1	0	1	1	1	1	1	1	1	1	1	0	0	0
N11	N11.HOG0001726	0	1	0	0	1	0	0	0	1	0	1	1	1	0	0
N11	N11.HOG0001727	0	1	1	0	1	0	1	1	1	1	1	1	0	0	0
N11	N11.HOG0001728	1	1	1	0	1	1	1	1	1	1	1	1	1	1	2
N11	N11.HOG0001729	1	0	1	1	1	0	0	1	1	1	1	1	1	1	1
N11	N11.HOG0001730	1	0	1	1	0	1	1	1	1	1	1	1	1	1	1
N11	N11.HOG0001731	1	1	1	1	1	1	1	1	1	1	1	1	1	1	1
N11	N11.HOG0001732	1	0	1	1	1	1	1	1	1	1	1	1	1	3	1
N11	N11.HOG0001733	1	1	1	1	1	1	1	1	1	1	1	1	1	1	1
N11	N11.HOG0001735	0	0	1	0	0	0	0	0	0	0	0	0	0	0	0
N11	N11.HOG0001736	1	2	1	1	1	1	1	1	1	1	1	1	1	1	1
N11	N11.HOG0001737	1	2	1	0	0	1	1	1	1	1	1	1	1	1	1
N11	N11.HOG0001738	0	1	0	1	1	0	0	0	0	0	0	0	0	0	0
N11	N11.HOG0001739	0	2	0	0	1	0	0	0	0	0	0	0	0	0	0
N11	N11.HOG0001740	1	1	0	1	1	1	1	1	1	1	1	1	1	1	1
N11	N11.HOG0001741	1	1	1	1	1	1	1	1	1	1	1	1	1	1	1
N11	N11.HOG0001742	2	1	1	1	1	1	1	1	1	1	1	1	1	1	1
N11	N11.HOG0001743	1	0	0	0	1	0	1	0	0	0	0	1	1	1	0
N11	N11.HOG0001744	0	1	0	0	1	0	1	1	1	1	1	1	0	0	1
N11	N11.HOG0001745	0	0	0	0	1	0	0	0	0	0	0	0	0	0	0
N11	N11.HOG0001746	0	0	0	0	0	0	0	0	0	0	0	0	1	0	0
N11	N11.HOG0001747	1	1	1	1	1	1	1	1	1	1	1	1	1	1	1
N11	N11.HOG0001748	1	1	1	1	1	1	1	1	1	1	1	1	1	1	1
N11	N11.HOG0001749	0	1	1	1	1	1	1	1	1	1	1	1	0	0	0
N11	N11.HOG0001750	0	2	1	1	0	1	1	1	1	1	1	1	0	0	0
N11	N11.HOG0001751	0	2	1	1	1	1	1	1	1	1	1	1	0	0	0
N11	N11.HOG0001752	1	2	1	1	1	1	1	1	1	1	1	1	1	1	1
N11	N11.HOG0001753	1	1	1	1	1	1	1	1	1	1	1	1	1	1	1
N11	N11.HOG0001754	1	1	0	0	1	0	1	0	1	0	0	0	1	1	1
N11	N11.HOG0001755	1	1	1	1	1	1	1	1	1	1	1	1	1	1	1
N11	N11.HOG0001756	1	2	1	1	2	1	0	2	2	1	1	1	0	1	0
N11	N11.HOG0001757	1	11	3	4	4	2	1	1	1	2	2	2	2	2	2
N11	N11.HOG0001758	0	1	0	0	1	0	0	0	0	0	0	0	0	0	0
N11	N11.HOG0001759	1	1	1	1	1	1	1	1	1	1	1	1	1	1	1
N11	N11.HOG0001760	1	1	1	1	1	1	1	1	1	1	1	1	1	1	1
N11	N11.HOG0001761	0	1	1	1	0	1	1	1	1	1	1	1	0	0	1
N11	N11.HOG0001762	1	0	0	0	1	0	0	0	0	0	0	0	1	1	0
N11	N11.HOG0001763	0	0	0	0	2	0	0	0	0	0	0	0	1	0	0
N11	N11.HOG0001764	1	0	0	1	1	0	1	1	1	1	1	1	1	1	1
N11	N11.HOG0001765	1	2	0	0	0	0	1	1	0	1	1	0	0	0	0
N11	N11.HOG0001766	0	0	1	0	1	1	2	2	2	2	2	2	1	1	1
N11	N11.HOG0001767	0	2	7	13	11	9	0	0	0	0	0	0	0	0	0
N11	N11.HOG0001768	1	1	2	1	1	1	1	0	0	0	0	1	1	1	1
N11	N11.HOG0001769	1	1	1	1	1	1	1	1	1	1	1	1	1	1	1
N11	N11.HOG0001770	1	0	0	0	0	0	1	1	1	0	1	1	1	1	1
N11	N11.HOG0001771	0	0	0	0	0	0	1	1	1	1	1	1	1	1	1
N11	N11.HOG0001772	0	1	1	1	1	1	1	1	1	1	1	1	1	1	1
N11	N11.HOG0001773	1	1	1	1	1	1	1	1	1	1	1	1	1	1	1
N11	N11.HOG0001774	1	1	1	1	1	1	2	1	1	1	1	1	1	1	1
N11	N11.HOG0001775	0	1	0	0	2	0	0	0	0	0	0	0	0	0	0
N11	N11.HOG0001776	0	0	0	0	1	0	0	0	0	0	0	0	0	0	0
N11	N11.HOG0001777	1	1	1	1	1	1	1	1	1	1	1	1	1	1	1
N11	N11.HOG0001778	1	1	1	1	1	1	1	1	1	1	1	1	1	1	1
N11	N11.HOG0001779	1	1	1	1	1	1	1	1	1	1	1	1	1	1	1
N11	N11.HOG0001780	1	1	1	0	1	1	1	1	1	1	1	1	1	1	1
N11	N11.HOG0001781	0	1	0	1	1	1	0	1	1	1	1	1	0	1	1
N11	N11.HOG0001782	1	1	1	1	1	1	1	1	1	1	1	1	1	0	0
N11	N11.HOG0001783	0	1	1	1	1	0	0	1	0	1	0	1	0	0	0
N11	N11.HOG0001784	1	0	0	0	0	0	1	1	1	1	1	1	1	1	1
N11	N11.HOG0001785	1	1	0	0	1	1	1	1	1	1	1	1	1	1	1
N11	N11.HOG0001786	0	2	2	1	2	2	1	1	1	1	1	0	1	1	0
N11	N11.HOG0001787	0	0	1	0	1	1	0	0	0	0	0	0	0	0	0
N11	N11.HOG0001788	0	1	1	1	1	1	1	1	1	1	1	1	1	1	1
N11	N11.HOG0001789	1	1	0	0	0	0	1	0	0	0	0	0	0	0	0
N11	N11.HOG0001790	0	1	1	1	1	1	1	1	1	1	1	1	0	0	0
N11	N11.HOG0001791	1	1	1	0	2	1	2	2	2	0	0	0	1	1	0
N11	N11.HOG0001792	0	0	0	0	0	0	1	0	0	2	1	1	0	0	0
N11	N11.HOG0001793	0	1	1	1	0	1	1	1	1	1	1	1	0	1	1
N11	N11.HOG0001794	1	1	1	1	1	1	1	1	1	1	1	1	1	1	1
N11	N11.HOG0001795	1	1	1	1	1	1	1	1	1	1	1	1	1	1	1
N11	N11.HOG0001796	1	2	1	1	1	2	1	1	1	1	1	1	1	1	1
N11	N11.HOG0001797	1	1	1	1	1	1	2	1	1	1	1	1	1	2	1
N11	N11.HOG0001798	1	1	1	1	1	0	1	1	1	1	1	1	1	1	1
N11	N11.HOG0001799	1	1	1	1	1	1	1	1	1	1	1	1	1	1	1
N11	N11.HOG0001800	1	1	1	1	1	1	1	1	1	1	1	1	1	1	1
N11	N11.HOG0001801	1	1	1	1	1	1	1	1	1	1	1	1	1	1	1
N11	N11.HOG0001802	1	1	1	1	1	1	1	1	1	1	1	1	1	1	1
N11	N11.HOG0001803	1	1	1	1	1	1	1	1	1	1	1	1	1	1	1
N11	N11.HOG0001804	1	1	1	1	1	1	1	1	1	1	1	1	1	1	1
N11	N11.HOG0001805	1	1	1	1	1	1	1	1	1	1	1	1	1	1	1
N11	N11.HOG0001806	0	0	4	0	0	0	0	0	0	0	0	0	0	0	0
N11	N11.HOG0001807	2	0	0	0	0	0	0	0	0	0	0	0	0	0	0
N11	N11.HOG0001808	0	0	1	0	0	0	0	0	0	0	0	0	0	0	0
N11	N11.HOG0001809	0	0	0	0	1	0	0	0	0	0	0	0	0	0	0
N11	N11.HOG0001810	0	1	1	1	2	1	2	1	1	1	1	1	1	1	2
N11	N11.HOG0001811	1	1	1	1	1	1	1	1	1	1	1	1	1	1	1
N11	N11.HOG0001812	1	1	1	1	2	1	1	1	1	1	1	1	1	1	2
N11	N11.HOG0001813	0	0	0	1	0	0	0	0	0	0	0	0	0	0	0
N11	N11.HOG0001814	0	0	0	0	1	0	0	0	0	0	0	0	0	0	0
N11	N11.HOG0001815	0	0	0	0	1	0	0	0	0	0	0	0	0	0	0
N11	N11.HOG0001816	0	5	0	0	1	0	0	0	0	0	0	0	0	0	0
N11	N11.HOG0001817	0	1	0	0	3	0	0	0	0	0	0	0	0	0	0
N11	N11.HOG0001818	0	0	1	0	4	1	0	0	0	0	0	0	0	0	0
N11	N11.HOG0001819	0	2	0	5	1	1	0	0	0	0	0	0	0	0	0
N11	N11.HOG0001820	0	1	0	0	15	0	0	0	0	0	0	0	0	0	0
N11	N11.HOG0001821	0	0	0	0	1	0	0	0	0	0	0	0	0	0	0
N11	N11.HOG0001822	0	2	0	0	0	0	0	0	0	0	0	0	0	0	0
N11	N11.HOG0001823	0	0	0	1	23	2	0	0	0	0	0	0	0	0	0
N11	N11.HOG0001824	0	0	0	0	1	0	0	0	0	0	0	0	0	0	0
N11	N11.HOG0001825	0	0	0	4	1	0	0	0	0	0	0	0	0	0	0
N11	N11.HOG0001826	0	1	0	0	0	0	0	0	0	0	0	0	0	0	0
N11	N11.HOG0001827	1	2	1	1	2	0	1	2	1	2	1	2	1	1	1
N11	N11.HOG0001828	0	1	1	1	1	1	1	1	1	1	1	1	1	1	0
N11	N11.HOG0001829	0	1	2	4	1	2	2	1	1	1	1	1	4	4	2
N11	N11.HOG0001830	0	0	1	0	1	1	0	0	0	0	0	0	0	0	0
N11	N11.HOG0001831	0	0	0	1	1	0	0	0	0	0	0	0	1	0	0
N11	N11.HOG0001832	0	0	0	1	0	0	0	0	0	0	0	0	0	0	0
N11	N11.HOG0001833	1	1	1	1	1	2	1	1	1	1	1	1	1	1	1
N11	N11.HOG0001834	1	1	1	1	2	1	1	1	1	2	1	1	1	1	1
N11	N11.HOG0001835	1	1	1	1	1	1	1	1	1	1	1	1	1	1	1
N11	N11.HOG0001836	0	1	1	1	1	1	1	1	1	1	1	0	0	0	1
N11	N11.HOG0001837	1	0	0	0	1	1	0	0	0	0	0	0	1	1	1
N11	N11.HOG0001838	1	0	0	0	0	0	2	0	0	0	0	0	0	0	0
N11	N11.HOG0001839	1	0	1	1	1	1	1	1	1	1	1	1	1	1	1
N11	N11.HOG0001840	1	1	1	1	1	1	1	1	1	1	1	1	1	1	1
N11	N11.HOG0001841	1	1	1	2	1	1	1	1	1	1	1	1	1	1	1
N11	N11.HOG0001842	1	1	1	1	1	1	1	1	1	1	1	1	1	1	1
N11	N11.HOG0001843	1	1	1	1	1	1	1	1	1	1	1	1	1	1	1
N11	N11.HOG0001844	2	1	2	1	2	2	2	2	2	2	2	2	1	1	1
N11	N11.HOG0001845	0	2	0	0	0	0	0	0	0	0	0	0	0	0	0
N11	N11.HOG0001846	0	0	0	0	0	0	0	0	0	0	0	0	0	0	1
N11	N11.HOG0001847	0	1	0	0	0	0	0	0	0	0	0	0	0	0	0
N11	N11.HOG0001848	0	1	0	0	0	0	0	0	0	0	0	0	0	0	0
N11	N11.HOG0001849	0	1	0	0	0	0	0	0	0	0	0	0	0	0	0
N11	N11.HOG0001850	0	0	1	0	0	0	0	0	0	0	0	0	0	0	0
N11	N11.HOG0001851	3	0	0	0	0	0	0	0	0	0	0	0	0	0	0
N11	N11.HOG0001852	0	0	1	0	0	0	0	0	0	0	0	0	0	0	0
N11	N11.HOG0001853	0	0	1	0	0	0	0	0	0	0	0	0	0	0	0
N11	N11.HOG0001854	1	2	2	2	2	2	1	1	1	1	1	1	1	1	1
N11	N11.HOG0001855	1	4	2	2	2	2	2	2	2	2	2	2	1	1	1
N11	N11.HOG0001856	0	2	1	1	1	1	0	1	1	1	1	1	1	0	0
N11	N11.HOG0001857	1	1	1	1	1	1	1	1	1	1	1	1	1	1	1
N11	N11.HOG0001858	2	1	1	1	1	1	1	1	1	1	1	1	1	1	1
N11	N11.HOG0001859	1	1	1	1	1	1	2	1	1	1	1	1	1	1	1
N11	N11.HOG0001860	0	0	0	0	0	0	0	0	0	0	0	0	1	0	0
N11	N11.HOG0001861	1	1	1	1	2	2	1	1	1	1	1	1	0	1	1
N11	N11.HOG0001862	1	1	1	1	1	1	1	1	1	1	1	1	1	1	1
N11	N11.HOG0001863	1	1	1	1	1	1	1	1	1	1	1	1	1	1	1
N11	N11.HOG0001864	2	1	1	1	1	1	1	1	1	1	1	1	1	1	0
N11	N11.HOG0001865	1	1	1	1	1	1	1	1	1	1	1	1	1	1	1
N11	N11.HOG0001866	1	1	1	1	1	1	1	1	1	1	1	1	1	1	1
N11	N11.HOG0001867	1	2	1	1	1	3	1	1	1	1	1	1	1	1	1
N11	N11.HOG0001868	0	1	1	1	1	1	1	1	1	1	1	1	1	1	1
N11	N11.HOG0001869	1	1	1	1	1	1	1	1	1	1	1	1	1	1	1
N11	N11.HOG0001870	1	1	0	0	0	0	1	0	0	0	0	0	1	1	1
N11	N11.HOG0001871	0	0	1	1	1	1	0	1	1	1	1	1	0	0	0
N11	N11.HOG0001872	0	1	1	1	2	1	0	1	1	1	1	1	0	0	0
N11	N11.HOG0001873	1	2	1	1	2	1	1	1	1	1	1	1	1	1	1
N11	N11.HOG0001874	1	2	1	0	1	1	1	0	1	0	0	0	0	1	0
N11	N11.HOG0001875	0	0	0	0	1	0	0	0	0	0	0	0	0	0	0
N11	N11.HOG0001876	0	0	0	0	1	0	0	0	0	0	0	0	0	0	0
N11	N11.HOG0001877	0	8	0	8	9	0	0	0	0	1	2	7	1	0	0
N11	N11.HOG0001878	0	6	0	0	5	0	0	0	0	0	2	0	0	0	0
N11	N11.HOG0001879	0	1	1	1	1	1	1	1	2	1	1	1	1	1	1
N11	N11.HOG0001880	1	1	1	1	1	1	0	1	1	1	0	1	1	1	1
N11	N11.HOG0001881	1	1	1	1	1	1	1	1	1	1	1	1	1	1	1
N11	N11.HOG0001882	0	1	0	0	1	1	0	0	0	1	0	0	0	0	0
N11	N11.HOG0001883	0	1	0	0	1	0	1	1	0	0	0	0	0	0	0
N11	N11.HOG0001884	2	1	2	2	1	2	5	7	5	7	6	8	5	5	3
N11	N11.HOG0001885	1	1	1	1	1	1	1	1	1	1	1	1	1	1	1
N11	N11.HOG0001886	1	1	1	1	1	1	1	1	1	1	1	1	1	1	1
N11	N11.HOG0001887	1	0	1	1	0	1	1	1	1	1	1	1	1	1	1
N11	N11.HOG0001888	1	1	1	1	1	1	1	1	1	1	1	1	1	1	1
N11	N11.HOG0001889	1	1	1	0	1	1	1	1	1	1	0	0	1	1	1
N11	N11.HOG0001890	1	1	1	1	1	1	1	1	1	1	1	1	1	1	1
N11	N11.HOG0001891	1	1	1	1	1	1	1	1	1	1	1	1	1	1	1
N11	N11.HOG0001892	1	1	1	1	1	1	1	1	1	1	1	1	1	1	1
N11	N11.HOG0001893	1	1	1	1	1	1	1	1	1	1	1	1	1	1	1
N11	N11.HOG0001894	1	1	0	1	1	0	1	1	1	1	1	1	1	1	1
N11	N11.HOG0001895	1	1	1	1	1	1	1	1	1	1	1	1	2	1	1
N11	N11.HOG0001896	0	1	1	1	1	1	0	1	1	1	1	1	1	1	1
N11	N11.HOG0001897	0	1	0	1	0	0	0	1	1	1	1	1	1	1	1
N11	N11.HOG0001898	1	1	1	1	1	1	1	1	1	1	1	1	1	1	1
N11	N11.HOG0001899	1	1	1	1	1	1	1	1	1	1	1	1	1	1	1
N11	N11.HOG0001900	1	1	1	1	1	1	1	1	1	1	1	1	1	1	1
N11	N11.HOG0001901	1	4	1	2	2	1	2	1	1	1	1	2	1	1	1
N11	N11.HOG0001902	1	1	1	1	1	1	1	1	1	1	1	1	1	1	1
N11	N11.HOG0001903	0	1	1	1	1	1	1	1	1	1	1	1	1	1	1
N11	N11.HOG0001904	1	1	1	1	1	1	1	1	0	1	1	1	1	1	0
N11	N11.HOG0001905	1	1	1	1	1	1	1	1	1	1	1	1	1	2	1
N11	N11.HOG0001906	1	1	1	1	1	1	1	1	1	1	1	1	1	1	1
N11	N11.HOG0001907	1	0	1	1	1	1	1	1	1	1	1	1	1	1	1
N11	N11.HOG0001909	0	1	1	1	1	1	1	1	1	1	1	1	1	1	1
N11	N11.HOG0001910	1	1	1	1	0	1	1	1	1	1	1	1	1	1	1
N11	N11.HOG0001911	1	1	1	1	1	1	1	1	1	1	1	1	1	1	1
N11	N11.HOG0001912	1	0	0	0	0	0	0	0	0	0	0	0	0	0	0
N11	N11.HOG0001914	0	2	0	0	0	0	0	0	0	0	0	0	0	0	0
N11	N11.HOG0001915	0	0	2	0	0	0	0	0	0	0	0	0	0	0	0
N11	N11.HOG0001916	0	0	2	0	0	0	0	0	0	0	0	0	0	0	0
N11	N11.HOG0001917	6	0	0	1	0	0	0	0	0	0	0	0	0	0	0
N11	N11.HOG0001918	0	0	0	1	0	0	0	0	0	0	0	0	0	0	0
N11	N11.HOG0001919	0	0	4	0	0	0	0	0	0	0	0	0	0	0	0
N11	N11.HOG0001920	1	1	0	0	0	1	1	1	0	1	1	0	1	1	1
N11	N11.HOG0001921	1	0	1	1	1	1	2	1	1	1	1	3	2	2	2
N11	N11.HOG0001922	0	1	0	1	0	1	1	1	1	1	1	0	1	1	1
N11	N11.HOG0001923	1	1	1	1	1	1	1	1	1	1	1	1	1	1	1
N11	N11.HOG0001924	1	0	1	1	1	1	1	1	1	1	1	1	1	1	1
N11	N11.HOG0001925	1	1	1	1	1	1	1	1	1	1	1	1	1	1	1
N11	N11.HOG0001926	0	1	1	1	1	1	1	1	1	1	1	1	1	1	1
N11	N11.HOG0001927	1	1	1	1	1	1	1	1	1	1	1	1	1	1	1
N11	N11.HOG0001928	1	1	1	1	1	1	1	1	1	1	1	1	1	1	1
N11	N11.HOG0001929	1	1	1	1	1	1	1	1	1	1	1	1	1	1	1
N11	N11.HOG0001930	0	1	1	1	1	1	1	1	1	1	1	1	1	0	0
N11	N11.HOG0001931	1	1	1	1	1	1	1	1	1	1	1	1	1	1	1
N11	N11.HOG0001932	1	1	1	1	1	1	1	1	1	1	1	1	1	1	1
N11	N11.HOG0001933	1	1	1	1	1	1	1	1	1	1	1	1	1	1	1
N11	N11.HOG0001934	0	0	0	0	1	1	1	0	0	1	1	1	0	0	0
N11	N11.HOG0001935	1	1	1	0	1	1	1	1	1	1	1	0	1	1	1
N11	N11.HOG0001936	1	1	1	1	1	1	1	1	1	1	1	1	1	1	1
N11	N11.HOG0001937	1	1	1	1	1	1	1	1	1	1	1	1	1	1	1
N11	N11.HOG0001938	0	1	1	1	1	1	1	1	1	1	1	1	1	1	1
N11	N11.HOG0001939	2	2	1	1	1	1	2	1	2	1	1	1	1	1	0
N11	N11.HOG0001940	1	2	2	2	1	2	2	2	3	2	2	2	2	2	2
N11	N11.HOG0001941	1	1	1	1	1	1	1	1	1	1	1	1	1	1	1
N11	N11.HOG0001942	1	1	1	1	1	1	1	1	1	1	1	1	1	1	1
N11	N11.HOG0001943	1	1	1	1	1	1	1	1	1	1	1	1	1	1	1
N11	N11.HOG0001944	0	1	1	1	1	1	1	1	1	1	1	1	0	0	0
N11	N11.HOG0001945	1	2	1	1	1	1	1	1	1	1	1	1	1	1	1
N11	N11.HOG0001946	0	1	1	1	1	1	1	1	1	1	1	1	1	1	1
N11	N11.HOG0001947	1	1	1	1	2	1	1	1	1	1	1	1	1	1	1
N11	N11.HOG0001948	1	1	1	1	1	1	1	1	1	1	1	1	1	1	1
N11	N11.HOG0001949	1	0	1	1	2	1	1	1	1	1	1	1	1	1	1
N11	N11.HOG0001950	0	1	1	1	1	1	0	1	1	1	1	1	0	0	1
N11	N11.HOG0001951	1	1	1	1	1	1	1	1	1	1	1	1	1	1	1
N11	N11.HOG0001952	1	1	1	1	1	1	1	1	1	1	1	1	1	1	1
N11	N11.HOG0001953	1	1	1	1	1	1	1	1	1	1	1	1	1	1	1
N11	N11.HOG0001954	0	1	0	0	1	0	0	0	0	0	0	0	0	0	0
N11	N11.HOG0001955	1	1	1	1	1	1	1	1	1	1	1	1	1	1	1
N11	N11.HOG0001956	0	1	1	1	1	1	1	1	1	1	0	1	1	0	1
N11	N11.HOG0001957	1	1	1	1	1	1	2	1	1	1	1	1	1	1	0
N11	N11.HOG0001958	2	1	1	1	1	1	1	1	1	1	1	1	1	1	1
N11	N11.HOG0001959	0	2	1	1	1	1	1	1	1	1	1	1	0	1	1
N11	N11.HOG0001960	1	1	1	1	1	1	1	1	1	1	1	0	1	1	1
N11	N11.HOG0001961	1	1	1	1	1	1	1	1	1	1	1	1	1	1	1
N11	N11.HOG0001962	0	1	1	1	1	3	1	1	1	1	1	1	1	0	1
N11	N11.HOG0001963	1	1	1	1	1	1	1	1	1	1	1	1	1	1	1
N11	N11.HOG0001964	0	2	1	1	1	1	0	1	1	1	1	1	0	0	1
N11	N11.HOG0001965	1	2	1	0	1	1	1	1	1	1	1	1	1	1	1
N11	N11.HOG0001966	0	1	0	0	1	0	0	0	0	0	0	0	0	0	1
N11	N11.HOG0001967	0	0	1	1	0	1	0	0	1	0	1	1	1	0	1
N11	N11.HOG0001968	1	1	1	1	1	1	1	1	1	1	1	1	1	1	1
N11	N11.HOG0001969	1	1	1	1	2	1	1	1	1	1	1	1	2	2	0
N11	N11.HOG0001970	1	1	1	1	2	1	1	1	1	1	1	1	1	1	1
N11	N11.HOG0001971	2	1	1	1	1	1	3	1	1	1	1	1	2	2	2
N11	N11.HOG0001972	0	0	0	0	0	0	0	0	0	0	0	0	0	0	1
N11	N11.HOG0001973	0	0	0	0	0	0	2	0	1	2	1	1	3	4	4
N11	N11.HOG0001974	0	4	1	2	1	1	2	1	1	1	1	1	2	1	2
N11	N11.HOG0001975	1	1	1	1	1	1	1	1	1	1	1	1	1	1	1
N11	N11.HOG0001976	1	1	1	1	1	1	1	1	1	1	1	1	1	1	1
N11	N11.HOG0001977	0	1	1	1	1	1	1	1	1	1	1	1	1	1	0
N11	N11.HOG0001978	1	1	1	1	1	1	1	1	1	1	1	1	1	1	1
N11	N11.HOG0001979	0	1	1	1	1	1	1	1	1	1	1	0	1	1	1
N11	N11.HOG0001980	0	2	1	1	1	1	2	1	1	1	1	1	1	0	1
N11	N11.HOG0001981	0	1	1	1	1	1	1	1	1	1	1	1	1	1	1
N11	N11.HOG0001982	1	1	1	1	1	1	1	1	1	1	1	1	1	1	1
N11	N11.HOG0001983	1	1	1	1	1	1	2	1	1	1	1	1	1	1	1
N11	N11.HOG0001984	1	0	1	1	0	1	1	0	1	0	1	1	1	1	1
N11	N11.HOG0001985	1	1	1	1	1	1	1	1	1	1	1	1	1	1	1
N11	N11.HOG0001986	1	1	1	0	1	1	1	1	0	1	0	1	1	1	0
N11	N11.HOG0001987	1	1	1	1	1	1	1	1	1	1	1	1	2	1	0
N11	N11.HOG0001988	1	1	1	1	1	1	1	1	1	1	1	1	1	1	1
N11	N11.HOG0001989	1	1	1	1	1	1	1	1	1	1	1	1	1	1	1
N11	N11.HOG0001990	1	1	1	1	1	1	1	1	1	1	1	1	1	1	1
N11	N11.HOG0001991	1	1	1	1	1	1	1	1	1	1	1	1	1	1	1
N11	N11.HOG0001992	1	1	1	1	1	1	1	1	1	1	1	1	1	1	1
N11	N11.HOG0001993	1	1	1	1	1	1	1	1	1	1	1	1	1	1	0
N11	N11.HOG0001994	1	1	1	1	1	1	1	1	1	1	1	1	1	1	1
N11	N11.HOG0001995	1	1	1	1	1	1	1	1	1	1	1	1	1	1	1
N11	N11.HOG0001996	1	1	1	1	1	1	1	1	1	1	1	1	0	1	1
N11	N11.HOG0001997	1	0	1	1	1	1	1	1	1	1	1	1	1	1	1
N11	N11.HOG0001998	1	1	1	1	1	1	1	1	1	0	1	1	1	1	1
N11	N11.HOG0001999	1	2	1	1	1	1	2	1	1	1	0	1	1	1	1
N11	N11.HOG0002000	2	2	1	1	1	1	1	1	1	1	1	1	1	1	1
N11	N11.HOG0002001	2	1	1	1	1	1	2	1	1	1	1	1	1	1	2
N11	N11.HOG0002002	1	1	2	2	2	2	1	1	1	1	1	1	1	1	1
N11	N11.HOG0002003	1	1	0	1	1	0	1	1	1	1	1	1	1	1	1
N11	N11.HOG0002004	1	2	1	1	2	2	1	1	1	1	1	1	1	1	1
N11	N11.HOG0002005	1	1	1	1	1	1	1	1	1	1	1	1	1	1	1
N11	N11.HOG0002006	0	1	1	1	0	1	1	1	1	1	1	1	1	0	2
N11	N11.HOG0002007	0	0	0	0	0	0	2	1	1	1	0	1	1	1	0
N11	N11.HOG0002008	1	1	1	1	1	1	1	1	1	1	1	1	1	1	1
N11	N11.HOG0002009	0	1	1	1	1	1	1	1	1	1	1	1	1	1	1
N11	N11.HOG0002010	0	1	1	1	1	1	1	1	1	1	1	1	1	1	1
N11	N11.HOG0002011	1	1	1	1	1	1	1	1	1	1	1	1	1	1	1
N11	N11.HOG0002012	0	1	0	0	0	0	0	0	0	0	0	0	0	0	0
N11	N11.HOG0002013	0	1	1	1	1	1	1	1	1	1	1	1	1	1	1
N11	N11.HOG0002014	1	1	1	1	1	1	1	0	1	0	0	1	1	1	1
N11	N11.HOG0002015	0	1	1	1	1	1	1	1	1	1	1	1	1	1	1
N11	N11.HOG0002016	0	1	1	1	1	1	1	1	1	1	1	1	1	1	1
N11	N11.HOG0002017	0	0	1	1	1	1	1	1	1	1	1	1	0	1	0
N11	N11.HOG0002018	0	1	1	1	1	1	1	1	1	1	1	1	1	1	1
N11	N11.HOG0002019	2	1	1	1	1	1	1	1	1	1	1	1	1	1	1
N11	N11.HOG0002020	1	1	1	1	1	1	1	1	1	0	0	1	1	1	1
N11	N11.HOG0002021	1	0	1	1	1	1	1	1	1	1	1	1	1	1	0
N11	N11.HOG0002022	2	1	1	1	1	1	1	1	1	1	1	1	1	1	1
N11	N11.HOG0002023	1	1	1	1	1	1	1	1	1	1	1	1	1	1	1
N11	N11.HOG0002024	1	1	1	1	1	1	1	1	1	1	1	1	1	1	0
N11	N11.HOG0002025	0	2	1	1	1	1	1	1	1	1	1	1	1	1	1
N11	N11.HOG0002026	0	0	0	0	0	0	1	0	0	0	0	0	0	0	0
N11	N11.HOG0002027	1	1	1	1	1	1	0	1	1	1	1	1	1	1	1
N11	N11.HOG0002028	1	1	1	1	1	1	1	1	1	1	1	1	1	1	0
N11	N11.HOG0002029	1	1	1	1	1	1	1	1	1	1	1	1	1	1	0
N11	N11.HOG0002030	0	1	1	1	1	1	1	1	1	1	1	1	1	1	1
N11	N11.HOG0002031	1	1	1	1	1	1	1	1	1	1	1	1	1	1	1
N11	N11.HOG0002032	1	1	1	1	1	1	1	1	1	1	1	1	1	1	2
N11	N11.HOG0002033	1	0	1	1	1	1	1	1	1	1	1	1	1	1	1
N11	N11.HOG0002034	1	1	1	1	1	1	1	1	1	1	1	1	1	1	1
N11	N11.HOG0002035	0	1	1	1	1	1	1	1	1	0	1	1	1	1	0
N11	N11.HOG0002036	1	1	1	1	1	1	1	1	1	1	1	1	1	1	1
N11	N11.HOG0002037	0	1	1	1	1	1	1	1	1	1	1	1	1	1	1
N11	N11.HOG0002038	1	1	1	1	1	1	1	1	1	1	1	1	1	1	1
N11	N11.HOG0002039	1	0	0	0	0	0	0	0	0	0	0	0	0	0	0
N11	N11.HOG0002040	1	0	0	0	0	0	0	0	0	0	0	0	0	0	0
N11	N11.HOG0002041	0	1	1	1	1	1	1	1	1	1	1	1	1	1	1
N11	N11.HOG0002042	1	22	24	19	9	8	1	1	1	1	1	1	1	1	1
N11	N11.HOG0002043	0	1	1	0	1	1	1	0	1	1	1	1	0	0	0
N11	N11.HOG0002044	0	0	0	0	0	0	1	0	0	0	0	0	0	0	0
N11	N11.HOG0002045	1	1	1	1	1	1	2	1	1	1	1	1	1	1	0
N11	N11.HOG0002046	1	1	1	1	1	1	1	1	1	1	1	1	1	1	1
N11	N11.HOG0002047	1	1	1	1	1	1	1	1	1	1	1	1	1	1	1
N11	N11.HOG0002048	0	1	1	1	1	1	1	1	0	1	1	1	0	0	0
N11	N11.HOG0002049	0	1	1	1	1	1	1	1	1	1	1	1	0	0	0
N11	N11.HOG0002050	0	0	1	1	0	1	1	1	1	1	1	1	1	1	1
N11	N11.HOG0002051	1	0	0	0	0	0	0	0	0	0	0	0	0	0	0
N11	N11.HOG0002052	0	0	0	0	0	0	0	0	0	0	0	0	1	1	2
N11	N11.HOG0002053	0	0	1	0	0	0	0	0	0	0	0	0	0	0	0
N11	N11.HOG0002054	1	0	1	1	1	1	1	1	1	1	1	1	1	1	1
N11	N11.HOG0002056	1	1	1	1	1	1	1	1	1	1	1	1	0	1	1
N11	N11.HOG0002057	0	0	1	1	1	1	0	0	0	0	0	1	0	0	0
N11	N11.HOG0002058	1	1	0	0	0	0	1	1	1	1	1	0	1	1	1
N11	N11.HOG0002059	1	2	1	1	1	1	1	1	1	1	1	1	1	1	1
N11	N11.HOG0002060	0	0	1	1	1	1	1	1	1	1	1	1	1	1	1
N11	N11.HOG0002061	0	1	1	1	1	1	0	1	1	1	1	1	1	1	0
N11	N11.HOG0002062	0	1	0	0	0	0	1	0	0	0	0	0	0	0	0
N11	N11.HOG0002063	1	0	1	1	1	1	0	1	1	1	1	1	1	1	0
N11	N11.HOG0002064	0	1	1	1	1	1	0	1	1	1	1	1	0	0	1
N11	N11.HOG0002065	0	2	1	1	1	1	1	1	1	1	1	1	1	1	2
N11	N11.HOG0002066	0	0	0	0	0	0	3	1	1	3	1	1	0	1	0
N11	N11.HOG0002067	1	2	1	1	1	1	3	1	1	1	1	1	1	2	0
N11	N11.HOG0002068	1	1	1	1	1	1	1	1	1	1	1	1	1	1	1
N11	N11.HOG0002069	1	0	1	1	1	1	1	0	1	1	1	1	1	1	1
N11	N11.HOG0002070	1	1	1	1	1	1	1	1	1	1	1	1	1	1	1
N11	N11.HOG0002071	1	1	1	1	1	1	1	1	1	1	1	1	1	1	1
N11	N11.HOG0002072	0	1	0	1	1	1	1	1	1	1	1	1	1	1	1
N11	N11.HOG0002073	1	1	1	1	1	1	1	1	1	1	1	1	0	1	1
N11	N11.HOG0002074	1	1	1	1	1	1	1	1	1	1	1	1	1	1	1
N11	N11.HOG0002075	1	2	1	1	1	1	1	1	1	1	1	1	1	1	0
N11	N11.HOG0002076	0	0	0	0	1	0	0	0	0	0	0	0	0	0	0
N11	N11.HOG0002077	1	1	1	1	1	1	1	1	1	1	1	1	1	1	1
N11	N11.HOG0002078	1	1	1	1	0	1	1	1	1	1	1	1	1	1	2
N11	N11.HOG0002079	1	1	0	1	1	1	1	1	1	1	1	1	0	0	0
N11	N11.HOG0002080	1	1	1	1	0	0	1	1	1	1	0	1	1	1	1
N11	N11.HOG0002081	1	1	1	1	1	1	1	1	1	1	1	1	1	1	0
N11	N11.HOG0002082	1	1	1	1	1	1	1	1	1	1	1	1	1	1	0
N11	N11.HOG0002083	1	1	1	1	1	1	1	1	1	1	1	1	1	1	1
N11	N11.HOG0002084	0	1	1	1	0	1	1	1	1	1	1	1	0	1	0
N11	N11.HOG0002085	0	1	1	1	0	1	1	1	1	1	1	1	0	1	1
N11	N11.HOG0002086	1	0	1	1	1	1	1	1	1	0	1	1	1	1	1
N11	N11.HOG0002087	4	1	1	0	1	1	4	2	4	1	2	0	0	0	1
N11	N11.HOG0002088	0	1	1	1	1	1	4	1	1	1	1	1	3	4	1
N11	N11.HOG0002089	1	1	1	1	1	1	1	1	1	1	1	1	1	1	1
N11	N11.HOG0002090	1	1	0	0	0	0	1	0	1	1	1	1	1	0	0
N11	N11.HOG0002091	1	1	1	1	1	1	1	1	1	1	1	1	1	1	1
N11	N11.HOG0002092	1	1	1	1	1	1	1	1	1	1	1	1	1	1	1
N11	N11.HOG0002093	1	1	1	1	1	1	1	1	1	1	1	1	1	1	1
N11	N11.HOG0002094	0	1	1	1	1	1	0	1	1	1	1	1	0	0	1
N11	N11.HOG0002095	0	1	1	1	1	1	0	1	1	1	1	1	0	0	1
N11	N11.HOG0002096	1	1	1	1	1	1	1	1	1	1	1	1	1	1	1
N11	N11.HOG0002097	1	1	1	1	0	1	1	1	1	1	1	1	1	1	1
N11	N11.HOG0002098	1	0	0	0	0	0	1	0	0	0	0	0	1	0	1
N11	N11.HOG0002099	3	1	1	1	1	1	1	1	1	1	1	1	1	1	1
N11	N11.HOG0002100	1	1	1	1	1	1	1	1	1	1	1	1	1	1	1
N11	N11.HOG0002101	0	1	1	1	1	1	1	1	1	1	0	1	1	0	1
N11	N11.HOG0002102	0	1	1	1	1	1	1	1	1	1	0	1	1	1	1
N11	N11.HOG0002103	1	0	1	1	1	1	1	1	1	1	1	1	1	1	1
N11	N11.HOG0002104	1	1	1	0	1	1	1	0	0	1	0	1	1	1	1
N11	N11.HOG0002105	0	1	0	1	1	1	2	1	1	1	1	1	1	3	1
N11	N11.HOG0002106	0	1	1	1	1	1	1	1	1	1	1	1	1	1	1
N11	N11.HOG0002107	0	0	0	0	0	0	0	1	1	1	1	1	0	0	0
N11	N11.HOG0002108	1	2	1	1	1	1	1	1	1	1	1	1	1	1	1
N11	N11.HOG0002109	0	0	0	0	0	1	0	0	0	0	0	0	0	0	0
N11	N11.HOG0002110	0	0	0	0	0	0	1	0	0	0	0	0	0	0	0
N11	N11.HOG0002111	0	1	0	0	0	0	0	0	0	0	0	0	0	0	0
N11	N11.HOG0002112	0	0	0	0	0	0	1	0	0	0	0	0	1	0	0
N11	N11.HOG0002113	0	1	1	0	1	1	0	1	1	1	1	1	1	1	1
N11	N11.HOG0002114	1	0	0	0	0	0	0	0	0	0	0	0	0	0	0
N11	N11.HOG0002115	3	0	0	0	0	0	0	0	0	0	0	0	0	0	0
N11	N11.HOG0002116	1	1	0	0	0	1	1	0	0	0	1	0	1	1	1
N11	N11.HOG0002117	1	1	1	1	1	1	1	1	1	1	1	1	1	1	1
N11	N11.HOG0002118	1	1	1	1	1	1	1	1	1	1	1	1	1	1	1
N11	N11.HOG0002119	1	1	1	1	1	1	1	0	1	1	1	1	1	1	1
N11	N11.HOG0002120	0	0	0	0	0	0	0	1	1	1	1	1	1	1	1
N11	N11.HOG0002121	1	1	1	1	1	1	1	1	1	1	1	1	1	1	1
N11	N11.HOG0002122	1	1	1	1	1	1	1	1	1	1	1	1	1	1	1
N11	N11.HOG0002123	0	0	0	0	0	0	0	1	1	0	0	0	1	1	0
N11	N11.HOG0002124	0	0	1	0	0	1	1	1	1	1	1	1	0	0	0
N11	N11.HOG0002125	0	0	1	0	0	1	2	2	2	0	1	0	0	0	0
N11	N11.HOG0002126	5	1	1	2	1	1	6	1	1	1	1	1	0	0	0
N11	N11.HOG0002127	1	0	0	0	0	0	1	1	1	1	1	1	1	1	1
N11	N11.HOG0002128	0	0	0	1	1	1	1	1	1	1	1	1	1	1	0
N11	N11.HOG0002129	0	1	1	1	0	1	0	0	0	0	0	0	0	0	0
N11	N11.HOG0002130	1	1	1	1	1	1	1	1	1	1	1	1	1	1	0
N11	N11.HOG0002131	1	1	1	1	1	1	1	1	1	1	1	1	1	1	1
N11	N11.HOG0002132	1	1	1	1	1	1	1	1	1	1	1	1	1	1	0
N11	N11.HOG0002133	1	1	1	1	1	0	1	1	1	1	0	1	1	1	0
N11	N11.HOG0002134	0	1	1	1	1	1	1	1	1	1	1	1	0	0	1
N11	N11.HOG0002135	1	1	1	1	1	1	1	1	1	1	1	1	1	1	1
N11	N11.HOG0002136	1	1	1	1	1	1	1	1	1	1	1	1	1	0	0
N11	N11.HOG0002137	1	1	1	1	1	1	0	0	0	1	1	1	1	1	1
N11	N11.HOG0002138	1	1	0	1	1	1	1	1	1	1	1	1	1	1	1
N11	N11.HOG0002139	1	1	0	0	0	0	0	0	0	0	0	0	0	0	0
N11	N11.HOG0002140	1	0	0	0	0	0	1	1	1	0	0	0	0	0	0
N11	N11.HOG0002141	0	1	0	1	1	1	1	1	1	0	0	0	0	0	0
N11	N11.HOG0002142	1	0	1	1	1	1	1	1	1	1	1	1	1	1	1
N11	N11.HOG0002143	0	0	0	0	0	0	1	1	1	1	0	0	1	1	1
N11	N11.HOG0002144	1	1	1	1	0	1	1	1	1	1	1	1	1	1	1
N11	N11.HOG0002145	0	1	1	1	1	1	0	1	1	1	1	1	0	1	1
N11	N11.HOG0002146	1	1	0	1	2	1	1	1	1	1	1	1	1	1	0
N11	N11.HOG0002147	1	1	1	1	1	1	1	1	1	1	1	1	0	1	1
N11	N11.HOG0002148	1	1	1	1	1	1	2	1	1	1	1	1	1	1	1
N11	N11.HOG0002149	1	1	1	1	1	0	1	1	1	1	1	1	1	1	1
N11	N11.HOG0002150	0	1	0	1	1	0	0	0	1	1	1	0	0	0	0
N11	N11.HOG0002151	0	3	1	2	3	1	1	1	1	1	1	1	1	1	1
N11	N11.HOG0002152	0	1	0	0	1	0	0	0	0	0	0	0	0	0	0
N11	N11.HOG0002153	0	2	1	1	1	1	1	1	1	1	1	1	1	1	1
N11	N11.HOG0002154	1	1	1	1	1	1	1	1	1	1	1	1	2	2	2
N11	N11.HOG0002155	1	1	1	1	1	1	1	1	1	1	1	1	1	1	1
N11	N11.HOG0002156	1	0	0	0	0	0	0	1	0	0	1	1	0	0	0
N11	N11.HOG0002157	0	0	0	0	1	0	0	0	0	0	0	0	0	0	0
N11	N11.HOG0002158	1	0	0	1	0	1	1	1	1	1	1	1	1	1	1
N11	N11.HOG0002159	1	1	1	1	1	1	1	1	1	1	1	1	1	1	1
N11	N11.HOG0002160	1	2	1	1	1	1	1	1	1	1	1	1	1	1	1
N11	N11.HOG0002161	1	0	0	1	0	0	1	1	1	1	1	1	1	1	1
N11	N11.HOG0002162	0	0	0	0	1	0	0	0	0	0	0	0	0	0	0
N11	N11.HOG0002163	0	1	1	0	1	1	1	0	1	1	1	0	1	1	0
N11	N11.HOG0002164	0	1	0	0	1	1	1	0	1	1	1	0	0	1	1
N11	N11.HOG0002165	1	1	1	0	1	0	0	1	1	0	1	1	1	1	0
N11	N11.HOG0002166	1	0	0	1	0	0	0	0	0	0	0	0	0	0	0
N11	N11.HOG0002167	0	0	1	0	1	1	0	0	1	1	1	0	0	0	0
N11	N11.HOG0002168	1	1	0	1	1	0	1	1	1	1	0	0	1	1	0
N11	N11.HOG0002169	0	1	0	1	0	0	1	1	0	1	0	1	0	1	0
N11	N11.HOG0002170	1	2	1	1	2	1	1	1	1	1	1	1	2	2	1
N11	N11.HOG0002171	1	1	0	0	1	0	0	0	0	0	0	0	0	0	0
N11	N11.HOG0002172	0	0	0	0	1	0	0	0	0	0	0	0	0	0	0
N11	N11.HOG0002173	1	1	1	1	1	1	2	1	1	1	1	1	3	1	2
N11	N11.HOG0002174	1	1	1	1	1	1	1	1	1	1	1	0	1	1	1
N11	N11.HOG0002175	0	1	0	0	1	0	0	0	0	0	0	0	0	0	0
N11	N11.HOG0002176	0	0	1	0	0	0	0	1	1	1	1	1	0	0	0
N11	N11.HOG0002177	0	0	0	0	0	1	0	0	0	0	0	0	0	1	0
N11	N11.HOG0002178	0	1	0	1	0	0	0	0	0	0	0	0	1	0	1
N11	N11.HOG0002179	0	1	0	0	1	0	0	0	0	0	0	0	0	0	0
N11	N11.HOG0002180	1	0	0	0	0	0	1	0	0	0	0	0	0	0	0
N11	N11.HOG0002181	0	1	0	1	1	1	1	0	0	0	0	0	1	1	0
N11	N11.HOG0002182	1	0	0	0	0	0	0	0	0	0	0	0	0	0	0
N11	N11.HOG0002183	1	2	1	1	2	1	1	1	1	1	1	1	0	2	1
N11	N11.HOG0002184	0	0	0	0	0	0	0	0	0	0	0	0	1	0	0
N11	N11.HOG0002185	1	1	1	1	1	1	1	1	1	1	1	1	1	1	1
N11	N11.HOG0002186	1	2	1	0	1	0	1	1	1	1	1	1	1	1	0
N11	N11.HOG0002187	1	2	2	1	2	0	1	0	0	1	1	0	0	0	0
N11	N11.HOG0002188	1	1	1	1	1	1	1	1	1	1	1	1	1	1	1
N11	N11.HOG0002189	1	2	1	2	2	2	5	4	4	5	5	4	5	4	3
N11	N11.HOG0002190	1	1	1	1	1	1	1	1	1	1	1	1	1	1	1
N11	N11.HOG0002191	0	2	1	0	1	1	1	0	1	1	1	1	1	1	1
N11	N11.HOG0002192	1	1	1	1	1	1	1	1	1	1	1	1	1	1	1
N11	N11.HOG0002193	0	0	0	1	1	1	1	0	0	0	0	0	1	0	1
N11	N11.HOG0002194	2	0	1	1	1	1	1	0	0	0	1	1	1	1	1
N11	N11.HOG0002195	2	3	4	3	5	1	3	2	2	4	4	4	1	1	1
N11	N11.HOG0002196	1	1	1	1	1	1	1	1	1	1	1	1	1	1	1
N11	N11.HOG0002197	0	1	1	0	0	1	0	0	0	1	1	0	1	0	1
N11	N11.HOG0002198	0	1	1	1	0	0	0	1	1	1	1	1	0	0	0
N11	N11.HOG0002199	0	0	1	1	1	1	1	1	1	1	1	1	1	0	1
N11	N11.HOG0002200	1	1	1	1	1	2	2	1	1	1	1	1	2	1	1
N11	N11.HOG0002201	1	1	1	1	1	1	1	1	1	1	1	1	1	1	1
N11	N11.HOG0002202	0	1	0	0	1	0	0	0	0	0	0	0	0	0	0
N11	N11.HOG0002203	1	2	1	1	1	1	1	1	1	1	1	1	1	1	1
N11	N11.HOG0002204	1	2	1	1	1	1	1	1	1	1	1	1	1	1	2
N11	N11.HOG0002205	1	0	0	0	0	0	0	0	0	0	0	0	0	0	1
N11	N11.HOG0002206	0	0	0	1	0	0	0	0	0	0	0	0	0	0	0
N11	N11.HOG0002207	0	0	0	0	0	0	1	0	0	0	0	0	0	0	0
N11	N11.HOG0002208	1	2	1	0	1	1	1	1	1	1	1	1	1	1	1
N11	N11.HOG0002209	1	1	0	1	1	0	1	0	0	0	0	0	1	1	1
N11	N11.HOG0002210	1	3	1	1	3	1	1	1	1	1	1	1	1	1	1
N11	N11.HOG0002211	1	1	1	1	1	1	1	1	1	1	1	1	1	1	1
N11	N11.HOG0002212	0	1	0	0	1	0	0	0	0	0	0	0	0	0	0
N11	N11.HOG0002213	1	1	1	1	1	1	2	1	1	1	1	1	1	1	1
N11	N11.HOG0002214	0	1	0	0	1	0	1	0	0	0	0	0	0	1	0
N11	N11.HOG0002215	0	1	1	1	1	1	1	1	1	1	1	1	1	1	0
N11	N11.HOG0002216	0	0	1	1	1	1	0	1	1	0	1	1	0	0	0
N11	N11.HOG0002217	1	1	1	1	1	1	1	1	1	1	1	1	1	2	1
N11	N11.HOG0002218	1	1	1	1	1	1	2	1	1	1	1	1	1	1	1
N11	N11.HOG0002219	1	2	3	3	3	2	1	1	1	1	1	1	1	1	1
N11	N11.HOG0002220	1	1	1	1	1	1	1	1	1	1	1	1	1	1	1
N11	N11.HOG0002221	1	1	1	0	1	1	1	0	0	1	0	0	1	1	1
N11	N11.HOG0002222	1	1	1	2	1	1	1	1	1	1	1	1	1	0	1
N11	N11.HOG0002223	1	1	1	1	1	1	1	1	1	1	1	1	1	1	1
N11	N11.HOG0002224	0	1	0	1	1	1	1	1	1	1	1	1	1	1	1
N11	N11.HOG0002225	1	1	1	1	1	1	0	0	0	0	0	0	1	0	0
N11	N11.HOG0002226	1	1	1	1	1	1	1	1	1	1	1	1	1	1	1
N11	N11.HOG0002227	1	1	1	1	1	1	1	1	1	1	1	1	1	1	1
N11	N11.HOG0002228	0	1	0	0	1	1	1	0	0	0	0	0	0	0	0
N11	N11.HOG0002229	1	1	1	1	2	1	1	1	1	1	1	1	2	1	1
N11	N11.HOG0002230	1	1	1	1	1	1	2	2	2	1	1	1	2	2	1
N11	N11.HOG0002231	0	2	2	2	2	2	1	2	1	1	1	2	1	2	2
N11	N11.HOG0002232	1	0	1	1	1	1	1	1	1	1	1	1	1	1	1
N11	N11.HOG0002233	0	2	1	1	0	0	1	1	1	1	1	1	1	0	0
N11	N11.HOG0002234	1	0	1	1	1	1	1	1	1	1	1	1	0	0	0
N11	N11.HOG0002235	2	0	1	1	1	1	1	1	1	1	1	1	1	1	1
N11	N11.HOG0002236	0	0	1	0	0	0	0	0	0	0	0	0	0	0	0
N11	N11.HOG0002237	1	1	1	1	1	1	1	1	1	1	1	1	1	1	1
N11	N11.HOG0002238	1	1	1	1	1	1	1	1	1	1	1	1	1	1	1
N11	N11.HOG0002239	0	1	0	1	1	0	0	1	1	0	1	1	0	0	0
N11	N11.HOG0002240	1	1	1	1	1	1	1	1	1	1	1	1	1	1	1
N11	N11.HOG0002241	1	1	1	1	1	1	1	1	1	2	2	2	2	3	2
N11	N11.HOG0002242	1	1	1	1	1	1	1	1	1	1	1	1	1	1	1
N11	N11.HOG0002243	1	1	2	1	1	1	1	1	1	1	1	1	2	0	1
N11	N11.HOG0002244	1	1	1	1	1	1	1	1	1	1	1	1	1	1	1
N11	N11.HOG0002245	0	0	0	0	1	0	0	0	0	0	0	0	0	0	0
N11	N11.HOG0002246	0	0	1	0	0	0	0	0	0	0	0	0	0	0	0
N11	N11.HOG0002247	0	0	0	0	0	0	0	1	0	1	0	0	0	0	0
N11	N11.HOG0002248	1	1	1	1	1	1	1	1	1	1	1	1	1	1	1
N11	N11.HOG0002249	0	1	1	0	1	1	0	1	1	1	1	1	0	0	0
N11	N11.HOG0002250	0	1	1	1	1	1	1	1	1	1	1	1	0	1	0
N11	N11.HOG0002251	1	2	1	1	1	1	1	1	1	1	1	1	1	1	1
N11	N11.HOG0002252	1	1	1	1	1	1	1	1	1	1	1	1	1	1	1
N11	N11.HOG0002253	1	1	1	1	1	1	1	1	1	1	0	1	1	1	0
N11	N11.HOG0002254	0	0	0	0	0	0	0	1	0	0	0	0	0	0	0
N11	N11.HOG0002255	1	4	1	1	2	1	2	2	1	1	1	1	1	1	1
N11	N11.HOG0002256	1	1	0	1	1	1	0	1	1	1	1	1	2	1	1
N11	N11.HOG0002257	0	0	1	0	0	0	2	0	0	0	0	0	0	1	0
N11	N11.HOG0002258	1	2	1	2	3	1	1	1	1	1	1	1	1	2	1
N11	N11.HOG0002259	1	1	1	1	1	1	1	1	1	1	1	0	1	1	1
N11	N11.HOG0002260	1	2	1	1	1	1	2	1	1	1	1	1	1	1	3
N11	N11.HOG0002261	0	1	0	1	1	0	1	1	1	1	0	1	1	1	1
N11	N11.HOG0002262	1	1	1	1	1	1	1	1	1	1	1	1	1	1	1
N11	N11.HOG0002263	0	0	0	0	0	0	1	1	1	1	1	0	0	0	0
N11	N11.HOG0002264	1	1	1	1	0	1	1	1	1	1	1	1	1	1	1
N11	N11.HOG0002265	1	2	1	1	1	1	1	1	1	1	1	1	1	1	1
N11	N11.HOG0002266	0	0	0	0	1	0	0	0	0	0	0	0	0	0	0
N11	N11.HOG0002267	2	2	1	1	2	1	1	1	1	1	1	1	1	1	4
N11	N11.HOG0002268	1	0	0	0	0	0	0	0	0	0	0	0	0	0	0
N11	N11.HOG0002269	1	1	1	1	1	1	1	1	1	1	1	1	1	1	1
N11	N11.HOG0002270	2	1	5	1	1	1	1	1	1	1	1	1	1	1	1
N11	N11.HOG0002271	1	1	1	1	1	1	1	1	1	1	1	1	1	1	1
N11	N11.HOG0002272	1	2	1	1	1	1	1	1	1	1	1	1	1	1	1
N11	N11.HOG0002273	1	1	0	0	1	0	1	0	0	0	0	0	0	0	0
N11	N11.HOG0002274	1	1	1	1	1	1	1	1	1	1	1	1	1	1	1
N11	N11.HOG0002275	0	0	0	0	0	0	1	0	0	0	0	0	0	0	0
N11	N11.HOG0002276	1	2	1	2	2	2	1	2	2	2	2	3	1	1	1
N11	N11.HOG0002277	1	1	1	1	0	1	0	1	1	1	1	1	1	1	1
N11	N11.HOG0002278	1	1	2	1	1	1	1	2	2	2	2	2	1	1	0
N11	N11.HOG0002279	0	1	1	1	1	1	1	1	1	1	1	1	1	1	1
N11	N11.HOG0002280	1	1	1	1	1	1	1	1	1	1	1	1	1	1	1
N11	N11.HOG0002281	0	1	1	1	1	0	0	0	0	0	0	0	1	0	1
N11	N11.HOG0002282	0	1	1	1	1	1	0	1	1	1	1	1	1	1	0
N11	N11.HOG0002283	1	1	1	1	0	1	1	1	1	1	1	1	1	1	1
N11	N11.HOG0002284	1	0	0	0	0	0	0	0	0	0	0	0	0	0	0
N11	N11.HOG0002285	1	0	1	1	1	1	1	1	1	1	1	1	1	1	1
N11	N11.HOG0002286	0	1	0	0	0	0	0	0	0	0	0	0	0	0	0
N11	N11.HOG0002287	1	3	1	1	2	1	1	1	1	1	1	1	1	1	1
N11	N11.HOG0002288	1	1	1	1	1	1	1	1	1	1	1	1	1	1	1
N11	N11.HOG0002289	1	1	1	1	1	1	1	1	1	1	1	1	1	1	1
N11	N11.HOG0002290	0	4	2	2	1	2	2	1	1	1	1	1	3	2	0
N11	N11.HOG0002291	2	1	1	1	1	1	1	1	1	1	1	1	1	1	1
N11	N11.HOG0002292	1	1	1	1	3	1	1	1	1	1	1	1	2	1	1
N11	N11.HOG0002293	2	2	1	1	2	1	2	1	1	1	1	1	1	2	2
N11	N11.HOG0002294	1	1	1	1	2	1	1	1	1	1	1	1	1	1	1
N11	N11.HOG0002295	1	1	2	1	1	1	1	1	1	1	1	1	3	2	5
N11	N11.HOG0002296	1	1	1	1	1	1	1	1	1	1	1	1	1	1	1
N11	N11.HOG0002297	1	0	1	1	1	1	1	1	1	1	1	1	1	1	1
N11	N11.HOG0002298	1	2	1	1	1	1	1	1	1	1	1	1	1	1	1
N11	N11.HOG0002299	1	1	1	1	1	1	1	1	1	1	1	1	1	1	1
N11	N11.HOG0002300	0	1	0	0	0	0	0	0	0	0	0	0	0	0	0
N11	N11.HOG0002301	0	2	1	1	1	1	0	0	0	0	0	0	0	0	1
N11	N11.HOG0002302	0	1	0	0	1	0	1	1	1	1	1	1	1	1	1
N11	N11.HOG0002303	0	1	0	0	0	0	0	0	0	0	0	0	0	0	0
N11	N11.HOG0002304	0	1	0	0	1	0	0	0	0	0	0	0	0	0	0
N11	N11.HOG0002305	1	1	1	1	1	1	1	1	1	1	1	1	1	1	1
N11	N11.HOG0002306	1	1	1	1	1	1	1	1	1	1	1	1	1	1	1
N11	N11.HOG0002307	1	1	1	1	1	0	1	1	1	1	0	1	1	1	1
N11	N11.HOG0002308	1	3	1	1	1	1	1	1	1	1	1	1	1	1	1
N11	N11.HOG0002309	1	2	2	2	2	2	1	2	2	2	2	1	3	1	1
N11	N11.HOG0002310	1	1	1	1	1	1	1	1	1	1	1	1	1	1	1
N11	N11.HOG0002311	0	1	1	0	1	1	0	0	0	0	0	0	0	0	0
N11	N11.HOG0002312	1	1	1	1	1	1	1	1	1	1	1	1	0	0	1
N11	N11.HOG0002313	1	1	1	1	1	1	0	1	1	1	1	1	0	0	1
N11	N11.HOG0002314	0	1	0	0	1	0	0	0	0	0	0	0	0	0	0
N11	N11.HOG0002315	1	1	1	1	1	1	0	1	1	1	1	1	1	1	1
N11	N11.HOG0002316	0	1	0	0	0	0	1	0	0	0	0	0	0	1	0
N11	N11.HOG0002317	1	1	1	1	1	1	1	1	1	1	1	1	1	1	1
N11	N11.HOG0002318	1	1	1	1	2	1	1	1	1	1	1	1	1	1	1
N11	N11.HOG0002319	1	1	1	1	1	1	1	1	1	1	1	1	1	1	1
N11	N11.HOG0002320	0	0	0	1	0	1	1	1	1	0	0	0	0	0	0
N11	N11.HOG0002321	0	1	0	0	2	0	0	0	0	0	0	0	0	0	0
N11	N11.HOG0002322	1	1	1	1	1	2	2	1	1	1	1	1	2	2	3
N11	N11.HOG0002323	1	0	0	0	0	0	0	0	0	0	0	0	1	1	0
N11	N11.HOG0002324	1	0	0	0	0	0	0	0	0	0	0	0	0	0	0
N11	N11.HOG0002325	1	1	1	0	1	0	1	0	0	1	1	1	1	1	1
N11	N11.HOG0002326	0	0	0	0	0	0	0	0	0	0	0	0	0	1	0
N11	N11.HOG0002327	1	1	0	0	1	1	1	1	1	1	1	0	1	1	0
N11	N11.HOG0002328	0	1	0	0	0	0	0	0	0	0	0	0	0	0	0
N11	N11.HOG0002329	4	1	0	1	1	1	1	1	1	1	1	1	1	2	1
N11	N11.HOG0002330	1	1	0	0	0	0	0	0	0	0	0	0	0	0	1
N11	N11.HOG0002331	1	0	1	1	0	1	1	1	1	1	1	1	1	1	1
N11	N11.HOG0002332	1	2	1	2	0	1	2	0	1	1	1	1	2	2	2
N11	N11.HOG0002333	1	1	1	1	1	1	1	1	1	1	1	1	1	1	1
N11	N11.HOG0002334	1	2	1	1	1	1	1	1	1	1	1	1	1	1	1
N11	N11.HOG0002335	1	1	1	1	1	1	1	1	1	1	1	1	1	1	1
N11	N11.HOG0002336	0	2	1	1	1	1	1	1	1	1	1	1	1	1	1
N11	N11.HOG0002337	1	1	1	1	1	1	1	1	1	1	1	1	1	1	1
N11	N11.HOG0002338	1	1	1	1	1	1	1	1	1	1	0	1	1	1	0
N11	N11.HOG0002339	1	1	1	1	1	1	1	1	1	1	1	1	1	1	1
N11	N11.HOG0002340	0	0	0	0	1	0	0	0	0	0	0	0	0	0	0
N11	N11.HOG0002341	1	0	1	1	1	1	1	1	1	1	1	1	1	1	1
N11	N11.HOG0002342	1	0	1	1	1	1	1	1	1	1	1	1	1	1	1
N11	N11.HOG0002343	0	2	2	2	2	2	2	2	2	2	2	2	1	1	2
N11	N11.HOG0002344	1	1	1	1	1	1	1	1	1	1	1	1	1	1	0
N11	N11.HOG0002345	1	1	1	1	1	1	1	1	1	1	1	1	1	1	1
N11	N11.HOG0002346	0	1	1	1	0	1	0	1	1	1	1	1	0	1	1
N11	N11.HOG0002347	1	0	1	1	1	2	1	1	1	1	1	0	1	0	0
N11	N11.HOG0002348	1	1	1	1	1	1	1	1	1	1	1	1	1	1	1
N11	N11.HOG0002349	1	1	1	1	0	1	1	2	2	2	2	2	2	2	1
N11	N11.HOG0002350	0	1	0	0	0	0	0	0	0	0	0	0	0	0	0
N11	N11.HOG0002351	1	1	1	1	2	1	1	1	1	1	1	0	1	1	1
N11	N11.HOG0002352	0	0	0	0	0	0	1	0	0	0	0	0	0	0	0
N11	N11.HOG0002353	1	0	0	0	1	0	0	0	0	0	0	0	0	0	0
N11	N11.HOG0002354	0	1	1	1	1	1	1	1	1	1	1	1	1	1	1
N11	N11.HOG0002355	0	1	1	1	1	1	1	1	1	1	1	1	0	0	1
N11	N11.HOG0002356	0	1	1	1	1	1	1	1	1	1	1	1	1	1	1
N11	N11.HOG0002357	1	1	1	1	1	1	1	1	1	1	1	1	1	1	0
N11	N11.HOG0002358	1	1	1	1	1	1	1	1	1	1	1	1	1	1	1
N11	N11.HOG0002359	2	1	1	1	1	1	1	1	1	1	1	1	2	1	1
N11	N11.HOG0002360	1	1	1	1	1	1	1	1	1	1	1	1	1	1	1
N11	N11.HOG0002361	1	1	1	1	1	1	1	1	1	1	1	1	1	1	1
N11	N11.HOG0002362	1	1	1	1	1	1	1	1	1	1	1	1	1	1	1
N11	N11.HOG0002363	0	1	1	1	1	1	0	1	1	1	1	1	1	1	1
N11	N11.HOG0002364	1	1	1	1	1	1	1	1	1	1	1	1	1	1	2
N11	N11.HOG0002365	1	0	0	1	0	0	1	1	1	1	0	1	1	1	1
N11	N11.HOG0002366	1	0	0	0	0	0	1	1	1	0	0	0	0	0	0
N11	N11.HOG0002367	1	1	1	1	1	1	1	1	1	1	1	1	1	1	1
N11	N11.HOG0002368	1	1	1	1	1	1	1	1	1	1	1	1	1	2	1
N11	N11.HOG0002369	1	1	1	1	1	1	1	1	1	1	1	1	1	1	1
N11	N11.HOG0002370	1	1	1	1	1	1	1	1	1	1	1	1	1	1	1
N11	N11.HOG0002371	1	2	1	1	1	0	1	1	1	1	1	1	1	3	2
N11	N11.HOG0002372	1	2	1	2	2	1	4	2	1	2	2	2	2	2	0
N11	N11.HOG0002373	1	1	1	1	3	1	1	1	1	1	1	1	1	1	1
N11	N11.HOG0002374	0	1	1	1	1	1	0	1	1	1	1	1	0	0	1
N11	N11.HOG0002375	0	1	1	1	1	1	1	1	1	4	2	3	2	2	2
N11	N11.HOG0002376	1	1	1	1	1	1	1	1	1	1	1	1	1	1	1
N11	N11.HOG0002377	1	0	0	0	0	0	0	0	0	0	0	0	0	1	0
N11	N11.HOG0002378	1	1	1	1	1	1	1	1	1	1	1	1	1	1	1
N11	N11.HOG0002379	1	1	1	1	1	1	1	1	1	1	1	1	0	1	1
N11	N11.HOG0002380	1	2	1	1	2	1	1	1	1	1	1	1	2	1	1
N11	N11.HOG0002381	0	1	1	0	0	0	0	0	0	0	0	0	1	1	1
N11	N11.HOG0002382	2	1	1	1	2	1	1	1	1	1	1	1	1	1	1
N11	N11.HOG0002383	1	1	0	1	1	0	1	1	1	1	1	0	0	1	1
N11	N11.HOG0002384	1	2	1	1	1	1	1	1	1	1	1	1	1	1	1
N11	N11.HOG0002385	0	4	2	2	1	1	1	1	1	1	1	1	1	1	1
N11	N11.HOG0002386	0	1	1	1	1	0	0	2	2	1	1	1	1	0	1
N11	N11.HOG0002387	3	2	2	3	3	2	1	1	1	1	1	1	1	1	2
N11	N11.HOG0002388	1	0	0	0	0	0	0	0	0	0	0	0	0	0	0
N11	N11.HOG0002389	0	1	0	0	1	0	0	0	0	0	0	0	0	0	0
N11	N11.HOG0002390	1	1	1	1	1	1	2	1	1	1	1	1	1	2	2
N11	N11.HOG0002391	1	3	0	0	1	0	1	0	0	0	0	0	1	0	1
N11	N11.HOG0002392	0	0	1	1	1	1	0	1	1	1	1	1	0	1	0
N11	N11.HOG0002393	0	0	0	0	0	0	1	0	0	0	0	0	1	1	1
N11	N11.HOG0002394	0	1	1	1	1	1	1	1	1	1	1	1	1	1	1
N11	N11.HOG0002395	1	2	1	1	1	1	1	1	1	1	1	1	1	1	1
N11	N11.HOG0002396	1	2	1	1	1	1	1	1	1	1	1	1	1	1	1
N11	N11.HOG0002397	1	0	0	0	1	0	0	0	0	0	0	0	0	0	0
N11	N11.HOG0002398	0	1	1	1	0	1	0	1	1	1	1	1	1	1	1
N11	N11.HOG0002399	1	2	1	1	0	1	1	1	1	1	1	1	1	1	1
N11	N11.HOG0002400	1	1	1	1	1	2	1	1	1	1	1	1	0	1	2
N11	N11.HOG0002401	1	1	1	1	1	1	1	1	1	1	1	1	1	1	1
N11	N11.HOG0002402	1	0	1	1	1	1	1	1	1	1	1	1	1	1	1
N11	N11.HOG0002403	1	1	1	1	1	1	1	1	1	1	1	1	1	1	1
N11	N11.HOG0002404	2	2	1	1	2	1	1	1	1	1	1	1	2	1	1
N11	N11.HOG0002405	0	0	1	1	1	1	1	1	1	1	1	1	1	1	1
N11	N11.HOG0002406	0	1	1	1	1	1	1	1	1	1	1	1	1	1	2
N11	N11.HOG0002407	1	0	1	1	1	1	1	1	1	1	1	1	1	1	1
N11	N11.HOG0002408	1	2	1	1	1	1	1	1	1	1	1	1	1	1	1
N11	N11.HOG0002409	1	2	1	1	1	1	1	1	1	1	1	1	0	1	1
N11	N11.HOG0002410	0	0	1	0	0	0	1	0	1	0	1	0	0	1	0
N11	N11.HOG0002411	1	0	1	1	1	1	1	1	1	1	1	1	1	1	1
N11	N11.HOG0002412	1	1	1	1	1	1	1	1	1	1	1	1	1	1	1
N11	N11.HOG0002413	1	1	1	1	1	1	1	1	1	1	1	1	1	1	1
N11	N11.HOG0002414	1	2	1	1	1	1	1	1	1	1	1	1	1	1	2
N11	N11.HOG0002415	1	1	1	1	1	1	1	1	1	1	1	1	1	1	1
N11	N11.HOG0002416	1	1	1	1	1	1	1	1	1	1	1	1	1	1	1
N11	N11.HOG0002417	0	1	0	0	0	0	1	0	0	0	0	0	0	0	1
N11	N11.HOG0002418	0	0	0	0	0	0	1	0	0	0	0	0	0	0	1
N11	N11.HOG0002419	0	1	1	1	1	1	0	1	1	1	1	1	0	0	0
N11	N11.HOG0002420	0	0	0	1	1	1	0	0	0	0	0	0	0	0	0
N11	N11.HOG0002421	1	0	1	0	0	0	1	1	1	1	1	1	1	1	1
N11	N11.HOG0002422	1	1	1	1	1	1	1	1	1	1	1	1	1	1	1
N11	N11.HOG0002423	1	3	1	1	1	1	1	1	1	1	1	1	1	1	1
N11	N11.HOG0002424	1	2	0	1	1	1	1	1	1	1	1	1	0	0	0
N11	N11.HOG0002425	0	2	0	1	0	1	0	0	0	0	1	1	1	0	0
N11	N11.HOG0002427	0	3	0	0	0	0	0	0	0	0	0	0	0	0	0
N11	N11.HOG0002428	0	0	0	0	1	0	0	0	0	0	0	0	0	0	0
N11	N11.HOG0002429	0	0	0	1	0	2	0	0	0	0	0	0	1	0	2
N11	N11.HOG0002431	1	1	1	1	1	1	1	1	1	1	1	1	1	1	1
N11	N11.HOG0002432	0	1	0	0	1	0	0	0	0	0	0	0	0	0	0
N11	N11.HOG0002433	1	2	1	1	1	1	1	1	1	1	1	1	1	1	0
N11	N11.HOG0002434	1	2	1	1	1	1	1	1	1	1	1	1	1	1	1
N11	N11.HOG0002435	0	1	1	1	1	1	1	1	1	1	1	1	1	1	1
N11	N11.HOG0002436	0	0	0	0	0	0	1	1	1	1	1	1	1	1	1
N11	N11.HOG0002437	0	1	0	0	0	0	0	0	0	0	0	0	0	0	0
N11	N11.HOG0002438	0	1	1	1	1	1	0	0	0	0	0	0	0	0	0
N11	N11.HOG0002439	1	1	1	1	1	1	1	1	1	1	1	1	1	1	0
N11	N11.HOG0002440	0	0	0	0	0	0	1	1	1	1	1	1	1	1	1
N11	N11.HOG0002441	1	2	0	0	1	0	0	0	0	0	0	0	0	0	0
N11	N11.HOG0002442	0	1	0	0	1	0	0	0	0	0	0	0	0	0	0
N11	N11.HOG0002443	0	1	0	1	1	0	0	0	0	0	0	0	0	0	0
N11	N11.HOG0002444	0	0	1	1	1	1	1	1	1	1	1	1	1	1	0
N11	N11.HOG0002445	0	1	0	0	0	0	0	0	0	0	0	0	0	0	1
N11	N11.HOG0002446	0	0	0	0	0	0	1	0	0	1	1	0	0	0	0
N11	N11.HOG0002447	0	1	0	0	0	0	0	0	0	0	0	1	0	0	0
N11	N11.HOG0002448	1	1	0	0	0	0	0	0	0	0	0	0	0	0	0
N11	N11.HOG0002449	0	0	1	1	1	1	0	1	1	0	0	0	1	1	1
N11	N11.HOG0002450	1	1	0	0	0	0	0	0	0	0	0	1	0	0	0
N11	N11.HOG0002451	1	1	1	1	1	1	1	1	1	1	1	1	1	1	1
N11	N11.HOG0002452	1	0	1	1	0	1	1	1	1	1	1	1	1	1	1
N11	N11.HOG0002453	1	1	1	1	1	1	1	1	1	1	1	1	1	1	1
N11	N11.HOG0002454	1	1	2	2	2	2	1	1	1	1	1	1	1	1	1
N11	N11.HOG0002455	1	1	1	1	0	1	1	1	1	1	1	1	1	1	1
N11	N11.HOG0002456	1	1	1	1	1	1	1	1	1	1	1	1	1	1	1
N11	N11.HOG0002457	1	0	0	0	0	0	0	0	0	0	0	0	0	0	0
N11	N11.HOG0002458	1	1	1	1	3	1	1	1	1	1	1	1	1	1	1
N11	N11.HOG0002459	0	1	0	1	0	0	1	0	0	0	0	0	0	0	0
N11	N11.HOG0002460	1	2	1	1	1	1	1	1	1	1	1	1	1	1	1
N11	N11.HOG0002461	1	2	1	1	2	1	1	1	1	1	1	1	1	1	1
N11	N11.HOG0002462	1	1	1	1	1	1	1	1	1	1	1	1	1	3	1
N11	N11.HOG0002463	1	0	0	1	0	1	1	1	1	1	1	1	1	1	1
N11	N11.HOG0002464	0	1	1	0	0	0	0	0	0	0	0	0	0	0	0
N11	N11.HOG0002465	0	1	1	1	1	1	1	1	1	1	1	1	1	1	1
N11	N11.HOG0002466	0	1	1	1	1	1	1	1	1	1	1	1	1	1	1
N11	N11.HOG0002467	0	0	0	0	0	0	0	0	1	1	0	0	0	0	0
N11	N11.HOG0002468	1	0	1	1	1	1	1	1	1	1	1	1	1	1	1
N11	N11.HOG0002469	1	1	1	1	0	1	1	1	1	1	1	1	1	1	1
N11	N11.HOG0002470	1	1	1	1	1	1	1	1	1	1	1	1	1	1	1
N11	N11.HOG0002471	5	2	3	3	3	2	2	3	1	1	1	2	1	1	1
N11	N11.HOG0002472	0	1	1	1	1	1	1	1	1	1	1	1	1	1	1
N11	N11.HOG0002473	1	1	1	1	1	1	1	1	1	1	1	1	1	1	1
N11	N11.HOG0002474	1	1	1	1	1	1	1	1	1	1	1	1	1	1	1
N11	N11.HOG0002475	1	1	1	1	1	1	1	1	1	1	1	1	1	1	1
N11	N11.HOG0002476	1	1	1	1	1	1	1	1	1	1	1	1	1	1	1
N11	N11.HOG0002477	1	2	1	1	1	1	1	1	1	1	1	1	1	1	1
N11	N11.HOG0002478	0	1	1	1	1	1	2	1	1	1	1	1	1	1	1
N11	N11.HOG0002479	1	4	1	1	2	1	1	1	1	1	1	1	1	1	1
N11	N11.HOG0002480	0	0	0	0	1	0	0	0	0	0	0	0	0	0	0
N11	N11.HOG0002481	0	0	0	1	0	0	0	0	0	0	0	0	0	0	0
N11	N11.HOG0002482	1	1	1	1	1	1	1	1	1	1	1	1	1	1	1
N11	N11.HOG0002483	1	1	1	1	1	2	1	1	1	1	1	1	1	1	1
N11	N11.HOG0002484	1	4	1	1	1	1	1	1	1	1	1	1	1	1	1
N11	N11.HOG0002485	1	2	1	1	1	1	1	1	1	1	1	1	1	4	1
N11	N11.HOG0002486	0	0	0	0	0	0	1	1	0	1	1	1	0	1	1
N11	N11.HOG0002487	0	2	0	0	1	0	0	0	0	0	0	0	0	0	0
N11	N11.HOG0002488	0	2	1	1	1	1	0	0	1	0	0	0	1	0	0
N11	N11.HOG0002489	1	2	1	1	0	1	1	1	1	1	1	1	1	1	1
N11	N11.HOG0002490	1	1	1	1	1	1	1	1	1	1	1	1	1	1	0
N11	N11.HOG0002491	0	0	0	0	2	0	0	0	0	0	0	0	0	0	0
N11	N11.HOG0002492	1	2	1	1	1	1	1	1	1	1	1	1	1	1	1
N11	N11.HOG0002493	0	3	0	0	0	0	0	0	0	0	0	0	0	0	0
N11	N11.HOG0002494	1	1	1	1	1	1	1	1	1	1	1	1	1	1	1
N11	N11.HOG0002495	1	0	1	1	1	1	1	1	1	1	1	1	1	1	1
N11	N11.HOG0002496	0	1	0	0	1	1	1	1	1	1	1	1	1	1	1
N11	N11.HOG0002497	1	1	1	1	1	1	2	1	1	1	1	0	2	1	1
N11	N11.HOG0002498	0	1	1	7	1	1	1	1	1	1	1	1	1	1	1
N11	N11.HOG0002499	0	1	2	1	1	2	1	1	1	1	1	1	1	1	2
N11	N11.HOG0002500	1	1	1	1	2	1	2	1	1	1	1	1	0	2	1
N11	N11.HOG0002501	1	1	1	1	1	1	1	1	1	1	1	1	1	1	1
N11	N11.HOG0002502	1	1	1	1	1	1	2	1	1	1	1	1	1	1	1
N11	N11.HOG0002503	1	1	1	2	1	1	1	1	1	1	1	1	1	1	3
N11	N11.HOG0002504	1	2	1	1	3	1	1	1	1	1	1	1	1	1	1
N11	N11.HOG0002505	0	1	1	1	0	1	0	1	1	1	1	1	1	0	0
N11	N11.HOG0002506	0	1	1	0	1	1	0	0	1	0	0	0	0	0	0
N11	N11.HOG0002507	0	1	1	1	1	1	1	1	1	1	1	1	1	1	1
N11	N11.HOG0002508	1	1	1	1	1	1	1	1	1	1	1	1	0	1	1
N11	N11.HOG0002509	0	0	0	0	0	0	0	0	0	0	0	0	1	0	0
N11	N11.HOG0002510	0	1	1	1	1	1	1	1	1	1	1	1	1	1	1
N11	N11.HOG0002511	0	1	0	0	0	0	0	0	0	0	0	0	1	0	0
N11	N11.HOG0002512	0	0	0	0	0	0	1	0	0	0	0	0	0	0	0
N11	N11.HOG0002513	1	1	0	0	1	0	1	0	0	0	0	0	0	0	0
N11	N11.HOG0002514	0	1	1	0	1	0	1	0	0	1	0	1	0	0	0
N11	N11.HOG0002515	0	1	0	0	1	0	0	0	0	0	0	0	0	0	0
N11	N11.HOG0002516	2	1	1	1	1	1	1	1	1	1	1	1	1	1	1
N11	N11.HOG0002517	1	1	0	1	0	0	2	1	1	2	1	1	1	1	0
N11	N11.HOG0002518	1	1	1	1	1	1	1	1	1	1	1	1	1	1	1
N11	N11.HOG0002519	2	0	1	1	2	1	1	1	1	1	1	1	1	1	1
N11	N11.HOG0002520	1	2	1	1	2	1	1	1	1	1	1	1	1	1	1
N11	N11.HOG0002521	1	1	1	1	1	1	1	0	1	1	1	1	1	1	1
N11	N11.HOG0002522	1	0	1	1	1	0	1	1	1	1	1	1	0	1	1
N11	N11.HOG0002523	0	1	0	0	0	1	0	0	0	0	0	0	1	0	0
N11	N11.HOG0002524	0	1	0	0	0	0	0	0	0	0	0	0	1	0	0
N11	N11.HOG0002525	1	1	1	1	1	1	1	1	1	1	1	1	1	2	1
N11	N11.HOG0002526	1	0	1	1	0	1	1	1	1	1	1	1	1	1	1
N11	N11.HOG0002527	1	1	1	1	1	1	1	1	1	1	1	1	2	1	1
N11	N11.HOG0002528	1	1	1	1	0	1	1	1	1	1	1	1	1	1	1
N11	N11.HOG0002529	0	0	0	0	0	0	1	0	0	0	0	0	0	0	0
N11	N11.HOG0002530	1	1	1	1	1	1	1	1	1	1	1	1	1	1	1
N11	N11.HOG0002531	1	1	1	1	1	1	1	2	1	1	2	2	1	1	1
N11	N11.HOG0002532	1	2	1	1	2	1	2	1	1	1	1	1	1	1	1
N11	N11.HOG0002533	1	1	1	1	1	1	2	1	1	1	1	1	1	1	1
N11	N11.HOG0002534	1	1	1	1	1	1	1	1	1	1	1	1	1	1	1
N11	N11.HOG0002535	1	1	1	1	1	1	1	1	1	1	1	1	1	1	1
N11	N11.HOG0002536	1	1	1	1	0	1	1	1	1	1	1	1	1	1	1
N11	N11.HOG0002537	1	2	2	3	3	2	1	1	1	1	1	1	0	0	1
N11	N11.HOG0002538	0	1	0	0	0	0	0	0	0	0	0	0	0	0	0
N11	N11.HOG0002539	1	3	1	1	1	1	1	1	1	1	1	1	1	1	1
N11	N11.HOG0002540	1	1	1	1	1	1	1	1	1	1	1	1	1	1	1
N11	N11.HOG0002541	0	0	1	1	0	1	0	1	1	1	0	1	0	0	0
N11	N11.HOG0002542	0	2	1	1	2	1	1	1	1	1	1	1	1	2	1
N11	N11.HOG0002543	0	1	0	0	0	0	0	0	0	0	0	0	0	0	0
N11	N11.HOG0002544	0	1	1	1	2	0	1	1	0	0	0	0	1	1	1
N11	N11.HOG0002545	1	2	1	0	4	1	1	1	1	1	1	1	1	1	1
N11	N11.HOG0002546	1	1	1	1	1	1	1	1	1	1	1	1	1	1	1
N11	N11.HOG0002547	1	1	1	1	1	1	1	1	1	1	1	1	1	1	1
N11	N11.HOG0002548	1	1	1	1	1	1	1	1	1	1	1	1	1	1	1
N11	N11.HOG0002549	1	2	1	1	1	1	1	1	1	1	1	1	1	1	1
N11	N11.HOG0002550	1	1	1	1	1	1	1	1	1	1	1	1	1	1	1
N11	N11.HOG0002551	0	1	0	1	1	1	1	1	1	1	1	1	0	0	0
N11	N11.HOG0002552	1	1	0	1	1	0	1	1	1	1	1	1	1	1	0
N11	N11.HOG0002553	0	1	1	1	1	1	1	1	0	0	0	0	1	1	1
N11	N11.HOG0002554	0	0	0	0	0	0	0	0	0	1	0	0	0	0	0
N11	N11.HOG0002555	0	0	0	0	0	0	0	0	0	1	1	1	0	0	0
N11	N11.HOG0002556	0	0	0	1	1	1	0	0	0	0	0	0	0	0	0
N11	N11.HOG0002558	0	0	0	0	0	0	0	0	0	2	1	4	0	0	0
N11	N11.HOG0002559	0	0	0	0	0	0	0	0	0	1	1	1	0	0	0
N11	N11.HOG0002560	0	0	0	0	0	0	0	0	0	0	2	0	0	0	0
N11	N11.HOG0002561	0	0	0	0	0	0	0	0	0	1	1	1	0	0	0
N11	N11.HOG0002562	0	0	0	0	0	0	0	0	0	0	0	1	0	0	0
N11	N11.HOG0002564	0	0	2	6	1	1	0	0	0	1	1	2	1	0	1
N11	N11.HOG0002565	1	1	1	1	1	1	1	1	1	1	1	1	1	1	1
N11	N11.HOG0002566	1	1	1	1	1	1	1	1	1	1	1	1	0	0	0
N11	N11.HOG0002567	1	1	1	1	2	2	1	1	1	1	1	1	2	2	1
N11	N11.HOG0002568	1	1	1	1	1	1	1	1	1	1	1	1	1	1	1
N11	N11.HOG0002569	1	1	1	1	1	1	1	1	1	1	1	1	1	1	1
N11	N11.HOG0002570	1	1	2	0	1	1	1	1	1	1	1	1	1	1	1
N11	N11.HOG0002571	2	2	1	1	2	1	1	1	1	1	1	1	1	1	1
N11	N11.HOG0002572	0	1	1	1	1	1	1	1	1	1	1	1	1	1	1
N11	N11.HOG0002573	1	0	1	1	1	1	1	1	1	1	1	1	1	1	1
N11	N11.HOG0002574	0	1	0	0	0	0	0	0	0	0	0	0	0	0	0
N11	N11.HOG0002575	0	0	0	0	0	0	1	1	1	0	0	0	0	0	0
N11	N11.HOG0002576	0	0	0	0	0	0	0	0	0	1	1	1	1	1	1
N11	N11.HOG0002577	0	2	0	1	1	1	0	0	0	0	0	0	0	0	0
N11	N11.HOG0002578	1	1	1	1	1	1	3	2	1	1	1	1	1	2	0
N11	N11.HOG0002579	1	1	1	1	1	1	1	1	1	1	1	1	1	1	1
N11	N11.HOG0002580	1	1	1	1	1	1	1	1	1	1	1	1	1	1	1
N11	N11.HOG0002581	2	1	1	1	1	1	1	1	1	1	1	1	0	0	1
N11	N11.HOG0002582	1	1	1	1	1	1	1	1	1	1	1	1	1	4	1
N11	N11.HOG0002583	1	0	1	1	1	1	1	1	1	1	1	1	1	1	1
N11	N11.HOG0002584	1	1	1	1	1	1	1	1	1	1	1	1	1	1	1
N11	N11.HOG0002585	1	1	1	1	1	1	1	1	1	1	1	1	1	1	1
N11	N11.HOG0002586	0	1	0	1	1	1	1	1	1	1	1	1	1	1	0
N11	N11.HOG0002587	1	1	1	1	1	1	1	1	1	1	1	1	1	1	1
N11	N11.HOG0002588	1	1	1	1	1	1	1	1	1	1	1	1	2	2	1
N11	N11.HOG0002589	1	1	1	1	1	1	1	1	1	1	1	1	2	1	1
N11	N11.HOG0002590	0	0	1	1	1	1	1	1	1	1	1	1	1	1	1
N11	N11.HOG0002591	2	1	1	1	1	1	1	1	1	1	1	1	1	1	1
N11	N11.HOG0002592	1	2	1	7	2	2	1	1	1	1	1	1	1	1	1
N11	N11.HOG0002593	1	1	1	1	1	1	1	1	1	1	1	1	1	1	1
N11	N11.HOG0002594	1	1	1	1	1	1	1	1	1	1	0	1	1	1	1
N11	N11.HOG0002595	1	1	1	1	1	1	1	1	1	1	1	1	1	1	1
N11	N11.HOG0002596	1	1	1	1	1	1	1	1	1	1	1	1	1	1	1
N11	N11.HOG0002597	0	0	1	1	1	0	0	0	0	0	0	0	0	0	0
N11	N11.HOG0002598	0	2	1	1	1	1	1	1	1	1	2	1	1	1	1
N11	N11.HOG0002599	0	1	0	0	1	1	1	1	1	1	1	1	1	1	1
N11	N11.HOG0002600	0	1	1	1	1	1	1	1	1	1	1	1	1	1	2
N11	N11.HOG0002601	0	0	0	0	0	0	0	0	0	0	0	0	1	0	1
N11	N11.HOG0002602	1	1	2	1	2	2	2	1	1	1	2	1	2	2	2
N11	N11.HOG0002603	1	0	0	0	0	0	1	1	1	1	1	1	1	3	1
N11	N11.HOG0002604	0	1	1	1	1	1	1	1	1	1	1	1	1	1	1
N11	N11.HOG0002605	1	2	1	1	1	1	1	1	1	1	1	1	1	1	1
N11	N11.HOG0002606	1	2	1	1	1	1	1	1	1	1	1	1	1	1	1
N11	N11.HOG0002607	1	1	1	1	1	1	1	1	1	1	1	1	1	1	1
N11	N11.HOG0002608	1	1	1	1	1	1	1	1	1	1	1	1	1	1	2
N11	N11.HOG0002609	1	2	1	1	1	1	1	1	1	1	1	1	1	1	1
N11	N11.HOG0002610	1	1	2	1	1	1	2	1	1	1	1	1	1	1	1
N11	N11.HOG0002611	1	1	1	1	1	1	3	1	24	1	1	0	1	1	1
N11	N11.HOG0002612	1	1	1	1	1	1	1	1	1	1	1	1	1	1	1
N11	N11.HOG0002613	1	1	1	1	1	1	1	1	1	1	1	1	0	1	1
N11	N11.HOG0002614	1	1	0	1	1	1	1	1	1	1	1	0	1	1	1
N11	N11.HOG0002615	1	1	1	1	1	1	1	1	1	1	1	1	1	1	1
N11	N11.HOG0002616	1	2	1	1	1	1	1	1	1	1	1	1	1	1	1
N11	N11.HOG0002617	0	2	1	1	1	1	2	1	1	1	1	1	2	2	0
N11	N11.HOG0002618	1	1	1	1	1	1	1	1	1	1	1	1	1	1	1
N11	N11.HOG0002619	0	1	0	0	0	0	0	0	0	0	0	0	0	0	0
N11	N11.HOG0002620	1	1	1	1	1	1	1	1	1	1	1	1	1	1	1
N11	N11.HOG0002621	0	1	1	1	1	1	1	1	1	1	1	1	0	1	0
N11	N11.HOG0002622	1	1	1	1	1	1	1	1	1	1	1	1	1	1	1
N11	N11.HOG0002623	1	1	1	1	1	1	1	1	1	1	1	1	1	1	0
N11	N11.HOG0002624	1	0	0	1	0	1	1	1	1	1	1	1	1	1	0
N11	N11.HOG0002625	0	1	1	0	1	0	0	0	0	0	0	0	0	0	1
N11	N11.HOG0002626	0	1	0	0	0	0	0	0	0	0	0	0	0	0	0
N11	N11.HOG0002627	1	2	1	1	1	1	1	1	1	1	1	1	1	1	1
N11	N11.HOG0002628	1	1	1	1	1	1	1	1	1	1	1	1	1	1	2
N11	N11.HOG0002629	1	1	1	1	1	1	1	1	1	1	1	1	1	1	1
N11	N11.HOG0002630	1	1	1	1	1	1	1	1	1	1	1	1	1	0	1
N11	N11.HOG0002631	1	1	1	1	0	0	1	1	1	1	0	1	1	4	0
N11	N11.HOG0002632	1	1	1	1	1	1	1	1	1	1	1	1	1	1	1
N11	N11.HOG0002633	1	4	1	1	2	1	1	1	1	1	1	1	1	1	0
N11	N11.HOG0002634	0	1	0	0	1	0	1	0	0	0	0	0	0	0	1
N11	N11.HOG0002635	1	0	1	1	1	1	1	1	1	1	1	1	1	1	0
N11	N11.HOG0002636	1	1	1	1	1	1	1	1	1	1	1	1	0	1	1
N11	N11.HOG0002637	1	0	0	0	2	0	0	0	0	0	0	0	0	0	0
N11	N11.HOG0002638	1	1	1	1	1	1	1	1	1	1	1	1	1	1	1
N11	N11.HOG0002639	4	1	3	1	1	1	1	1	1	1	1	1	4	2	3
N11	N11.HOG0002640	1	2	1	1	1	1	1	1	1	1	1	1	1	1	1
N11	N11.HOG0002641	1	1	1	1	1	1	1	1	1	1	1	1	1	1	0
N11	N11.HOG0002642	0	2	1	2	1	1	2	0	1	0	1	0	0	0	0
N11	N11.HOG0002643	1	0	0	0	0	0	0	0	0	0	0	0	0	0	1
N11	N11.HOG0002644	1	1	1	1	1	1	1	1	1	1	1	1	1	1	0
N11	N11.HOG0002645	1	0	0	1	0	0	0	0	0	0	0	0	0	0	0
N11	N11.HOG0002646	1	2	1	0	1	1	1	1	1	1	1	1	1	1	1
N11	N11.HOG0002647	2	1	1	1	1	1	1	1	1	1	1	1	3	1	1
N11	N11.HOG0002648	1	1	1	2	1	1	1	1	1	1	1	1	1	1	1
N11	N11.HOG0002649	1	1	1	1	1	1	1	1	1	1	1	1	1	1	1
N11	N11.HOG0002650	1	1	1	1	1	1	2	1	1	1	1	1	1	1	1
N11	N11.HOG0002651	1	1	1	1	1	1	1	1	1	1	1	1	1	1	1
N11	N11.HOG0002652	0	1	1	1	1	1	1	0	1	1	1	1	1	1	1
N11	N11.HOG0002653	1	1	1	1	1	1	1	1	1	1	1	1	1	1	1
N11	N11.HOG0002654	1	0	1	1	1	1	1	1	1	1	1	1	0	1	1
N11	N11.HOG0002655	0	1	1	1	1	1	1	1	1	1	1	1	1	1	1
N11	N11.HOG0002656	1	1	1	1	1	1	1	1	1	1	1	1	1	2	1
N11	N11.HOG0002657	0	0	0	0	0	0	0	1	1	1	1	1	1	1	1
N11	N11.HOG0002658	0	4	0	0	0	0	0	0	0	0	0	0	0	0	0
N11	N11.HOG0002659	1	1	1	1	1	1	0	0	0	0	0	0	0	0	0
N11	N11.HOG0002660	1	1	1	1	1	1	1	1	1	1	1	1	1	1	1
N11	N11.HOG0002661	0	1	1	1	1	1	1	1	1	1	1	1	1	1	1
N11	N11.HOG0002662	0	2	1	1	1	1	1	1	1	1	1	1	2	1	2
N11	N11.HOG0002663	1	1	1	1	1	1	1	1	1	1	1	1	1	1	1
N11	N11.HOG0002664	1	1	1	1	1	1	1	1	1	1	1	1	1	1	1
N11	N11.HOG0002665	1	1	1	1	1	1	1	1	1	1	1	1	1	2	1
N11	N11.HOG0002666	1	1	2	1	1	0	1	1	1	1	1	1	1	1	1
N11	N11.HOG0002667	0	0	0	1	0	0	0	0	0	0	0	0	1	0	1
N11	N11.HOG0002668	1	1	1	1	2	1	1	1	1	1	1	1	1	1	1
N11	N11.HOG0002669	0	0	0	0	0	0	1	1	1	1	1	1	1	1	0
N11	N11.HOG0002670	1	1	1	1	1	1	1	1	1	1	1	1	1	1	0
N11	N11.HOG0002671	0	1	0	0	1	0	0	0	0	0	0	0	1	0	0
N11	N11.HOG0002672	1	1	1	1	1	1	0	0	0	0	0	0	0	0	0
N11	N11.HOG0002673	1	0	1	1	1	1	1	1	1	1	1	1	1	1	1
N11	N11.HOG0002674	0	3	1	1	0	1	0	1	1	1	1	1	0	0	1
N11	N11.HOG0002675	0	1	1	1	2	1	1	1	1	1	1	1	1	1	1
N11	N11.HOG0002676	0	1	1	1	1	1	1	0	0	1	1	1	1	1	1
N11	N11.HOG0002677	1	1	1	1	1	1	1	1	1	1	1	1	1	1	1
N11	N11.HOG0002678	1	1	1	1	1	1	1	1	1	1	1	1	1	1	1
N11	N11.HOG0002679	1	1	1	1	1	1	1	1	1	1	1	1	1	1	1
N11	N11.HOG0002680	1	1	1	1	1	1	2	1	1	1	1	1	1	3	1
N11	N11.HOG0002681	1	1	1	1	1	1	1	1	1	1	1	1	1	1	1
N11	N11.HOG0002682	1	1	1	1	1	1	1	1	1	1	1	1	1	1	1
N11	N11.HOG0002683	1	1	1	1	1	1	1	1	1	1	1	1	1	1	1
N11	N11.HOG0002684	1	1	1	1	1	1	1	1	1	1	1	1	0	1	1
N11	N11.HOG0002685	1	1	1	1	1	1	1	1	1	1	1	1	1	1	1
N11	N11.HOG0002686	1	1	1	1	1	1	2	1	1	1	1	1	1	1	1
N11	N11.HOG0002687	1	1	1	1	1	1	1	1	1	1	1	1	1	1	1
N11	N11.HOG0002688	1	1	1	1	1	1	1	1	1	1	1	1	1	1	1
N11	N11.HOG0002689	0	1	1	1	1	1	1	1	1	1	1	1	0	0	1
N11	N11.HOG0002690	0	0	0	0	0	0	0	0	0	0	0	0	0	0	1
N11	N11.HOG0002691	1	1	1	1	3	1	1	1	1	1	1	1	1	1	0
N11	N11.HOG0002692	1	2	1	1	1	1	1	1	1	1	1	1	1	1	1
N11	N11.HOG0002693	1	2	1	1	1	1	1	1	1	1	1	1	1	1	1
N11	N11.HOG0002694	1	1	1	1	1	1	1	1	1	1	1	1	1	1	1
N11	N11.HOG0002695	1	1	1	1	1	1	1	1	1	1	1	1	1	2	1
N11	N11.HOG0002696	1	1	1	0	1	1	1	1	1	1	1	1	1	1	0
N11	N11.HOG0002697	0	1	1	1	1	1	1	0	1	1	1	1	1	1	1
N11	N11.HOG0002698	0	1	1	1	1	1	1	1	1	1	1	1	1	1	1
N11	N11.HOG0002699	0	1	1	1	1	1	1	1	1	1	1	1	1	1	1
N11	N11.HOG0002700	0	1	1	1	1	1	1	1	1	1	1	1	1	1	1
N11	N11.HOG0002701	1	1	1	1	1	1	1	1	1	1	1	1	1	1	1
N11	N11.HOG0002702	1	1	1	1	1	1	1	1	1	1	1	1	1	1	1
N11	N11.HOG0002703	1	2	1	1	2	1	1	1	1	1	1	1	2	1	1
N11	N11.HOG0002704	1	1	0	1	1	1	1	1	1	1	1	1	1	1	1
N11	N11.HOG0002705	1	1	1	0	0	0	0	0	0	0	0	0	0	0	0
N11	N11.HOG0002706	1	1	1	1	0	1	1	1	1	1	1	1	0	1	1
N11	N11.HOG0002707	1	1	1	1	0	1	2	1	1	1	1	1	1	1	0
N11	N11.HOG0002708	1	1	1	1	1	1	1	1	1	1	1	1	1	1	1
N11	N11.HOG0002709	0	1	1	1	1	1	1	1	1	1	1	1	1	1	1
N11	N11.HOG0002710	2	1	1	1	1	1	1	1	1	1	1	1	1	1	1
N11	N11.HOG0002711	1	0	1	1	0	1	1	1	1	1	1	1	1	1	1
N11	N11.HOG0002712	1	2	1	1	1	1	1	1	1	1	1	1	1	1	1
N11	N11.HOG0002713	1	1	1	1	1	1	1	1	1	1	1	1	1	1	1
N11	N11.HOG0002714	2	1	1	1	1	1	1	1	1	1	1	1	1	1	1
N11	N11.HOG0002715	1	1	1	1	2	1	1	1	1	1	1	1	1	1	1
N11	N11.HOG0002716	1	0	1	1	1	1	1	1	1	1	1	1	0	1	0
N11	N11.HOG0002717	1	1	1	1	1	1	1	1	1	1	1	1	1	1	1
N11	N11.HOG0002718	1	1	1	1	1	1	1	1	1	1	1	1	1	1	1
N11	N11.HOG0002719	1	1	1	1	1	1	1	1	1	1	1	1	1	1	1
N11	N11.HOG0002720	1	0	1	1	1	1	1	1	1	1	1	1	1	1	1
N11	N11.HOG0002721	1	0	1	1	1	1	1	1	1	1	1	1	1	1	1
N11	N11.HOG0002722	1	2	0	1	1	0	1	1	1	1	0	1	1	1	1
N11	N11.HOG0002723	1	2	1	1	2	1	1	1	1	1	1	1	1	1	1
N11	N11.HOG0002724	1	1	1	0	1	1	1	1	1	1	1	1	1	1	1
N11	N11.HOG0002725	1	1	1	1	1	1	1	1	1	1	1	1	1	1	1
N11	N11.HOG0002726	1	1	1	1	1	1	1	1	0	0	1	1	1	1	1
N11	N11.HOG0002727	1	1	1	1	1	1	1	1	1	1	1	1	1	1	1
N11	N11.HOG0002728	1	1	2	1	1	1	1	1	1	1	1	1	1	1	1
N11	N11.HOG0002729	2	2	1	1	1	1	1	1	1	1	1	1	1	2	1
N11	N11.HOG0002730	0	0	0	0	0	0	0	0	0	0	1	1	0	1	1
N11	N11.HOG0002731	0	0	0	1	1	1	0	0	0	0	0	0	0	0	0
N11	N11.HOG0002732	1	1	1	1	1	1	1	1	1	1	1	1	1	1	1
N11	N11.HOG0002733	1	0	1	1	0	1	1	1	1	1	1	1	1	1	1
N11	N11.HOG0002734	1	1	0	1	1	0	1	1	1	1	1	1	1	1	1
N11	N11.HOG0002735	1	0	0	0	0	0	0	0	0	0	0	0	0	0	1
N11	N11.HOG0002736	0	1	1	1	1	1	1	1	1	1	1	1	1	1	0
N11	N11.HOG0002737	1	1	1	1	2	1	1	1	1	1	1	1	1	1	1
N11	N11.HOG0002738	1	2	1	1	1	1	1	1	1	1	1	1	1	1	1
N11	N11.HOG0002739	0	1	1	1	1	1	1	1	1	1	1	1	0	0	1
N11	N11.HOG0002740	1	1	1	1	1	1	1	1	1	1	1	1	1	1	1
N11	N11.HOG0002741	1	1	1	1	0	1	1	1	1	1	1	1	1	1	1
N11	N11.HOG0002742	1	1	1	1	1	1	1	1	1	1	1	1	1	1	1
N11	N11.HOG0002743	2	1	1	1	1	1	1	1	1	1	1	1	1	1	1
N11	N11.HOG0002744	1	1	1	1	1	1	1	1	1	1	1	1	1	1	1
N11	N11.HOG0002745	1	1	1	1	1	1	1	1	1	1	1	1	1	1	1
N11	N11.HOG0002746	0	0	0	0	0	0	1	0	0	0	0	0	0	0	0
N11	N11.HOG0002747	0	1	1	1	1	1	0	1	1	1	1	1	0	0	0
N11	N11.HOG0002748	1	1	1	1	1	1	1	1	1	1	1	1	0	0	0
N11	N11.HOG0002749	1	2	1	1	1	1	1	1	1	1	1	1	1	1	1
N11	N11.HOG0002750	0	1	0	0	0	0	0	0	0	0	0	0	0	0	1
N11	N11.HOG0002751	1	1	1	1	1	1	1	1	1	1	1	1	1	0	1
N11	N11.HOG0002752	2	1	1	1	1	1	1	1	1	1	1	1	1	1	1
N11	N11.HOG0002753	1	0	1	1	0	1	1	1	1	1	1	1	1	1	1
N11	N11.HOG0002754	1	1	1	1	1	1	1	1	1	1	1	1	1	1	1
N11	N11.HOG0002755	1	1	1	1	1	1	1	1	1	1	1	1	1	1	1
N11	N11.HOG0002756	1	0	1	0	1	0	1	0	1	1	1	1	1	0	1
N11	N11.HOG0002757	1	1	1	2	2	1	1	1	1	2	1	1	1	1	1
N11	N11.HOG0002758	0	1	1	1	1	1	1	1	1	1	1	1	1	2	1
N11	N11.HOG0002759	1	1	1	1	1	1	1	1	1	1	1	1	1	1	1
N11	N11.HOG0002760	2	2	1	1	1	1	1	1	1	1	1	1	1	1	1
N11	N11.HOG0002761	1	1	1	1	1	1	1	1	1	1	1	1	7	8	1
N11	N11.HOG0002762	1	1	1	1	1	1	1	1	1	0	1	0	1	1	1
N11	N11.HOG0002763	1	1	1	1	1	1	1	1	1	1	1	1	1	1	1
N11	N11.HOG0002764	3	0	2	1	1	0	1	1	1	1	1	1	1	1	0
N11	N11.HOG0002765	0	1	1	1	1	1	1	1	1	1	1	1	0	1	0
N11	N11.HOG0002766	0	2	0	0	0	0	0	0	0	0	0	0	0	0	0
N11	N11.HOG0002767	1	1	1	1	1	1	1	1	1	1	1	1	1	1	0
N11	N11.HOG0002768	0	1	0	0	1	0	0	0	0	0	0	0	0	0	0
N11	N11.HOG0002769	1	0	1	1	1	0	1	1	1	1	1	1	1	1	1
N11	N11.HOG0002770	1	1	1	1	1	1	1	1	1	1	1	1	1	1	1
N11	N11.HOG0002771	1	1	1	1	1	1	1	1	1	1	1	1	1	1	1
N11	N11.HOG0002772	1	2	1	1	2	1	1	1	1	1	1	1	1	1	0
N11	N11.HOG0002773	1	1	1	1	3	1	1	1	1	1	1	1	1	1	1
N11	N11.HOG0002774	1	0	1	1	1	1	1	1	1	1	1	1	1	1	1
N11	N11.HOG0002775	1	1	1	1	1	1	1	1	1	1	1	1	1	1	1
N11	N11.HOG0002776	1	1	2	2	2	2	1	1	1	1	1	1	1	1	1
N11	N11.HOG0002777	1	0	1	1	0	1	1	1	1	1	1	0	1	1	1
N11	N11.HOG0002778	1	1	1	1	1	1	1	1	1	1	0	0	1	2	1
N11	N11.HOG0002779	1	1	1	1	1	1	1	1	1	1	1	1	1	4	1
N11	N11.HOG0002780	0	1	1	1	1	1	0	1	1	1	1	1	1	1	1
N11	N11.HOG0002781	1	1	1	1	1	1	1	1	1	1	1	1	1	1	1
N11	N11.HOG0002782	1	1	1	1	1	1	1	1	1	1	1	1	1	1	1
N11	N11.HOG0002783	0	1	0	0	2	0	1	1	1	1	1	1	1	1	1
N11	N11.HOG0002784	0	0	0	0	0	0	0	0	0	0	0	0	0	1	1
N11	N11.HOG0002785	1	1	1	1	1	1	1	1	1	1	1	1	1	1	1
N11	N11.HOG0002786	1	1	1	1	1	1	1	1	1	1	1	1	1	1	1
N11	N11.HOG0002787	1	1	1	1	1	1	1	1	1	1	1	1	1	1	1
N11	N11.HOG0002788	1	1	1	1	1	1	1	1	1	1	1	1	1	1	1
N11	N11.HOG0002789	1	1	1	1	1	1	1	1	1	1	1	1	1	1	1
N11	N11.HOG0002790	0	1	1	1	1	1	1	1	1	1	1	1	1	1	1
N11	N11.HOG0002791	0	1	0	0	1	0	0	0	0	0	0	0	0	0	0
N11	N11.HOG0002792	1	1	1	1	1	1	1	1	1	1	1	1	1	1	0
N11	N11.HOG0002793	1	1	1	1	1	1	1	1	1	1	1	1	1	1	1
N11	N11.HOG0002794	0	1	0	0	1	0	0	0	0	0	0	0	0	0	0
N11	N11.HOG0002795	0	0	0	0	0	0	1	1	1	0	0	1	0	0	0
N11	N11.HOG0002796	0	1	0	0	1	1	0	0	0	1	1	0	1	1	1
N11	N11.HOG0002797	0	1	1	1	1	1	1	1	1	1	1	1	1	1	1
N11	N11.HOG0002798	0	1	1	1	0	2	0	1	1	1	1	1	0	1	0
N11	N11.HOG0002799	1	1	1	1	1	1	1	1	1	1	1	1	1	1	1
N11	N11.HOG0002800	1	1	1	1	1	1	1	1	1	1	1	1	1	1	1
N11	N11.HOG0002801	1	1	1	1	1	1	1	1	1	1	1	1	1	1	1
N11	N11.HOG0002802	1	2	1	1	1	1	2	1	1	1	1	1	1	1	1
N11	N11.HOG0002803	1	1	1	1	1	1	1	1	1	1	1	1	1	1	1
N11	N11.HOG0002804	1	1	1	1	1	1	1	1	1	1	1	1	1	1	1
N11	N11.HOG0002805	1	1	1	1	2	1	1	1	1	1	1	1	0	1	1
N11	N11.HOG0002806	2	2	1	1	1	1	1	1	1	1	1	1	1	1	1
N11	N11.HOG0002807	0	1	1	1	1	1	1	1	1	1	1	1	1	1	1
N11	N11.HOG0002808	1	2	1	1	1	1	1	1	1	1	1	1	1	1	1
N11	N11.HOG0002809	1	2	1	1	1	1	1	1	1	1	1	1	1	1	1
N11	N11.HOG0002810	1	1	1	1	1	1	1	1	1	1	1	1	1	1	1
N11	N11.HOG0002811	0	1	1	1	1	1	1	1	1	1	1	1	1	1	1
N11	N11.HOG0002812	1	1	1	1	1	1	1	1	1	1	1	1	1	1	1
N11	N11.HOG0002813	1	1	1	1	1	1	1	1	1	1	1	1	1	1	1
N11	N11.HOG0002814	1	0	1	1	1	1	1	1	1	1	1	1	1	1	1
N11	N11.HOG0002815	1	0	1	1	1	1	1	1	1	1	1	1	1	1	1
N11	N11.HOG0002816	0	1	1	1	1	1	1	1	1	1	1	1	1	1	1
N11	N11.HOG0002817	0	0	0	0	0	0	0	0	0	0	0	0	0	1	0
N11	N11.HOG0002818	2	0	1	1	1	1	1	1	1	1	1	1	1	1	0
N11	N11.HOG0002819	1	1	1	1	1	1	1	1	1	1	1	1	1	1	1
N11	N11.HOG0002820	1	2	1	1	0	1	1	1	1	1	1	1	1	1	1
N11	N11.HOG0002821	1	2	1	0	1	0	1	0	0	1	1	0	1	1	1
N11	N11.HOG0002822	1	0	1	1	1	1	1	1	1	1	1	1	1	1	1
N11	N11.HOG0002823	1	2	1	1	1	1	1	1	1	1	1	1	1	1	1
N11	N11.HOG0002824	1	1	1	1	1	1	1	1	1	1	1	1	1	1	1
N11	N11.HOG0002825	0	0	1	1	0	1	1	1	1	1	1	1	1	1	1
N11	N11.HOG0002826	1	1	1	1	1	1	1	1	1	1	1	1	1	1	1
N11	N11.HOG0002827	1	1	1	1	1	1	1	1	1	1	1	1	1	1	1
N11	N11.HOG0002828	1	1	1	1	1	1	1	1	1	1	1	1	1	1	1
N11	N11.HOG0002829	1	1	1	1	1	1	1	1	1	1	1	1	1	1	2
N11	N11.HOG0002830	1	1	1	1	1	0	1	1	1	2	2	2	1	1	1
N11	N11.HOG0002831	0	1	1	1	1	1	1	1	1	1	1	1	0	1	1
N11	N11.HOG0002832	1	1	1	1	1	1	1	1	1	1	1	1	1	1	1
N11	N11.HOG0002833	1	1	1	1	1	1	1	1	1	1	1	1	1	1	1
N11	N11.HOG0002834	1	1	1	1	1	1	1	1	1	1	1	1	1	1	1
N11	N11.HOG0002835	1	1	1	0	0	1	1	1	1	1	1	1	0	0	1
N11	N11.HOG0002836	1	1	1	1	1	1	1	1	1	1	1	1	1	1	1
N11	N11.HOG0002837	1	1	1	1	1	1	1	1	1	1	1	1	1	1	1
N11	N11.HOG0002838	0	1	1	1	1	1	1	1	1	1	1	1	1	1	1
N11	N11.HOG0002839	1	1	1	1	1	1	2	1	1	1	1	1	1	1	1
N11	N11.HOG0002840	1	1	1	1	1	1	1	1	1	1	1	1	1	1	1
N11	N11.HOG0002841	1	1	1	1	1	1	1	1	1	1	1	1	1	1	1
N11	N11.HOG0002842	1	1	1	1	1	1	1	1	1	1	1	1	1	1	1
N11	N11.HOG0002843	1	1	1	1	1	1	1	1	1	1	1	1	1	1	1
N11	N11.HOG0002844	0	1	1	1	1	1	1	1	1	1	1	1	0	0	0
N11	N11.HOG0002845	0	1	1	1	0	1	1	1	1	1	1	1	1	1	1
N11	N11.HOG0002846	0	1	1	1	0	1	1	1	1	1	1	1	0	0	0
N11	N11.HOG0002847	0	1	1	1	1	1	1	1	1	1	1	1	0	0	1
N11	N11.HOG0002848	1	2	1	2	1	1	1	1	1	1	1	1	1	1	1
N11	N11.HOG0002849	1	1	1	1	1	1	1	1	1	1	1	1	1	1	1
N11	N11.HOG0002850	1	1	1	1	1	1	1	1	1	1	1	1	2	1	1
N11	N11.HOG0002851	1	1	1	1	1	1	1	1	1	1	1	1	1	1	1
N11	N11.HOG0002852	1	1	1	1	1	1	1	1	1	1	1	1	1	1	1
N11	N11.HOG0002853	1	1	1	1	1	1	1	1	1	1	1	1	1	1	1
N11	N11.HOG0002854	1	2	1	1	1	1	1	1	1	1	1	1	0	1	1
N11	N11.HOG0002855	1	1	1	5	1	1	1	1	1	1	1	1	1	1	0
N11	N11.HOG0002856	1	1	1	1	1	1	1	1	1	1	1	1	1	1	1
N11	N11.HOG0002857	1	0	0	0	0	0	1	1	1	1	1	1	1	1	1
N11	N11.HOG0002858	1	1	1	1	1	1	1	1	1	1	1	1	1	1	2
N11	N11.HOG0002859	1	1	1	1	1	1	1	1	1	1	1	1	1	1	1
N11	N11.HOG0002860	1	0	0	0	0	0	0	0	0	0	0	0	0	0	0
N11	N11.HOG0002861	1	1	1	1	0	1	1	1	1	1	1	1	1	1	1
N11	N11.HOG0002862	0	1	1	1	0	1	1	1	1	1	1	1	1	1	0
N11	N11.HOG0002863	1	1	1	1	1	1	1	1	1	1	1	1	1	1	1
N11	N11.HOG0002864	1	1	1	1	1	1	1	1	1	1	1	1	1	1	1
N11	N11.HOG0002865	0	1	1	1	1	1	1	1	1	1	1	1	1	1	1
N11	N11.HOG0002866	1	1	1	1	1	1	1	1	1	1	1	1	1	1	1
N11	N11.HOG0002867	1	0	1	1	1	1	1	1	1	1	1	1	1	1	1
N11	N11.HOG0002868	1	2	1	2	0	2	1	1	1	1	1	1	1	1	1
N11	N11.HOG0002869	1	1	1	1	1	1	1	1	1	1	1	1	1	1	0
N11	N11.HOG0002870	1	1	1	1	1	1	1	1	1	1	1	1	1	1	1
N11	N11.HOG0002871	0	1	1	1	1	1	1	1	1	1	1	1	1	1	1
N11	N11.HOG0002872	1	1	1	1	0	1	1	1	1	1	1	1	1	1	1
N11	N11.HOG0002873	1	2	1	1	0	1	1	1	1	1	1	1	1	1	1
N11	N11.HOG0002874	1	1	1	1	1	1	1	1	1	1	1	1	1	1	1
N11	N11.HOG0002875	1	1	1	1	0	1	1	1	0	1	1	0	1	1	1
N11	N11.HOG0002876	1	1	1	1	1	1	1	1	1	1	1	1	1	1	1
N11	N11.HOG0002877	1	1	1	1	1	1	1	1	1	1	1	1	1	1	1
N11	N11.HOG0002878	0	1	0	0	1	0	1	1	1	0	1	1	1	1	0
N11	N11.HOG0002879	1	1	1	1	1	1	1	1	1	1	1	1	1	1	1
N11	N11.HOG0002880	1	1	1	1	1	1	1	1	1	1	1	1	1	1	1
N11	N11.HOG0002881	1	0	1	1	1	1	1	1	1	1	1	1	1	1	1
N11	N11.HOG0002882	1	1	1	1	1	1	1	1	1	1	1	1	1	1	1
N11	N11.HOG0002883	1	1	1	1	1	1	0	1	1	1	1	1	1	1	1
N11	N11.HOG0002884	1	1	1	1	1	1	1	1	1	1	1	1	1	1	1
N11	N11.HOG0002885	1	1	1	1	0	1	1	1	1	1	1	1	1	1	1
N11	N11.HOG0002886	0	1	1	1	1	1	1	1	1	1	1	1	1	1	1
N11	N11.HOG0002887	1	1	1	1	1	1	1	1	1	1	1	1	1	1	1
N11	N11.HOG0002888	1	1	1	1	1	1	1	1	1	1	1	1	1	1	1
N11	N11.HOG0002889	1	1	1	1	1	1	1	1	1	1	1	1	1	1	1
N11	N11.HOG0002890	1	1	1	1	1	1	1	1	1	1	1	1	1	1	0
N11	N11.HOG0002891	0	0	1	1	1	1	0	1	1	1	1	1	0	0	0
N11	N11.HOG0002892	0	0	1	1	1	0	1	1	0	1	1	1	0	0	0
N11	N11.HOG0002893	1	1	1	1	0	0	0	0	1	0	1	0	1	1	1
N11	N11.HOG0002894	2	1	1	1	2	2	2	2	1	2	1	2	1	1	1
N11	N11.HOG0002895	1	1	1	1	1	1	1	1	1	1	1	1	0	0	1
N11	N11.HOG0002896	1	1	1	1	1	1	1	1	1	1	1	1	1	1	1
N11	N11.HOG0002897	1	1	1	1	0	1	1	1	1	1	1	1	1	2	1
N11	N11.HOG0002898	1	1	1	1	1	1	1	1	1	1	1	1	1	1	1
N11	N11.HOG0002899	1	1	1	1	1	1	1	1	1	1	1	1	1	1	1
N11	N11.HOG0002900	1	1	1	1	1	1	1	1	1	1	1	2	1	1	1
N11	N11.HOG0002901	0	0	0	0	0	0	0	0	0	0	0	0	0	1	0
N11	N11.HOG0002902	0	1	1	0	0	1	1	1	1	1	1	1	1	1	1
N11	N11.HOG0002903	1	3	1	1	1	1	1	1	1	1	1	1	1	1	1
N11	N11.HOG0002904	1	1	1	1	1	1	1	1	1	1	1	1	1	1	1
N11	N11.HOG0002905	0	1	1	1	1	1	1	1	1	1	1	1	1	1	2
N11	N11.HOG0002906	1	1	1	1	1	1	1	1	1	1	1	1	1	1	1
N11	N11.HOG0002907	1	1	1	1	1	1	1	1	1	1	1	1	1	1	1
N11	N11.HOG0002908	1	0	0	0	0	0	0	0	0	0	0	0	0	0	0
N11	N11.HOG0002909	0	1	2	1	1	1	0	0	0	0	0	0	0	0	0
N11	N11.HOG0002910	0	0	0	0	1	0	0	0	0	0	0	0	0	0	0
N11	N11.HOG0002911	0	1	0	0	1	0	0	0	0	0	0	0	0	0	0
N11	N11.HOG0002912	0	0	0	0	0	0	0	0	0	0	0	0	0	1	1
N11	N11.HOG0002913	0	0	0	0	0	0	1	0	0	0	0	0	1	0	0
N11	N11.HOG0002914	0	1	0	0	1	0	0	0	0	0	0	0	0	0	0
N11	N11.HOG0002915	1	0	0	0	0	0	0	0	0	0	0	0	0	0	0
N11	N11.HOG0002916	0	0	0	0	0	0	2	1	1	1	1	1	2	2	2
N11	N11.HOG0002917	1	1	1	1	0	1	1	1	1	1	1	1	1	1	1
N11	N11.HOG0002918	1	1	1	1	1	1	1	1	1	1	1	1	1	0	0
N11	N11.HOG0002919	2	1	1	1	1	1	1	1	1	1	1	1	1	1	1
N11	N11.HOG0002920	1	1	1	1	1	1	1	1	1	1	1	1	1	1	1
N11	N11.HOG0002921	1	1	1	1	0	1	1	1	1	1	1	1	1	1	1
N11	N11.HOG0002922	1	3	1	1	1	1	1	1	1	1	1	1	1	1	2
N11	N11.HOG0002923	1	1	1	1	1	1	1	1	1	1	1	1	0	0	1
N11	N11.HOG0002924	2	2	1	1	1	1	1	1	1	1	1	1	0	1	1
N11	N11.HOG0002925	0	0	0	0	0	0	0	0	0	0	0	0	0	1	0
N11	N11.HOG0002926	1	1	1	1	1	1	1	1	1	1	1	1	0	1	1
N11	N11.HOG0002927	1	1	0	1	1	1	1	1	1	1	1	1	1	1	1
N11	N11.HOG0002928	1	2	1	1	0	1	1	1	1	1	1	1	1	1	1
N11	N11.HOG0002929	1	1	1	1	1	1	1	1	1	1	1	1	1	1	1
N11	N11.HOG0002930	1	2	1	1	1	1	1	1	1	1	1	1	1	1	1
N11	N11.HOG0002931	1	1	1	1	1	1	1	1	1	1	1	1	1	1	1
N11	N11.HOG0002932	1	1	1	1	1	1	1	1	1	1	1	1	1	1	1
N11	N11.HOG0002933	1	1	1	1	1	1	1	0	1	1	1	1	1	1	1
N11	N11.HOG0002934	1	1	1	1	1	1	1	1	1	1	1	1	1	1	1
N11	N11.HOG0002935	0	0	1	1	1	1	1	1	1	1	1	1	0	0	0
N11	N11.HOG0002936	1	1	0	0	0	0	0	0	0	0	0	0	0	0	0
N11	N11.HOG0002937	0	2	0	0	0	0	0	0	0	0	0	0	1	1	1
N11	N11.HOG0002938	1	1	1	1	1	1	1	1	1	1	1	1	1	1	0
N11	N11.HOG0002939	1	0	1	1	1	1	0	1	1	1	1	1	1	1	1
N11	N11.HOG0002940	1	0	1	1	1	1	1	1	1	1	1	1	1	1	1
N11	N11.HOG0002941	1	1	1	1	1	1	1	1	1	1	1	1	1	1	1
N11	N11.HOG0002942	1	1	1	0	1	1	1	1	1	1	1	1	1	1	1
N11	N11.HOG0002943	1	0	0	0	0	0	1	1	1	1	1	1	1	1	1
N11	N11.HOG0002944	1	1	1	1	1	1	1	1	1	1	1	1	1	1	1
N11	N11.HOG0002945	0	1	1	1	1	1	0	1	0	1	1	1	1	0	1
N11	N11.HOG0002946	1	1	1	1	1	1	1	1	1	1	1	1	1	1	1
N11	N11.HOG0002947	1	1	1	1	1	1	2	2	2	2	2	2	1	1	1
N11	N11.HOG0002948	1	2	1	1	1	1	1	1	1	1	0	1	1	1	1
N11	N11.HOG0002949	1	1	1	1	1	1	1	1	1	1	1	1	1	1	0
N11	N11.HOG0002950	1	1	1	1	1	1	1	1	1	1	1	1	1	1	1
N11	N11.HOG0002951	0	1	1	1	1	1	1	1	1	1	1	1	1	2	1
N11	N11.HOG0002952	1	2	1	1	1	1	1	1	1	1	1	1	1	2	1
N11	N11.HOG0002953	1	2	1	1	1	1	1	1	1	1	1	1	1	1	0
N11	N11.HOG0002954	0	1	0	0	0	0	0	0	0	1	0	0	0	0	0
N11	N11.HOG0002955	0	0	0	0	0	0	1	0	0	0	0	0	0	0	0
N11	N11.HOG0002956	1	0	0	0	1	0	1	0	1	0	0	1	1	1	1
N11	N11.HOG0002957	0	0	1	2	0	0	0	0	0	0	0	0	0	1	1
N11	N11.HOG0002958	1	0	1	1	0	1	1	1	1	1	1	1	1	1	1
N11	N11.HOG0002959	1	1	1	1	1	1	1	0	0	1	1	1	1	1	1
N11	N11.HOG0002960	2	1	1	1	1	1	2	1	1	1	1	1	1	1	1
N11	N11.HOG0002961	0	1	1	1	0	1	1	1	1	1	1	1	1	1	1
N11	N11.HOG0002962	1	1	1	1	1	1	1	1	1	1	1	1	1	1	1
N11	N11.HOG0002963	0	1	1	1	1	1	1	1	1	1	1	1	1	1	1
N11	N11.HOG0002964	1	2	1	1	1	1	1	1	1	1	1	1	1	1	1
N11	N11.HOG0002965	1	1	1	1	1	1	1	1	1	1	1	1	1	1	1
N11	N11.HOG0002966	1	1	1	1	1	1	1	1	1	1	1	1	1	1	1
N11	N11.HOG0002967	1	1	0	1	0	1	1	1	1	0	0	0	1	1	0
N11	N11.HOG0002968	1	1	1	1	0	1	1	1	1	1	1	1	1	1	2
N11	N11.HOG0002969	1	1	1	1	1	1	1	1	1	1	1	1	1	1	1
N11	N11.HOG0002970	1	0	1	1	0	0	1	1	1	1	1	1	1	1	1
N11	N11.HOG0002971	1	1	1	1	1	1	1	1	1	0	0	0	1	1	1
N11	N11.HOG0002972	1	1	1	1	1	1	1	1	1	0	1	1	1	1	1
N11	N11.HOG0002973	1	0	1	1	1	1	1	1	1	1	1	1	1	1	2
N11	N11.HOG0002974	1	1	1	1	1	1	1	1	1	1	1	1	1	1	1
N11	N11.HOG0002975	1	1	1	1	1	1	1	1	1	1	1	1	1	1	1
N11	N11.HOG0002976	1	2	1	1	1	1	1	1	1	1	1	1	1	1	1
N11	N11.HOG0002977	1	1	1	1	0	1	1	1	1	1	1	1	1	1	1
N11	N11.HOG0002978	1	1	1	1	1	1	1	1	1	1	1	1	1	1	1
N11	N11.HOG0002979	1	0	1	1	1	1	1	1	1	1	1	1	1	1	2
N11	N11.HOG0002980	0	1	1	1	1	1	1	1	1	1	1	1	1	1	1
N11	N11.HOG0002981	1	0	1	1	1	1	1	0	1	1	0	1	1	1	1
N11	N11.HOG0002982	1	0	1	1	0	1	1	1	1	1	1	1	1	1	1
N11	N11.HOG0002983	0	1	1	1	1	1	1	1	1	1	1	1	0	0	1
N11	N11.HOG0002984	1	0	1	1	1	1	1	1	1	1	1	1	1	1	1
N11	N11.HOG0002985	1	1	1	1	1	1	1	1	1	1	1	1	1	1	1
N11	N11.HOG0002986	1	1	1	1	1	1	1	1	1	1	1	1	1	1	1
N11	N11.HOG0002987	1	1	1	1	1	1	1	1	1	1	1	1	1	1	1
N11	N11.HOG0002988	1	3	2	2	2	2	2	2	2	2	2	2	2	2	2
N11	N11.HOG0002989	0	0	0	1	1	0	0	0	0	0	0	0	0	0	0
N11	N11.HOG0002990	1	2	1	1	1	1	1	1	1	1	1	1	1	1	1
N11	N11.HOG0002991	1	1	1	1	1	1	1	1	1	1	1	1	1	1	1
N11	N11.HOG0002992	1	1	1	1	1	1	1	1	1	1	1	1	1	1	0
N11	N11.HOG0002993	1	1	1	1	1	1	1	1	1	1	1	1	1	1	1
N11	N11.HOG0002994	1	1	1	1	1	1	1	1	1	1	1	1	1	1	1
N11	N11.HOG0002995	1	1	1	1	1	1	1	1	1	1	1	1	1	1	1
N11	N11.HOG0002996	1	1	1	1	1	1	1	1	1	1	1	1	1	1	1
N11	N11.HOG0002997	1	1	1	1	1	1	1	1	1	1	1	1	1	1	1
N11	N11.HOG0002998	1	1	1	1	1	1	1	1	1	1	1	1	1	1	1
N11	N11.HOG0002999	1	1	1	1	1	1	1	1	1	1	1	1	0	1	1
N11	N11.HOG0003000	0	1	1	1	1	1	1	1	1	1	1	1	1	1	1
N11	N11.HOG0003001	1	1	1	1	1	1	1	1	1	1	1	1	1	1	1
N11	N11.HOG0003002	0	1	1	1	0	1	1	1	1	1	1	1	0	0	0
N11	N11.HOG0003003	3	1	1	1	1	1	1	1	1	1	1	1	1	1	1
N11	N11.HOG0003004	0	1	1	1	1	2	1	1	1	1	1	1	1	1	1
N11	N11.HOG0003005	1	0	1	1	0	0	1	1	1	1	1	1	1	1	0
N11	N11.HOG0003006	1	1	1	1	1	1	1	1	1	1	1	1	1	1	1
N11	N11.HOG0003007	0	1	1	1	1	1	1	1	1	1	1	1	1	1	1
N11	N11.HOG0003008	1	1	1	1	1	1	1	1	1	1	1	1	1	1	2
N11	N11.HOG0003009	1	1	1	1	1	1	1	1	1	1	1	1	1	1	1
N11	N11.HOG0003010	1	1	1	1	1	1	1	1	1	1	1	1	1	1	1
N11	N11.HOG0003011	1	1	1	1	1	1	1	1	1	1	1	1	1	1	1
N11	N11.HOG0003012	1	1	1	1	1	1	1	1	0	1	1	1	1	1	1
N11	N11.HOG0003013	1	0	1	1	1	1	1	1	1	1	1	1	1	1	1
N11	N11.HOG0003014	1	1	1	1	1	0	1	1	1	1	1	1	1	1	1
N11	N11.HOG0003015	1	1	1	1	1	0	1	0	1	1	1	1	1	1	0
N11	N11.HOG0003016	1	1	1	1	1	1	1	1	1	1	1	1	0	1	1
N11	N11.HOG0003017	1	1	1	1	1	1	1	1	1	1	1	1	1	1	1
N11	N11.HOG0003018	1	0	1	1	1	1	1	1	1	1	1	1	0	1	1
N11	N11.HOG0003019	1	1	1	1	1	1	1	1	1	1	1	1	0	1	1
N11	N11.HOG0003020	1	1	1	1	1	1	1	1	1	1	1	0	1	1	1
N11	N11.HOG0003021	1	1	1	1	1	1	1	1	1	1	1	1	1	1	1
N11	N11.HOG0003022	0	1	1	1	1	1	1	1	1	1	1	1	1	1	1
N11	N11.HOG0003023	1	1	1	1	1	1	1	1	1	1	0	0	1	1	1
N11	N11.HOG0003024	1	1	1	1	1	1	1	1	1	1	1	1	1	1	1
N11	N11.HOG0003025	0	1	1	1	1	1	0	1	1	1	1	0	1	1	1
N11	N11.HOG0003026	1	4	1	1	1	1	1	1	1	1	1	1	1	1	1
N11	N11.HOG0003027	1	1	1	1	0	1	2	1	1	1	0	1	1	1	1
N11	N11.HOG0003028	1	0	1	1	1	1	1	1	1	1	1	1	1	1	1
N11	N11.HOG0003029	1	1	1	1	1	1	1	1	1	1	1	1	1	1	1
N11	N11.HOG0003030	1	1	1	1	1	1	1	1	1	1	1	1	1	1	1
N11	N11.HOG0003031	1	1	1	1	1	1	1	1	1	1	1	1	1	1	1
N11	N11.HOG0003032	1	1	1	1	1	1	1	0	1	1	1	1	1	1	1
N11	N11.HOG0003033	0	1	2	1	1	1	1	1	1	1	1	1	2	2	0
N11	N11.HOG0003034	1	1	1	1	1	1	1	0	1	1	1	1	1	1	1
N11	N11.HOG0003035	1	0	1	1	1	1	1	1	1	0	1	1	1	1	1
N11	N11.HOG0003036	1	2	2	2	1	2	2	2	2	2	2	2	2	2	2
N11	N11.HOG0003037	0	1	0	0	1	0	0	0	0	0	0	0	0	0	0
N11	N11.HOG0003038	0	1	2	2	2	2	2	1	1	1	1	1	1	2	2
N11	N11.HOG0003039	0	2	0	1	2	0	1	0	0	0	0	0	1	0	0
N11	N11.HOG0003040	1	1	1	1	1	1	1	1	1	1	1	1	1	1	0
N11	N11.HOG0003041	0	1	1	1	1	1	0	1	1	1	1	1	1	1	1
N11	N11.HOG0003042	1	1	1	1	1	1	1	1	1	1	1	1	1	1	1
N11	N11.HOG0003043	1	1	1	1	1	1	1	1	1	1	1	1	1	1	1
N11	N11.HOG0003044	0	1	1	1	1	1	1	1	1	1	1	1	0	0	1
N11	N11.HOG0003045	1	1	1	1	1	1	2	1	1	1	1	1	2	1	1
N11	N11.HOG0003046	0	0	0	0	0	0	1	1	1	0	0	0	0	0	0
N11	N11.HOG0003047	0	1	1	1	0	1	0	0	0	0	0	0	1	1	0
N11	N11.HOG0003048	0	1	0	0	0	0	0	0	0	1	0	0	0	0	0
N11	N11.HOG0003049	1	0	0	0	0	0	0	0	0	0	0	0	0	0	1
N11	N11.HOG0003050	0	1	0	0	0	0	0	0	0	0	0	0	0	0	0
N11	N11.HOG0003051	1	1	1	1	0	1	1	1	2	1	1	1	1	1	1
N11	N11.HOG0003052	1	1	1	1	1	1	1	1	1	1	1	1	1	1	1
N11	N11.HOG0003053	1	2	1	1	1	1	1	1	1	1	1	1	1	1	1
N11	N11.HOG0003054	0	1	1	1	1	1	0	1	1	1	1	1	1	1	0
N11	N11.HOG0003055	1	1	1	1	1	1	1	1	1	1	1	1	1	1	1
N11	N11.HOG0003056	1	1	1	1	1	1	1	1	1	1	1	1	1	1	1
N11	N11.HOG0003057	1	1	1	1	1	1	2	1	1	1	1	1	1	1	1
N11	N11.HOG0003058	1	1	1	2	1	1	1	1	1	1	1	1	1	1	1
N11	N11.HOG0003059	1	1	1	1	1	1	1	1	1	1	1	1	1	1	1
N11	N11.HOG0003060	1	1	1	1	1	1	0	1	1	1	1	1	0	0	0
N11	N11.HOG0003061	1	1	1	1	1	1	1	1	1	1	1	1	1	1	1
N11	N11.HOG0003062	1	1	1	1	0	1	1	1	1	1	1	1	1	1	2
N11	N11.HOG0003063	1	0	1	1	1	1	1	1	1	1	1	1	1	1	1
N11	N11.HOG0003064	1	1	1	1	1	1	1	1	1	1	1	1	1	1	1
N11	N11.HOG0003065	1	1	1	1	0	1	1	1	1	1	1	1	1	1	1
N11	N11.HOG0003066	1	1	1	1	1	1	1	1	1	1	1	1	1	1	1
N11	N11.HOG0003067	2	0	1	1	1	1	2	1	1	1	1	1	1	1	0
N11	N11.HOG0003068	1	1	1	1	1	1	1	1	1	1	1	1	1	1	0
N11	N11.HOG0003069	1	1	1	1	1	1	1	1	1	1	1	1	1	1	1
N11	N11.HOG0003070	0	1	0	0	0	0	0	0	0	0	0	0	0	0	0
N11	N11.HOG0003071	1	0	0	0	0	0	0	0	0	0	0	0	0	0	0
N11	N11.HOG0003072	0	0	0	0	0	0	1	0	0	0	0	0	0	0	0
N11	N11.HOG0003073	0	1	1	1	1	1	0	1	1	1	1	1	1	1	1
N11	N11.HOG0003074	0	0	0	0	0	0	0	0	0	0	0	0	0	1	0
N11	N11.HOG0003075	0	1	0	1	1	0	1	0	0	0	0	0	1	1	1
N11	N11.HOG0003076	0	1	0	0	0	0	0	0	0	0	0	0	0	0	0
N11	N11.HOG0003077	2	2	2	2	2	2	2	2	2	2	2	2	2	2	1
N11	N11.HOG0003078	1	0	1	1	1	1	1	1	1	1	1	1	1	1	1
N11	N11.HOG0003079	0	1	1	1	1	1	1	1	1	1	1	1	1	1	1
N11	N11.HOG0003080	1	2	1	1	1	1	1	1	1	1	1	1	1	1	1
N11	N11.HOG0003081	1	1	0	0	1	0	1	0	1	1	1	0	1	1	1
N11	N11.HOG0003082	1	1	1	1	1	1	1	1	1	1	1	1	1	1	0
N11	N11.HOG0003083	2	1	1	1	1	1	1	1	1	1	1	1	1	1	1
N11	N11.HOG0003084	1	1	1	1	1	1	1	1	1	1	1	1	1	1	1
N11	N11.HOG0003085	1	1	1	1	0	1	0	1	1	1	1	1	1	0	1
N11	N11.HOG0003086	0	1	1	1	1	1	1	1	1	1	1	1	1	1	1
N11	N11.HOG0003087	1	1	1	1	1	1	1	1	1	1	1	1	1	1	1
N11	N11.HOG0003088	0	1	1	1	1	1	1	1	1	1	1	1	1	1	1
N11	N11.HOG0003089	1	1	1	1	1	1	1	1	1	1	1	1	1	1	1
N11	N11.HOG0003090	1	1	1	1	1	1	1	1	1	1	1	1	1	1	1
N11	N11.HOG0003091	2	1	1	0	1	1	1	1	0	0	0	0	1	1	1
N11	N11.HOG0003092	0	1	1	1	0	1	0	1	0	1	1	1	0	0	0
N11	N11.HOG0003093	0	0	0	0	0	0	1	0	0	0	0	0	0	0	0
N11	N11.HOG0003094	1	1	1	1	1	1	1	1	1	1	1	1	1	1	1
N11	N11.HOG0003095	1	1	1	1	1	1	1	1	1	1	0	1	1	1	0
N11	N11.HOG0003096	1	1	1	1	1	1	1	1	1	1	1	0	1	1	0
N11	N11.HOG0003097	1	1	1	1	1	1	1	1	1	1	1	1	1	1	1
N11	N11.HOG0003098	1	1	1	1	1	1	1	1	1	1	1	1	1	1	1
N11	N11.HOG0003099	1	1	1	1	1	1	1	1	1	1	1	1	1	1	1
N11	N11.HOG0003100	1	1	1	1	1	1	1	1	1	1	1	1	1	1	1
N11	N11.HOG0003101	1	1	1	1	1	1	1	1	1	1	1	1	1	1	0
N11	N11.HOG0003102	1	1	1	1	1	1	1	1	1	1	1	1	1	1	1
N11	N11.HOG0003103	1	1	1	1	1	1	1	1	1	1	1	1	1	1	0
N11	N11.HOG0003104	0	1	1	1	0	1	1	1	1	1	1	1	0	0	2
N11	N11.HOG0003105	0	1	1	1	1	1	1	1	1	1	1	1	1	1	1
N11	N11.HOG0003106	1	1	1	1	0	1	1	1	1	1	1	1	1	1	1
N11	N11.HOG0003107	1	1	1	1	1	1	1	1	1	1	1	1	1	1	1
N11	N11.HOG0003108	1	1	1	1	1	1	1	1	1	1	1	1	1	0	1
N11	N11.HOG0003109	1	0	1	1	1	1	1	1	1	1	1	1	1	1	1
N11	N11.HOG0003110	1	2	1	1	1	1	1	1	1	1	1	1	1	1	1
N11	N11.HOG0003111	1	0	1	1	0	1	1	1	1	1	1	1	1	1	1
N11	N11.HOG0003112	0	1	1	1	1	1	1	1	1	1	1	1	0	1	1
N11	N11.HOG0003113	1	1	1	1	0	1	1	1	1	1	1	1	1	0	0
N11	N11.HOG0003114	1	1	2	1	1	1	1	1	1	1	1	1	1	1	1
N11	N11.HOG0003115	0	0	1	1	1	1	1	1	1	0	0	1	0	0	1
N11	N11.HOG0003116	1	1	1	2	1	1	1	1	1	1	1	1	1	1	1
N11	N11.HOG0003117	0	1	1	1	1	1	1	1	1	1	1	1	1	1	2
N11	N11.HOG0003118	1	1	1	1	1	1	1	1	1	1	1	1	1	1	1
N11	N11.HOG0003119	0	1	0	0	0	0	0	0	0	0	0	0	0	1	0
N11	N11.HOG0003120	0	2	0	0	0	0	0	0	0	0	0	0	0	0	0
N11	N11.HOG0003121	1	0	1	1	1	1	1	1	1	1	1	1	1	0	1
N11	N11.HOG0003122	1	0	1	1	0	1	1	1	1	1	1	1	1	0	1
N11	N11.HOG0003123	1	1	1	1	1	1	1	1	1	1	1	1	1	1	1
N11	N11.HOG0003124	0	1	1	1	1	1	0	1	1	1	1	1	0	1	0
N11	N11.HOG0003125	1	2	1	2	2	1	2	1	1	1	1	1	3	2	3
N11	N11.HOG0003126	0	1	1	1	1	1	1	1	1	0	0	0	1	1	1
N11	N11.HOG0003127	0	1	1	1	1	1	1	1	1	1	1	1	1	1	1
N11	N11.HOG0003128	0	2	1	2	2	0	1	2	2	2	2	2	1	1	1
N11	N11.HOG0003129	1	0	1	1	1	1	1	1	1	1	1	1	1	1	1
N11	N11.HOG0003130	1	1	1	1	1	1	1	1	1	1	1	1	1	1	1
N11	N11.HOG0003131	1	2	1	1	1	0	1	1	1	1	1	1	1	1	0
N11	N11.HOG0003132	1	2	1	1	0	1	1	1	1	1	1	1	1	1	1
N11	N11.HOG0003133	0	1	1	1	1	1	0	1	1	1	1	1	1	1	1
N11	N11.HOG0003134	1	1	1	1	1	1	1	1	1	1	1	1	1	1	1
N11	N11.HOG0003135	1	0	1	1	0	1	1	0	0	1	1	1	1	1	1
N11	N11.HOG0003136	1	1	1	1	1	1	1	1	1	1	1	1	1	1	1
N11	N11.HOG0003137	1	1	1	1	1	1	1	1	1	1	1	1	1	1	1
N11	N11.HOG0003138	1	1	1	1	1	1	1	1	1	1	1	1	1	1	1
N11	N11.HOG0003139	1	1	1	1	1	1	1	1	1	1	1	1	1	1	1
N11	N11.HOG0003140	0	1	1	1	1	1	1	1	1	1	1	1	1	0	0
N11	N11.HOG0003141	1	1	1	1	1	1	1	1	1	1	1	1	1	1	1
N11	N11.HOG0003142	1	1	1	1	1	1	1	1	1	1	1	1	1	1	1
N11	N11.HOG0003143	1	1	1	1	1	1	1	1	1	1	1	1	1	0	1
N11	N11.HOG0003144	0	1	1	1	1	1	1	1	1	1	1	1	1	1	1
N11	N11.HOG0003145	2	1	1	1	1	1	1	1	1	1	1	1	1	1	1
N11	N11.HOG0003146	0	1	1	1	1	1	0	1	1	1	1	1	1	0	0
N11	N11.HOG0003147	1	1	1	0	1	1	1	1	1	0	0	0	1	1	1
N11	N11.HOG0003148	1	1	0	1	1	1	1	1	1	1	1	1	1	1	1
N11	N11.HOG0003149	1	1	1	1	1	1	2	1	1	1	1	1	1	1	1
N11	N11.HOG0003150	0	1	1	1	1	1	0	1	1	1	1	1	0	1	0
N11	N11.HOG0003151	1	1	1	1	1	1	1	1	1	1	1	1	1	1	1
N11	N11.HOG0003152	1	1	1	1	1	1	1	1	1	1	1	1	1	1	1
N11	N11.HOG0003153	1	2	0	1	1	1	1	1	1	1	1	1	1	1	1
N11	N11.HOG0003154	0	1	1	1	0	1	1	1	1	1	1	1	0	0	1
N11	N11.HOG0003155	1	2	2	4	2	3	2	2	2	1	1	3	2	2	2
N11	N11.HOG0003156	1	1	1	1	1	1	1	1	1	1	1	1	1	1	1
N11	N11.HOG0003157	1	1	1	1	1	0	1	1	1	1	1	1	1	1	1
N11	N11.HOG0003158	1	1	1	1	1	0	1	0	0	1	1	1	1	1	1
N11	N11.HOG0003159	1	2	1	1	1	1	1	1	1	1	1	1	1	1	1
N11	N11.HOG0003160	0	2	1	0	1	1	1	1	1	1	1	1	0	0	1
N11	N11.HOG0003161	1	2	1	1	1	1	1	1	1	1	1	1	1	1	1
N11	N11.HOG0003162	1	1	1	1	1	1	1	1	1	1	1	1	1	1	1
N11	N11.HOG0003163	0	1	1	1	1	1	1	1	1	1	1	1	1	1	1
N11	N11.HOG0003164	1	0	1	1	1	1	1	1	1	1	1	1	1	1	1
N11	N11.HOG0003165	1	0	1	1	0	1	1	1	1	1	1	1	0	0	1
N11	N11.HOG0003166	1	1	0	1	1	0	1	1	1	1	0	1	0	0	0
N11	N11.HOG0003167	1	1	1	1	1	1	1	1	1	1	1	1	1	1	1
N11	N11.HOG0003168	0	1	1	1	1	1	0	1	1	1	1	1	0	0	1
N11	N11.HOG0003169	1	1	1	1	1	1	1	1	1	1	1	1	1	1	1
N11	N11.HOG0003170	0	1	1	1	1	1	1	1	1	1	1	1	1	1	1
N11	N11.HOG0003171	0	1	1	1	1	1	1	1	1	1	1	1	0	0	1
N11	N11.HOG0003172	1	1	1	1	3	1	1	1	1	1	1	1	1	1	1
N11	N11.HOG0003173	1	1	1	1	1	1	1	1	1	1	1	1	2	2	1
N11	N11.HOG0003174	1	1	1	1	1	1	1	1	1	1	1	1	1	1	1
N11	N11.HOG0003175	1	1	1	1	1	1	1	1	1	1	1	1	1	1	1
N11	N11.HOG0003176	1	1	1	1	1	1	0	1	1	1	1	1	0	1	1
N11	N11.HOG0003177	1	1	1	1	1	1	1	1	1	1	1	1	1	1	1
N11	N11.HOG0003178	0	1	1	1	1	1	1	1	1	2	0	0	1	1	0
N11	N11.HOG0003179	1	1	1	1	1	1	1	1	1	1	1	1	2	1	1
N11	N11.HOG0003180	0	0	0	0	0	0	1	0	0	0	0	0	0	0	1
N11	N11.HOG0003181	0	0	0	0	0	0	0	0	0	0	1	0	0	0	0
N11	N11.HOG0003182	1	0	1	0	0	0	0	0	0	1	0	1	0	0	0
N11	N11.HOG0003183	0	0	0	1	0	0	0	0	0	1	0	1	0	0	0
N11	N11.HOG0003184	1	0	0	0	0	0	0	1	0	0	1	0	1	0	0
N11	N11.HOG0003185	0	1	1	1	1	1	1	1	1	1	1	1	0	0	0
N11	N11.HOG0003186	1	0	1	1	1	1	1	1	1	1	1	1	1	1	1
N11	N11.HOG0003187	1	1	1	1	1	1	1	1	1	1	1	1	1	1	1
N11	N11.HOG0003188	1	1	1	1	1	1	1	1	1	1	0	1	1	1	1
N11	N11.HOG0003189	0	0	0	1	1	1	1	1	1	1	1	2	1	0	1
N11	N11.HOG0003190	0	1	2	1	1	1	1	1	1	1	1	1	1	1	1
N11	N11.HOG0003191	0	1	1	1	1	1	1	1	1	1	1	1	1	1	1
N11	N11.HOG0003192	0	1	1	1	1	1	1	1	1	1	1	1	1	1	1
N11	N11.HOG0003193	1	1	1	1	1	1	1	1	1	1	1	1	1	1	1
N11	N11.HOG0003194	0	0	1	1	1	1	1	1	1	1	1	1	1	1	0
N11	N11.HOG0003195	1	1	1	1	1	1	1	1	1	1	1	1	1	1	1
N11	N11.HOG0003196	1	1	1	1	1	1	1	1	1	1	1	1	0	1	1
N11	N11.HOG0003197	1	1	1	1	1	1	1	1	1	1	1	1	1	1	1
N11	N11.HOG0003198	1	0	0	0	1	0	1	1	1	1	0	0	0	1	1
N11	N11.HOG0003199	1	1	1	1	0	1	0	1	1	1	1	1	1	0	0
N11	N11.HOG0003200	0	0	0	0	0	0	1	0	0	0	0	0	0	1	1
N11	N11.HOG0003201	0	0	0	0	1	0	0	0	0	0	0	0	0	1	0
N11	N11.HOG0003202	1	1	1	1	1	1	1	1	1	1	1	1	1	1	1
N11	N11.HOG0003203	1	1	1	1	1	1	1	1	1	1	1	1	1	1	0
N11	N11.HOG0003204	2	1	1	1	0	1	1	1	1	1	1	1	1	1	1
N11	N11.HOG0003205	0	1	1	1	0	1	1	1	1	1	1	1	1	1	1
N11	N11.HOG0003206	0	0	0	0	2	0	0	0	0	0	0	0	0	0	0
N11	N11.HOG0003207	1	1	1	1	1	1	1	1	1	1	1	1	1	1	1
N11	N11.HOG0003208	1	0	1	1	0	1	1	1	1	1	1	1	1	0	0
N11	N11.HOG0003209	1	1	1	1	1	1	1	1	1	1	1	1	1	1	1
N11	N11.HOG0003210	1	1	1	1	1	1	1	1	1	1	1	1	1	1	1
N11	N11.HOG0003211	0	0	0	0	0	0	0	0	0	0	0	0	0	1	0
N11	N11.HOG0003212	1	1	1	1	1	1	2	1	1	1	1	1	1	1	1
N11	N11.HOG0003213	1	0	0	0	0	0	0	1	0	1	1	0	0	1	0
N11	N11.HOG0003214	0	0	1	0	1	0	0	0	0	0	0	0	0	0	0
N11	N11.HOG0003215	0	0	1	0	0	0	0	0	0	0	0	0	0	0	0
N11	N11.HOG0003216	0	0	1	0	0	1	0	0	0	0	0	0	0	0	0
N11	N11.HOG0003217	0	7	4	0	0	0	0	0	0	0	0	0	0	0	0
N11	N11.HOG0003218	0	0	4	0	0	0	0	0	0	0	0	0	0	0	0
N11	N11.HOG0003219	0	0	5	1	0	2	0	0	0	0	0	0	0	0	0
N11	N11.HOG0003220	0	0	1	0	0	0	0	0	0	0	0	0	0	0	0
N11	N11.HOG0003221	10	0	1	1	1	1	0	0	0	0	0	0	0	0	0
N11	N11.HOG0003222	1	0	1	1	1	1	1	1	1	1	1	1	1	1	1
N11	N11.HOG0003223	0	1	2	2	2	2	2	2	2	1	1	1	2	2	2
N11	N11.HOG0003224	1	1	1	1	1	1	1	1	1	1	1	1	1	1	0
N11	N11.HOG0003225	0	0	0	0	0	0	0	0	0	0	0	0	0	0	1
N11	N11.HOG0003226	0	0	1	1	1	1	1	1	1	1	1	1	1	1	1
N11	N11.HOG0003227	0	1	1	1	1	1	1	1	1	1	1	1	0	0	1
N11	N11.HOG0003228	0	1	1	1	1	1	1	1	1	1	1	1	1	1	1
N11	N11.HOG0003229	1	2	1	1	2	1	1	1	1	1	1	1	2	1	1
N11	N11.HOG0003230	1	1	1	1	1	1	1	1	1	1	1	1	1	1	1
N11	N11.HOG0003231	0	1	1	1	1	1	1	1	1	1	0	1	0	1	0
N11	N11.HOG0003232	0	1	1	1	2	0	1	2	2	0	1	1	0	0	0
N11	N11.HOG0003233	0	0	0	1	1	1	0	1	1	1	0	1	0	0	0
N11	N11.HOG0003234	1	1	1	1	1	1	1	1	1	1	0	1	1	1	1
N11	N11.HOG0003235	1	0	1	1	1	1	1	1	1	1	1	1	1	1	1
N11	N11.HOG0003236	1	0	0	0	0	0	1	1	1	1	1	1	1	1	1
N11	N11.HOG0003237	1	1	1	1	1	1	1	1	1	1	1	1	1	1	1
N11	N11.HOG0003238	0	1	1	1	0	1	1	1	1	1	1	1	1	1	0
N11	N11.HOG0003239	1	0	1	1	1	1	1	1	1	1	1	1	1	1	1
N11	N11.HOG0003240	1	1	1	1	1	1	1	1	1	1	1	1	1	1	1
N11	N11.HOG0003241	1	1	1	1	1	1	1	1	1	1	1	1	1	1	1
N11	N11.HOG0003242	1	1	1	0	1	1	1	0	0	0	0	0	1	4	1
N11	N11.HOG0003243	1	1	1	1	1	1	1	1	1	1	1	1	1	2	1
N11	N11.HOG0003244	1	1	1	1	0	1	1	1	1	1	1	1	1	1	2
N11	N11.HOG0003245	0	1	1	1	1	1	1	1	1	1	1	1	1	1	0
N11	N11.HOG0003246	1	1	1	1	1	1	1	1	1	1	1	1	1	1	1
N11	N11.HOG0003247	1	1	1	1	1	1	1	1	1	1	1	1	1	1	1
N11	N11.HOG0003248	2	2	1	1	2	1	2	1	1	1	1	1	1	1	1
N11	N11.HOG0003249	0	1	0	0	1	0	0	0	0	0	0	0	0	0	0
N11	N11.HOG0003250	0	1	0	0	1	1	1	0	0	0	0	0	0	1	1
N11	N11.HOG0003251	1	1	1	1	0	1	1	2	1	1	1	1	1	1	0
N11	N11.HOG0003252	1	2	1	1	1	1	1	1	1	1	1	1	1	1	1
N11	N11.HOG0003253	1	2	1	1	1	1	1	1	1	1	1	1	1	1	1
N11	N11.HOG0003254	1	1	1	1	1	1	1	1	1	1	1	1	1	1	1
N11	N11.HOG0003255	1	0	1	1	1	1	1	1	1	1	0	1	1	1	0
N11	N11.HOG0003256	2	1	1	1	1	1	1	1	1	1	1	1	1	1	1
N11	N11.HOG0003257	1	1	1	1	1	1	1	1	1	1	1	1	1	1	1
N11	N11.HOG0003258	1	0	1	1	1	1	0	1	1	1	1	1	1	1	1
N11	N11.HOG0003259	1	1	1	1	1	1	1	1	1	1	1	1	1	1	1
N11	N11.HOG0003260	1	0	0	1	1	1	1	1	1	1	1	1	1	1	1
N11	N11.HOG0003261	1	2	1	1	1	1	1	1	1	1	1	1	1	1	1
N11	N11.HOG0003262	1	1	1	1	1	1	1	1	1	1	1	1	1	1	1
N11	N11.HOG0003263	1	0	0	1	0	0	1	1	1	1	0	1	1	1	1
N11	N11.HOG0003264	1	1	1	1	1	1	1	1	1	1	1	1	1	1	1
N11	N11.HOG0003265	2	2	1	1	1	1	1	1	1	1	1	1	1	1	2
N11	N11.HOG0003266	1	0	0	1	0	0	1	1	1	1	0	1	1	1	1
N11	N11.HOG0003267	1	1	1	1	1	1	1	1	1	1	1	1	1	1	1
N11	N11.HOG0003268	1	1	1	1	2	1	1	1	1	1	1	1	1	1	1
N11	N11.HOG0003269	0	1	1	1	1	1	1	1	1	1	1	1	1	1	1
N11	N11.HOG0003270	0	1	1	1	1	1	1	1	1	1	1	1	1	1	1
N11	N11.HOG0003271	1	1	1	1	1	1	1	1	1	1	1	1	1	1	1
N11	N11.HOG0003272	0	0	0	0	0	0	0	0	0	1	0	0	0	0	0
N11	N11.HOG0003273	2	2	2	1	2	2	2	2	2	0	1	2	1	1	1
N11	N11.HOG0003274	0	0	0	0	0	0	0	0	0	0	0	0	1	0	0
N11	N11.HOG0003275	0	2	1	1	1	1	2	1	1	1	1	1	1	2	1
N11	N11.HOG0003276	0	2	1	1	1	1	1	1	1	1	1	1	1	1	1
N11	N11.HOG0003277	1	1	1	1	1	1	1	1	1	1	1	1	1	1	1
N11	N11.HOG0003278	0	1	1	0	1	1	1	1	1	0	0	0	1	1	1
N11	N11.HOG0003279	1	2	1	1	1	1	1	1	1	1	1	1	1	1	1
N11	N11.HOG0003280	1	1	1	1	1	1	1	1	0	1	1	1	1	1	0
N11	N11.HOG0003281	0	1	1	1	1	1	0	1	1	1	1	0	0	0	1
N11	N11.HOG0003282	1	1	1	1	1	1	1	1	1	1	1	1	1	1	1
N11	N11.HOG0003283	0	0	0	0	0	0	1	1	1	1	1	1	0	0	0
N11	N11.HOG0003284	0	0	1	1	0	1	0	0	0	0	0	0	0	0	0
N11	N11.HOG0003285	0	0	0	0	0	0	0	0	0	0	0	0	1	1	1
N11	N11.HOG0003286	0	2	0	1	2	0	1	1	1	1	1	1	1	0	0
N11	N11.HOG0003287	0	1	0	0	1	0	1	0	0	0	0	0	1	2	1
N11	N11.HOG0003288	0	0	0	0	0	0	0	0	0	0	0	0	0	1	1
N11	N11.HOG0003289	0	0	0	0	0	0	0	1	0	0	0	1	0	0	0
N11	N11.HOG0003290	0	1	0	1	1	0	0	1	0	1	1	1	0	0	0
N11	N11.HOG0003291	0	1	0	0	1	0	0	0	0	0	0	0	0	0	0
N11	N11.HOG0003292	0	1	1	0	1	1	0	0	1	0	0	0	2	0	0
N11	N11.HOG0003293	0	0	0	0	0	0	1	0	0	0	0	0	0	0	0
N11	N11.HOG0003294	1	1	1	0	1	1	1	0	1	0	0	0	1	0	0
N11	N11.HOG0003295	1	1	1	1	1	1	2	2	2	2	2	2	2	2	2
N11	N11.HOG0003296	1	1	1	1	1	1	1	1	1	1	1	1	1	1	1
N11	N11.HOG0003297	1	2	1	1	1	1	1	1	1	1	1	0	1	0	1
N11	N11.HOG0003298	1	2	1	1	1	1	1	1	1	1	1	1	1	1	1
N11	N11.HOG0003299	0	1	1	1	1	1	0	1	1	1	1	1	0	0	1
N11	N11.HOG0003300	1	1	1	1	1	1	1	1	1	1	1	1	1	1	1
N11	N11.HOG0003301	1	1	1	1	2	1	1	1	1	1	1	1	1	1	1
N11	N11.HOG0003302	1	1	1	1	2	1	1	1	1	1	1	1	1	1	0
N11	N11.HOG0003303	0	0	1	1	1	1	1	1	1	1	1	1	0	0	1
N11	N11.HOG0003304	1	3	1	1	1	1	1	1	1	1	1	1	1	1	1
N11	N11.HOG0003305	0	1	1	1	1	0	1	1	1	1	1	1	0	1	0
N11	N11.HOG0003306	1	1	1	1	1	1	1	1	1	1	1	1	1	1	1
N11	N11.HOG0003307	1	1	1	1	1	0	1	1	1	1	1	1	1	1	1
N11	N11.HOG0003308	1	1	1	1	1	1	1	1	1	1	1	1	1	1	2
N11	N11.HOG0003309	1	0	1	1	0	1	1	1	1	1	1	1	1	1	1
N11	N11.HOG0003310	1	1	1	1	1	1	1	1	1	1	1	1	2	2	1
N11	N11.HOG0003311	1	1	1	1	1	1	0	1	1	1	1	1	1	1	0
N11	N11.HOG0003312	0	1	1	1	1	1	1	1	1	1	1	1	1	1	1
N11	N11.HOG0003313	1	1	1	0	1	1	0	0	0	0	0	0	0	0	1
N11	N11.HOG0003314	1	1	1	1	1	1	1	1	1	1	1	1	1	1	1
N11	N11.HOG0003315	1	0	1	1	0	1	1	1	1	1	1	1	1	1	1
N11	N11.HOG0003316	0	0	0	0	0	0	1	0	0	0	0	0	0	0	0
N11	N11.HOG0003317	1	2	1	2	1	3	1	2	3	2	1	2	2	2	1
N11	N11.HOG0003318	0	0	0	1	0	0	0	0	0	1	0	2	0	0	0
N11	N11.HOG0003319	0	1	1	1	1	0	1	1	1	1	1	1	1	1	1
N11	N11.HOG0003320	0	0	0	0	0	1	0	0	0	0	0	0	0	0	0
N11	N11.HOG0003321	0	0	0	1	0	0	1	1	1	1	1	1	1	1	0
N11	N11.HOG0003322	1	1	1	1	1	1	1	1	1	1	1	1	1	1	1
N11	N11.HOG0003323	1	1	1	1	1	1	1	1	1	1	1	1	1	1	1
N11	N11.HOG0003324	1	0	0	0	1	0	1	1	1	1	1	0	1	1	1
N11	N11.HOG0003325	0	0	1	1	1	1	1	1	1	1	1	1	1	1	2
N11	N11.HOG0003326	1	1	1	1	1	1	1	1	1	1	1	1	1	1	1
N11	N11.HOG0003327	0	0	1	1	0	1	0	1	1	1	1	1	0	0	0
N11	N11.HOG0003328	0	1	1	1	1	1	1	1	1	1	1	1	0	0	0
N11	N11.HOG0003329	1	1	1	1	1	1	1	1	1	1	1	1	1	1	1
N11	N11.HOG0003330	0	1	1	1	1	1	0	1	1	1	1	1	0	0	0
N11	N11.HOG0003331	1	1	1	1	1	1	1	1	1	1	1	1	2	2	1
N11	N11.HOG0003332	0	2	1	1	1	1	1	1	1	1	0	1	0	0	0
N11	N11.HOG0003333	2	1	1	1	1	1	1	1	1	1	1	1	1	1	1
N11	N11.HOG0003334	1	1	1	1	1	1	1	1	1	1	1	1	1	1	1
N11	N11.HOG0003335	0	1	0	0	1	1	2	1	1	1	1	1	1	1	1
N11	N11.HOG0003336	0	1	1	2	1	2	3	2	2	1	2	2	2	3	2
N11	N11.HOG0003337	2	1	1	1	1	1	2	1	1	1	1	1	1	1	0
N11	N11.HOG0003338	1	1	1	1	1	0	1	1	1	1	1	1	1	0	1
N11	N11.HOG0003339	1	0	1	1	0	1	1	1	1	1	1	1	1	1	1
N11	N11.HOG0003340	1	0	1	1	1	1	0	1	1	1	1	1	0	0	0
N11	N11.HOG0003341	0	1	1	1	1	1	1	1	1	1	1	1	1	1	1
N11	N11.HOG0003342	0	1	1	1	1	1	1	1	1	1	1	1	2	1	0
N11	N11.HOG0003343	0	1	1	1	1	1	1	1	1	1	1	1	0	0	0
N11	N11.HOG0003344	0	0	0	0	0	0	0	0	0	0	0	0	1	1	1
N11	N11.HOG0003345	1	1	1	1	0	1	1	1	1	1	1	1	1	1	0
N11	N11.HOG0003346	1	2	0	1	0	0	0	1	1	1	1	0	0	2	1
N11	N11.HOG0003347	1	1	1	1	1	1	1	1	1	1	1	1	1	2	1
N11	N11.HOG0003348	1	1	1	1	0	0	1	1	1	1	0	1	1	1	1
N11	N11.HOG0003349	1	1	1	1	1	1	1	1	1	1	1	1	1	1	1
N11	N11.HOG0003350	1	1	1	1	1	1	1	1	1	1	1	1	1	1	1
N11	N11.HOG0003351	1	1	1	1	1	1	1	1	1	1	1	1	1	1	1
N11	N11.HOG0003352	1	1	1	1	1	1	1	1	1	1	1	1	1	1	1
N11	N11.HOG0003353	1	1	1	1	1	1	1	1	1	1	1	1	1	1	1
N11	N11.HOG0003354	0	0	1	1	1	1	1	1	1	1	1	1	1	1	1
N11	N11.HOG0003355	1	1	1	1	1	1	1	1	1	1	1	1	1	1	1
N11	N11.HOG0003356	0	1	1	1	0	1	1	1	1	1	1	1	0	0	0
N11	N11.HOG0003357	1	1	1	1	1	1	1	1	1	1	1	1	1	1	1
N11	N11.HOG0003358	1	1	1	1	1	1	1	1	1	1	1	1	1	1	1
N11	N11.HOG0003359	0	1	1	2	1	0	1	1	0	1	1	1	0	1	1
N11	N11.HOG0003360	1	2	1	1	1	1	1	1	1	1	1	1	0	1	0
N11	N11.HOG0003361	0	1	0	1	0	0	0	1	1	1	0	1	1	0	0
N11	N11.HOG0003362	2	1	1	1	1	1	2	1	1	1	1	1	1	2	2
N11	N11.HOG0003363	1	1	1	0	1	0	1	1	1	1	1	1	1	1	1
N11	N11.HOG0003364	0	1	1	1	1	1	0	1	1	1	1	1	0	1	1
N11	N11.HOG0003365	1	1	1	1	1	1	1	1	1	1	1	1	1	1	1
N11	N11.HOG0003366	0	1	1	1	1	1	1	1	1	1	1	0	0	0	0
N11	N11.HOG0003367	1	2	1	1	1	1	1	1	1	1	1	1	1	1	1
N11	N11.HOG0003368	1	1	2	1	1	1	1	1	1	1	1	1	1	1	1
N11	N11.HOG0003369	1	1	1	1	1	1	1	1	1	1	1	1	1	1	1
N11	N11.HOG0003370	1	1	1	0	1	1	0	1	1	1	1	1	1	1	1
N11	N11.HOG0003371	1	0	0	0	0	0	1	1	1	0	1	1	1	1	1
N11	N11.HOG0003372	0	0	1	1	1	1	1	1	1	1	1	1	1	1	1
N11	N11.HOG0003373	0	0	0	1	0	0	1	1	1	1	0	1	1	1	1
N11	N11.HOG0003374	1	1	0	1	0	1	1	1	1	1	1	1	1	1	1
N11	N11.HOG0003375	1	1	1	1	1	1	1	1	1	1	1	1	1	1	1
N11	N11.HOG0003376	0	1	1	1	1	1	1	1	1	1	1	1	1	1	1
N11	N11.HOG0003377	1	1	1	1	1	2	1	1	1	1	1	1	1	1	0
N11	N11.HOG0003378	1	1	1	1	1	1	1	1	1	1	1	1	0	1	1
N11	N11.HOG0003379	1	1	1	1	1	1	1	1	1	1	1	1	0	1	1
N11	N11.HOG0003380	0	3	2	2	2	2	3	3	3	1	2	2	3	3	4
N11	N11.HOG0003381	0	1	0	1	1	1	0	1	1	1	1	1	0	1	0
N11	N11.HOG0003382	1	2	2	2	2	2	1	2	2	2	2	2	2	2	1
N11	N11.HOG0003383	0	2	1	0	1	1	1	1	1	1	1	1	1	0	0
N11	N11.HOG0003384	2	2	1	1	1	1	1	1	1	1	1	1	1	1	0
N11	N11.HOG0003385	0	1	1	1	1	1	1	1	1	1	1	1	1	0	1
N11	N11.HOG0003386	1	2	1	1	1	1	2	1	1	1	1	1	1	1	1
N11	N11.HOG0003387	1	1	1	1	1	1	1	1	1	1	1	0	1	1	1
N11	N11.HOG0003388	1	1	1	0	1	1	1	1	1	1	1	1	0	1	1
N11	N11.HOG0003389	1	1	1	1	1	1	1	1	1	1	1	1	1	1	1
N11	N11.HOG0003390	1	1	0	1	1	0	0	1	1	1	1	1	1	1	1
N11	N11.HOG0003391	0	1	1	1	1	1	1	1	1	1	1	1	1	1	1
N11	N11.HOG0003392	1	1	1	1	1	1	0	1	1	0	0	0	0	0	0
N11	N11.HOG0003393	0	0	0	0	1	0	0	0	0	0	0	0	0	0	0
N11	N11.HOG0003394	4	2	1	2	2	1	2	2	2	2	1	2	3	3	1
N11	N11.HOG0003395	2	1	1	1	2	1	3	1	1	1	2	1	2	2	1
N11	N11.HOG0003396	0	1	0	0	2	0	0	0	0	0	0	0	0	0	0
N11	N11.HOG0003397	1	1	1	0	1	1	1	1	1	1	1	1	0	1	1
N11	N11.HOG0003398	1	1	1	1	1	1	1	1	1	1	1	1	1	1	1
N11	N11.HOG0003399	0	1	1	1	1	1	3	1	1	1	1	1	2	1	1
N11	N11.HOG0003400	1	0	1	0	1	1	1	0	0	0	0	0	1	1	1
N11	N11.HOG0003401	1	1	1	1	1	1	1	1	1	1	1	1	1	1	1
N11	N11.HOG0003402	1	0	1	1	0	1	1	1	1	1	0	1	1	1	1
N11	N11.HOG0003403	1	3	3	1	2	4	3	3	3	14	9	13	5	3	4
N11	N11.HOG0003404	1	1	1	0	1	1	1	0	0	0	1	0	1	1	0
N11	N11.HOG0003405	1	1	1	0	1	1	2	1	1	1	0	1	1	1	1
N11	N11.HOG0003406	1	1	1	1	1	1	1	1	1	1	1	1	1	1	1
N11	N11.HOG0003407	2	1	2	1	1	2	3	3	3	2	2	2	2	6	6
N11	N11.HOG0003408	0	0	0	0	0	0	0	0	0	0	0	0	0	1	0
N11	N11.HOG0003409	1	1	1	1	1	1	1	0	0	0	0	0	1	1	1
N11	N11.HOG0003410	0	1	1	1	1	1	1	1	1	2	2	2	1	1	0
N11	N11.HOG0003411	0	1	1	1	1	0	1	1	1	1	1	1	1	1	0
N11	N11.HOG0003412	1	0	1	1	1	1	1	1	1	1	1	1	1	1	1
N11	N11.HOG0003413	1	1	1	1	1	1	1	1	1	1	1	1	0	1	1
N11	N11.HOG0003414	1	1	1	1	1	1	1	1	1	1	1	1	1	1	1
N11	N11.HOG0003415	0	1	1	1	1	0	2	1	1	1	1	1	0	1	0
N11	N11.HOG0003416	0	1	0	0	1	0	0	1	1	1	1	1	0	0	0
N11	N11.HOG0003417	0	0	1	1	0	1	0	1	1	1	1	1	1	2	0
N11	N11.HOG0003418	1	1	1	1	1	1	1	1	1	1	1	1	1	2	1
N11	N11.HOG0003419	1	1	1	1	1	1	1	1	1	1	1	1	1	1	1
N11	N11.HOG0003420	1	1	1	1	1	1	1	1	1	1	1	1	1	1	1
N11	N11.HOG0003421	0	1	1	1	1	1	1	1	1	1	1	1	0	0	1
N11	N11.HOG0003422	0	0	1	1	1	0	0	1	1	1	1	1	0	0	1
N11	N11.HOG0003423	1	1	1	1	1	1	1	1	1	1	1	1	1	1	1
N11	N11.HOG0003424	0	0	1	1	1	0	0	1	1	1	1	1	0	0	1
N11	N11.HOG0003425	1	1	1	1	1	1	1	1	1	1	1	1	1	1	1
N11	N11.HOG0003426	1	1	1	1	1	1	1	1	1	1	1	1	1	1	1
N11	N11.HOG0003427	0	1	0	1	1	1	1	1	1	1	0	0	1	1	0
N11	N11.HOG0003428	1	1	1	1	1	1	1	1	1	1	1	1	1	1	1
N11	N11.HOG0003429	1	1	1	1	1	1	1	1	1	2	3	3	1	1	1
N11	N11.HOG0003430	0	1	1	1	0	1	1	1	1	1	1	1	0	0	1
N11	N11.HOG0003431	1	1	1	1	1	1	1	1	1	1	1	1	1	1	1
N11	N11.HOG0003432	1	1	0	1	0	1	1	1	1	1	1	1	1	1	1
N11	N11.HOG0003433	1	0	1	1	1	1	1	1	1	1	1	1	1	1	0
N11	N11.HOG0003434	1	1	1	1	1	1	1	1	1	1	1	1	1	1	1
N11	N11.HOG0003435	1	0	0	0	0	0	0	0	0	0	0	0	0	0	0
N11	N11.HOG0003436	1	1	1	1	1	1	1	1	1	1	1	1	1	1	1
N11	N11.HOG0003437	0	1	1	1	1	1	1	1	1	0	1	0	1	1	1
N11	N11.HOG0003438	1	0	2	2	2	2	1	1	1	1	1	1	1	1	1
N11	N11.HOG0003439	1	1	1	1	1	1	1	1	1	1	1	1	1	1	1
N11	N11.HOG0003440	0	2	1	1	1	1	0	1	1	1	1	1	0	1	0
N11	N11.HOG0003441	1	1	1	1	1	1	1	1	1	1	1	1	0	0	0
N11	N11.HOG0003442	1	1	1	1	1	1	1	1	1	1	1	1	1	1	1
N11	N11.HOG0003443	1	0	1	1	0	1	1	1	1	1	1	1	1	1	1
N11	N11.HOG0003444	1	0	0	0	1	1	1	0	0	1	1	1	1	1	1
N11	N11.HOG0003445	1	1	1	1	1	0	1	1	1	1	0	0	0	1	1
N11	N11.HOG0003446	1	1	1	1	1	0	1	1	1	1	1	1	1	1	1
N11	N11.HOG0003447	0	1	1	1	1	1	0	1	1	1	1	1	0	0	0
N11	N11.HOG0003448	1	1	1	1	1	1	1	1	1	1	1	1	1	1	1
N11	N11.HOG0003449	0	0	0	0	0	0	0	0	0	0	0	0	1	1	1
N11	N11.HOG0003450	1	1	1	1	1	1	1	1	1	1	1	1	0	0	0
N11	N11.HOG0003451	1	0	1	1	1	1	0	1	1	1	1	1	0	0	0
N11	N11.HOG0003452	1	1	1	1	1	1	1	1	1	1	0	1	1	1	1
N11	N11.HOG0003453	1	1	1	1	1	1	1	1	1	1	1	1	1	1	0
N11	N11.HOG0003454	1	1	1	1	1	1	1	1	1	1	1	1	1	1	1
N11	N11.HOG0003455	1	1	1	1	1	1	1	1	1	1	1	0	1	1	1
N11	N11.HOG0003456	1	0	1	1	1	1	1	1	1	1	1	1	1	1	1
N11	N11.HOG0003457	1	1	1	0	1	1	1	0	0	0	0	0	1	1	1
N11	N11.HOG0003458	0	1	1	1	1	1	0	1	1	1	1	1	1	0	0
N11	N11.HOG0003459	1	1	1	1	1	1	1	1	1	1	1	1	1	1	1
N11	N11.HOG0003460	0	1	1	1	1	1	0	1	1	1	1	1	0	1	0
N11	N11.HOG0003461	1	1	1	1	1	1	1	1	1	1	1	1	1	1	1
N11	N11.HOG0003462	0	0	0	3	0	0	0	0	0	0	0	0	0	0	0
N11	N11.HOG0003463	0	0	0	0	0	2	0	0	0	0	0	0	0	0	0
N11	N11.HOG0003464	1	1	1	1	1	1	1	1	1	1	1	1	1	1	1
N11	N11.HOG0003465	0	1	1	1	0	0	1	1	1	1	1	1	0	0	0
N11	N11.HOG0003466	1	2	1	1	1	1	1	1	1	1	1	1	1	1	1
N11	N11.HOG0003467	1	2	1	0	0	0	1	0	0	0	0	0	1	1	1
N11	N11.HOG0003468	0	0	1	1	1	1	0	1	1	1	1	1	1	0	1
N11	N11.HOG0003469	1	1	1	1	1	1	1	1	1	1	1	1	1	1	1
N11	N11.HOG0003470	3	3	1	2	1	1	2	1	1	2	1	1	1	2	3
N11	N11.HOG0003471	1	1	1	1	1	1	1	1	1	1	1	1	1	1	1
N11	N11.HOG0003472	1	1	0	1	1	0	0	1	1	1	1	1	1	1	1
N11	N11.HOG0003473	1	1	1	1	1	1	1	1	1	1	1	1	1	1	1
N11	N11.HOG0003474	1	1	1	1	1	1	1	1	1	1	1	1	1	1	0
N11	N11.HOG0003475	0	1	1	1	1	1	0	1	1	1	1	1	0	0	1
N11	N11.HOG0003476	1	0	1	1	1	1	1	1	1	1	1	1	1	1	1
N11	N11.HOG0003477	0	1	1	1	1	1	0	1	1	1	1	1	0	0	1
N11	N11.HOG0003478	1	1	1	1	1	1	1	1	1	1	1	1	0	1	1
N11	N11.HOG0003479	0	1	1	1	1	1	1	0	1	1	1	1	1	1	1
N11	N11.HOG0003480	1	1	1	1	1	1	1	1	1	1	1	1	1	1	1
N11	N11.HOG0003481	1	1	1	1	1	1	1	1	1	1	1	1	1	1	1
N11	N11.HOG0003482	1	1	1	1	1	1	1	1	1	1	1	1	1	1	1
N11	N11.HOG0003483	0	1	1	0	0	1	0	1	1	1	1	0	0	0	0
N11	N11.HOG0003484	0	1	1	1	1	0	0	1	1	2	2	2	1	1	0
N11	N11.HOG0003485	1	0	1	2	1	2	2	2	2	1	1	1	2	2	1
N11	N11.HOG0003486	1	1	1	1	1	1	1	1	1	1	1	1	1	1	1
N11	N11.HOG0003487	1	1	0	1	1	1	1	1	1	0	0	1	1	1	0
N11	N11.HOG0003488	0	1	0	0	0	0	0	0	0	0	0	0	0	0	0
N11	N11.HOG0003489	1	1	1	1	1	1	1	1	1	1	1	1	1	1	1
N11	N11.HOG0003490	0	1	1	1	1	1	0	0	0	0	0	0	0	0	0
N11	N11.HOG0003491	0	0	0	0	0	0	0	1	1	0	0	0	0	0	1
N11	N11.HOG0003492	0	0	0	0	0	0	1	1	1	1	1	1	1	1	1
N11	N11.HOG0003493	1	1	1	0	1	1	1	1	1	0	0	0	1	1	1
N11	N11.HOG0003494	0	1	1	1	1	1	1	1	1	1	1	1	1	2	1
N11	N11.HOG0003495	1	0	1	1	1	1	1	1	0	1	1	1	1	1	1
N11	N11.HOG0003496	2	1	1	1	1	0	1	0	1	0	0	0	0	1	1
N11	N11.HOG0003497	0	0	0	1	0	0	1	1	0	1	1	1	0	0	0
N11	N11.HOG0003498	1	1	1	1	1	1	1	1	1	0	1	1	1	1	1
N11	N11.HOG0003499	0	0	0	0	0	0	0	0	0	0	0	0	0	0	1
N11	N11.HOG0003500	3	1	1	1	1	1	1	1	1	1	1	1	2	3	1
N11	N11.HOG0003501	1	0	0	1	1	0	0	0	0	1	0	1	1	1	1
N11	N11.HOG0003502	0	0	0	0	0	0	0	0	0	0	0	0	1	0	1
N11	N11.HOG0003503	0	1	0	0	0	0	0	0	0	0	0	0	0	0	0
N11	N11.HOG0003504	2	1	1	2	2	1	3	2	3	2	2	3	0	1	0
N11	N11.HOG0003505	0	0	0	0	0	0	1	0	0	0	0	0	0	0	0
N11	N11.HOG0003506	0	1	0	0	0	0	0	0	0	0	0	0	0	0	0
N11	N11.HOG0003507	1	1	0	0	0	0	0	0	0	0	0	0	0	0	0
N11	N11.HOG0003508	1	1	2	2	3	2	1	2	2	2	2	2	1	1	1
N11	N11.HOG0003509	0	0	1	1	1	1	0	1	1	0	0	0	0	0	0
N11	N11.HOG0003510	1	1	1	1	1	1	1	1	1	1	1	1	1	1	1
N11	N11.HOG0003511	0	1	0	0	0	0	1	1	1	1	1	1	1	1	0
N11	N11.HOG0003512	0	0	1	1	1	1	0	1	1	1	1	1	0	0	1
N11	N11.HOG0003513	1	0	1	1	1	1	0	1	1	1	1	1	1	0	0
N11	N11.HOG0003514	0	1	0	0	0	1	1	0	0	1	1	1	0	1	1
N11	N11.HOG0003515	1	1	1	1	1	1	0	1	1	1	1	1	1	1	0
N11	N11.HOG0003516	1	1	1	1	1	1	1	1	1	1	1	1	1	1	1
N11	N11.HOG0003517	0	1	1	0	1	1	1	1	1	1	0	0	0	0	0
N11	N11.HOG0003518	0	2	2	1	1	2	2	2	2	2	2	2	1	1	1
N11	N11.HOG0003519	1	1	1	1	1	1	1	1	1	1	1	1	1	1	1
N11	N11.HOG0003520	1	2	0	0	0	0	1	1	1	1	1	1	1	1	1
N11	N11.HOG0003521	0	1	1	0	0	0	1	1	1	1	0	1	1	1	1
N11	N11.HOG0003522	0	1	1	1	1	1	0	1	1	1	1	1	0	0	0
N11	N11.HOG0003523	1	1	1	1	2	1	1	1	1	1	1	1	1	1	1
N11	N11.HOG0003524	0	1	1	1	1	1	0	1	1	1	1	1	0	0	1
N11	N11.HOG0003525	1	1	1	1	1	1	1	1	1	1	1	0	1	1	1
N11	N11.HOG0003526	1	0	1	1	1	1	1	1	1	1	1	1	1	1	1
N11	N11.HOG0003527	1	1	1	1	1	1	1	1	1	1	1	1	2	1	1
N11	N11.HOG0003528	1	0	0	0	1	1	1	0	1	0	0	1	1	1	1
N11	N11.HOG0003529	0	0	0	0	1	0	0	0	0	0	0	0	0	0	0
N11	N11.HOG0003530	1	1	1	1	1	1	1	1	1	1	1	0	1	1	1
N11	N11.HOG0003531	0	1	0	0	0	0	0	0	0	0	0	0	0	0	0
N11	N11.HOG0003532	1	1	1	1	1	1	1	1	1	1	1	1	1	1	1
N11	N11.HOG0003533	1	1	1	1	1	1	1	1	1	1	1	1	1	1	1
N11	N11.HOG0003534	2	1	1	0	1	1	1	0	0	0	0	0	1	1	1
N11	N11.HOG0003535	1	1	1	1	1	1	1	1	1	1	1	1	1	1	1
N11	N11.HOG0003536	1	1	1	1	1	1	1	1	1	1	1	1	1	2	1
N11	N11.HOG0003537	0	0	1	1	1	1	1	1	1	1	1	1	1	1	1
N11	N11.HOG0003538	1	0	1	1	1	1	1	1	1	0	0	0	1	1	1
N11	N11.HOG0003539	0	1	0	0	1	0	1	0	0	0	0	0	1	0	1
N11	N11.HOG0003540	0	0	0	0	2	0	1	0	0	0	0	0	0	0	0
N11	N11.HOG0003541	0	0	1	1	0	1	0	0	0	0	0	0	0	0	0
N11	N11.HOG0003542	1	0	0	0	0	0	0	0	0	0	0	0	0	0	0
N11	N11.HOG0003543	1	1	0	0	1	0	1	1	1	1	1	1	1	1	1
N11	N11.HOG0003544	1	1	1	1	1	1	1	1	1	1	1	1	1	1	1
N11	N11.HOG0003545	0	1	0	0	1	0	3	1	1	1	1	2	2	3	2
N11	N11.HOG0003546	0	0	0	0	0	0	0	0	0	0	0	0	0	1	0
N11	N11.HOG0003547	0	1	1	1	1	1	0	1	1	1	1	1	0	0	1
N11	N11.HOG0003548	1	1	1	1	1	1	1	1	1	1	1	1	1	1	0
N11	N11.HOG0003549	1	1	1	1	1	1	1	1	1	1	1	1	1	1	0
N11	N11.HOG0003550	1	1	0	0	1	0	0	0	0	0	0	0	0	0	0
N11	N11.HOG0003551	1	0	1	1	1	2	1	1	1	1	1	1	1	1	1
N11	N11.HOG0003552	1	1	1	1	1	1	0	0	0	0	0	0	1	1	0
N11	N11.HOG0003553	1	0	1	1	1	1	1	1	1	1	1	1	1	1	1
N11	N11.HOG0003554	0	0	1	0	1	0	1	1	1	1	1	1	1	1	0
N11	N11.HOG0003555	1	2	1	1	1	1	1	1	1	1	1	1	1	1	1
N11	N11.HOG0003556	0	2	1	0	1	1	0	1	1	1	0	1	0	0	0
N11	N11.HOG0003557	1	1	1	1	1	0	2	1	1	1	2	1	2	3	2
N11	N11.HOG0003558	1	1	1	1	2	0	0	0	0	0	0	0	0	0	0
N11	N11.HOG0003559	1	1	1	1	1	1	1	1	1	1	1	1	1	1	1
N11	N11.HOG0003560	0	1	0	0	0	0	0	0	0	0	0	0	0	0	0
N11	N11.HOG0003561	0	0	0	0	1	0	0	0	0	0	0	0	1	1	0
N11	N11.HOG0003562	0	1	0	1	1	1	1	1	1	1	1	1	1	1	1
N11	N11.HOG0003563	1	1	1	1	1	1	1	1	1	1	1	1	1	1	1
N11	N11.HOG0003564	0	1	1	1	1	1	0	0	0	1	1	1	0	0	0
N11	N11.HOG0003565	1	1	1	1	1	1	1	1	1	1	1	1	1	1	1
N11	N11.HOG0003566	1	1	0	1	1	1	0	1	1	1	1	1	1	0	1
N11	N11.HOG0003567	1	1	1	1	0	1	1	1	1	1	1	1	1	1	1
N11	N11.HOG0003568	1	1	1	1	1	1	1	1	1	1	1	1	0	0	1
N11	N11.HOG0003569	1	1	1	1	1	1	1	1	1	1	1	1	1	1	0
N11	N11.HOG0003570	0	1	1	0	1	0	1	1	1	1	1	1	0	0	0
N11	N11.HOG0003571	1	1	1	1	1	1	1	1	1	1	1	1	1	1	0
N11	N11.HOG0003572	1	2	1	3	2	1	2	1	1	1	1	1	4	1	2
N11	N11.HOG0003573	0	0	0	0	0	0	0	0	0	0	0	0	1	0	0
N11	N11.HOG0003574	1	1	1	1	1	1	1	1	1	1	1	1	1	1	1
N11	N11.HOG0003575	0	1	1	1	1	1	0	1	1	1	1	1	0	0	0
N11	N11.HOG0003576	1	1	1	1	1	1	1	1	1	1	1	1	1	1	1
N11	N11.HOG0003577	0	0	0	0	0	0	1	1	1	0	0	0	0	0	0
N11	N11.HOG0003578	1	0	0	0	0	0	0	0	0	0	0	0	0	0	0
N11	N11.HOG0003579	0	0	1	0	1	1	0	0	0	0	0	0	0	0	0
N11	N11.HOG0003580	1	0	0	0	0	0	1	1	1	1	1	1	1	1	1
N11	N11.HOG0003581	0	0	0	0	0	0	1	1	1	1	1	1	0	1	1
N11	N11.HOG0003582	0	1	0	1	0	0	0	0	0	0	0	0	0	0	0
N11	N11.HOG0003583	1	0	1	0	2	1	1	0	1	1	1	1	1	1	0
N11	N11.HOG0003584	0	0	0	0	0	0	0	0	0	1	0	0	0	0	0
N11	N11.HOG0003585	0	0	0	0	0	0	0	0	0	0	0	0	0	0	1
N11	N11.HOG0003586	0	1	1	0	1	1	0	0	1	1	0	0	0	0	0
N11	N11.HOG0003587	0	1	0	0	0	0	0	0	0	0	0	0	0	0	0
N11	N11.HOG0003588	1	1	1	1	0	1	1	1	1	1	1	1	1	1	1
N11	N11.HOG0003589	0	1	0	1	3	1	0	1	1	0	0	1	0	1	0
N11	N11.HOG0003590	0	0	0	0	1	0	0	0	0	1	0	0	1	1	0
N11	N11.HOG0003591	1	1	1	1	1	1	1	1	1	1	1	1	1	1	1
N11	N11.HOG0003592	1	1	1	1	1	1	1	1	1	1	1	1	1	1	1
N11	N11.HOG0003593	1	1	0	1	1	0	1	1	1	1	1	1	0	0	1
N11	N11.HOG0003594	0	0	1	1	0	1	1	0	0	1	1	1	0	0	1
N11	N11.HOG0003595	1	1	1	1	1	1	1	1	1	1	1	1	1	1	1
N11	N11.HOG0003596	0	0	0	0	0	0	0	0	0	0	0	0	1	1	1
N11	N11.HOG0003597	0	0	1	1	0	1	1	1	1	1	1	1	0	0	0
N11	N11.HOG0003598	0	0	0	0	0	0	1	1	1	1	0	1	0	0	0
N11	N11.HOG0003599	1	1	1	1	1	1	1	1	1	1	1	1	1	1	1
N11	N11.HOG0003600	0	1	1	0	1	0	1	1	0	0	0	0	1	1	1
N11	N11.HOG0003601	0	0	0	0	0	1	0	0	0	0	0	0	0	0	0
N11	N11.HOG0003603	0	1	0	0	0	0	0	0	0	0	0	0	0	0	0
N11	N11.HOG0003604	0	0	0	1	3	2	0	0	0	0	0	0	0	0	0
N11	N11.HOG0003605	0	1	1	1	1	1	0	1	1	1	1	1	0	0	0
N11	N11.HOG0003606	1	1	1	1	1	1	1	1	1	1	1	1	1	1	1
N11	N11.HOG0003607	1	0	0	0	0	0	0	0	0	0	0	0	0	0	0
N11	N11.HOG0003608	1	1	1	1	1	1	1	1	1	1	1	1	1	1	0
N11	N11.HOG0003609	0	1	1	0	0	0	1	1	1	1	1	1	0	0	0
N11	N11.HOG0003610	1	1	1	1	1	1	1	1	1	1	1	1	0	1	1
N11	N11.HOG0003611	1	0	0	0	0	0	0	0	0	0	0	0	0	0	0
N11	N11.HOG0003612	0	0	1	1	1	1	0	1	1	1	1	1	0	1	1
N11	N11.HOG0003613	1	1	1	1	1	1	1	1	1	1	1	1	0	1	1
N11	N11.HOG0003614	1	2	2	2	2	1	2	2	2	1	1	2	1	1	1
N11	N11.HOG0003615	1	1	1	1	1	1	1	1	1	1	1	1	1	1	1
N11	N11.HOG0003616	1	1	1	1	1	1	1	1	1	1	1	1	1	1	1
N11	N11.HOG0003617	2	5	1	2	2	2	1	1	1	1	1	1	2	1	1
N11	N11.HOG0003618	1	1	1	1	1	1	1	1	1	1	1	1	1	2	1
N11	N11.HOG0003619	0	0	0	0	0	0	0	0	0	1	1	0	1	1	0
N11	N11.HOG0003620	0	1	1	1	0	1	0	0	0	0	0	0	0	0	0
N11	N11.HOG0003621	0	0	0	0	2	0	0	0	0	0	0	0	0	0	1
N11	N11.HOG0003622	0	0	1	1	0	1	1	2	2	1	1	2	0	0	0
N11	N11.HOG0003623	0	1	2	1	1	0	1	1	1	1	1	1	1	1	1
N11	N11.HOG0003624	1	0	0	1	1	1	1	1	1	1	0	1	1	1	0
N11	N11.HOG0003625	1	0	0	0	0	0	1	1	1	0	0	0	1	1	0
N11	N11.HOG0003626	1	0	0	0	0	0	1	0	0	1	1	1	1	1	2
N11	N11.HOG0003627	0	1	1	1	1	3	0	0	0	0	0	0	0	0	0
N11	N11.HOG0003628	1	0	1	0	0	0	0	0	0	0	0	0	0	0	0
N11	N11.HOG0003629	1	1	1	1	2	1	1	1	1	1	1	1	1	1	1
N11	N11.HOG0003630	1	0	1	1	1	1	1	0	0	1	0	1	1	1	1
N11	N11.HOG0003631	1	1	1	1	1	1	1	1	1	1	1	1	1	1	1
N11	N11.HOG0003632	1	1	1	1	1	1	1	1	1	1	1	1	1	2	1
N11	N11.HOG0003633	1	1	1	1	1	1	1	1	1	1	1	1	1	1	0
N11	N11.HOG0003634	2	1	1	1	1	1	1	1	1	1	1	1	1	1	1
N11	N11.HOG0003635	1	0	1	1	0	1	1	1	1	1	1	1	1	1	0
N11	N11.HOG0003636	1	1	1	1	1	1	1	1	1	1	1	1	1	1	1
N11	N11.HOG0003637	1	1	1	1	1	1	1	1	1	1	1	1	1	1	1
N11	N11.HOG0003638	0	0	1	1	1	0	0	0	0	0	0	0	0	0	0
N11	N11.HOG0003639	1	1	1	1	1	1	0	1	1	1	1	1	1	1	0
N11	N11.HOG0003640	0	1	1	1	1	0	1	1	1	1	1	1	1	0	0
N11	N11.HOG0003641	1	2	1	1	1	1	1	1	1	1	1	1	1	1	1
N11	N11.HOG0003642	0	1	0	0	0	0	0	0	0	0	0	0	0	0	0
N11	N11.HOG0003643	0	0	0	0	1	0	1	0	0	0	0	0	1	0	0
N11	N11.HOG0003644	0	0	0	0	1	0	0	0	0	0	0	0	0	0	0
N11	N11.HOG0003645	0	0	0	0	1	0	0	0	0	0	0	0	0	0	0
N11	N11.HOG0003646	0	0	1	0	1	0	1	0	1	0	0	0	1	0	0
N11	N11.HOG0003647	1	1	1	1	1	1	1	1	1	1	1	1	2	2	2
N11	N11.HOG0003648	1	0	0	0	0	0	0	0	0	0	0	0	0	0	1
N11	N11.HOG0003649	1	1	1	0	1	1	1	1	1	1	1	1	1	1	0
N11	N11.HOG0003650	1	1	1	1	1	1	1	1	0	1	1	1	1	1	0
N11	N11.HOG0003651	0	1	0	0	0	0	0	0	0	0	0	0	0	1	0
N11	N11.HOG0003652	1	1	1	1	1	2	2	1	1	1	1	1	1	1	1
N11	N11.HOG0003653	1	1	1	1	1	1	2	2	2	2	2	2	1	1	2
N11	N11.HOG0003654	1	1	1	1	1	1	1	1	1	1	1	1	1	1	1
N11	N11.HOG0003655	1	7	1	1	1	1	1	1	1	1	1	1	1	1	1
N11	N11.HOG0003656	1	1	1	1	1	1	1	1	1	1	1	1	1	1	1
N11	N11.HOG0003657	0	1	0	1	2	0	1	1	0	0	1	0	1	1	0
N11	N11.HOG0003658	0	1	1	1	0	1	1	1	1	1	1	1	0	0	0
N11	N11.HOG0003659	1	1	1	1	1	1	1	1	1	1	1	1	1	1	1
N11	N11.HOG0003660	0	1	0	1	1	0	1	1	1	0	0	1	0	0	0
N11	N11.HOG0003661	1	2	1	1	1	1	1	1	1	1	1	1	2	1	1
N11	N11.HOG0003662	1	1	1	1	1	1	1	1	1	1	1	1	1	1	1
N11	N11.HOG0003663	1	1	1	1	1	1	0	1	1	1	1	1	0	0	1
N11	N11.HOG0003664	0	1	1	1	1	1	1	1	1	1	0	0	0	0	0
N11	N11.HOG0003665	0	1	1	1	1	1	1	1	1	1	1	1	1	1	0
N11	N11.HOG0003666	1	0	0	1	1	0	0	0	1	1	0	1	0	0	1
N11	N11.HOG0003667	1	0	1	1	1	1	1	1	1	1	1	1	1	1	1
N11	N11.HOG0003668	0	1	1	1	1	1	1	1	1	1	1	1	0	0	0
N11	N11.HOG0003669	1	1	1	1	1	1	1	1	1	1	1	1	1	1	1
N11	N11.HOG0003670	1	1	1	1	1	1	1	1	1	1	1	1	1	1	1
N11	N11.HOG0003671	0	0	0	0	1	0	1	0	0	0	0	0	1	0	0
N11	N11.HOG0003672	0	0	0	0	0	0	0	1	1	0	0	0	0	0	0
N11	N11.HOG0003673	0	1	2	1	1	1	1	1	1	2	3	3	0	1	0
N11	N11.HOG0003674	0	0	0	1	0	0	0	0	0	0	0	0	0	0	0
N11	N11.HOG0003675	1	1	1	1	1	1	1	2	1	1	1	1	1	1	2
N11	N11.HOG0003676	1	2	2	1	2	2	2	1	1	1	1	1	2	1	2
N11	N11.HOG0003677	0	2	1	1	3	3	3	1	1	1	1	1	1	1	1
N11	N11.HOG0003678	0	0	0	0	0	0	0	0	0	1	1	0	0	0	0
N11	N11.HOG0003679	0	1	0	0	0	0	0	0	0	0	0	0	0	0	0
N11	N11.HOG0003680	0	0	0	0	0	0	0	1	1	1	1	1	0	0	0
N11	N11.HOG0003681	0	2	0	0	0	0	0	0	0	0	0	0	0	0	0
N11	N11.HOG0003682	0	1	0	0	1	0	1	0	0	0	0	0	1	0	1
N11	N11.HOG0003683	0	0	0	0	0	0	0	0	0	0	0	0	2	1	0
N11	N11.HOG0003684	0	1	1	0	1	1	0	0	0	0	0	0	0	0	0
N11	N11.HOG0003685	0	1	1	1	1	0	0	1	1	1	1	1	0	0	0
N11	N11.HOG0003686	1	1	1	1	1	1	1	1	1	1	1	1	1	1	1
N11	N11.HOG0003687	0	1	1	1	1	1	0	1	1	1	1	1	0	0	1
N11	N11.HOG0003688	1	1	1	1	1	1	1	1	1	1	1	1	1	1	1
N11	N11.HOG0003689	0	1	1	3	1	1	2	1	2	3	1	2	1	1	0
N11	N11.HOG0003690	0	1	1	1	1	1	1	0	1	1	1	1	1	1	0
N11	N11.HOG0003691	1	1	1	1	1	1	1	1	1	1	1	1	1	1	1
N11	N11.HOG0003692	0	1	1	1	1	1	1	1	1	1	1	1	1	1	1
N11	N11.HOG0003693	1	1	1	1	1	1	1	1	1	1	1	1	1	1	1
N11	N11.HOG0003694	0	0	1	1	0	0	0	0	0	1	0	0	0	0	0
N11	N11.HOG0003695	1	0	1	1	1	1	1	1	1	1	1	1	2	1	2
N11	N11.HOG0003696	1	2	2	2	2	2	1	2	1	2	2	2	1	1	1
N11	N11.HOG0003697	0	1	1	1	1	1	1	1	1	1	1	1	1	1	1
N11	N11.HOG0003698	1	1	1	1	1	1	1	1	1	1	1	1	1	1	1
N11	N11.HOG0003699	1	1	0	0	1	1	1	0	0	0	0	0	1	1	1
N11	N11.HOG0003700	1	0	1	1	0	0	1	1	1	1	1	1	1	1	1
N11	N11.HOG0003701	1	1	1	1	1	1	1	1	1	1	1	1	1	1	1
N11	N11.HOG0003702	1	1	1	1	1	1	1	1	1	1	1	1	0	1	1
N11	N11.HOG0003703	0	1	0	0	0	0	0	0	0	0	0	0	0	0	0
N11	N11.HOG0003704	0	1	1	1	1	1	1	1	1	1	1	1	1	1	1
N11	N11.HOG0003705	0	1	0	0	1	1	1	0	0	0	0	0	0	0	0
N11	N11.HOG0003706	1	1	1	1	0	1	1	1	1	1	1	1	1	1	1
N11	N11.HOG0003707	1	0	0	0	1	0	1	0	0	0	0	0	1	1	1
N11	N11.HOG0003708	1	1	0	0	0	0	1	0	0	0	0	0	0	0	0
N11	N11.HOG0003709	3	2	3	1	0	2	2	1	1	1	1	1	1	2	2
N11	N11.HOG0003710	1	2	1	1	1	1	1	1	1	1	1	1	1	1	1
N11	N11.HOG0003711	1	1	1	1	1	1	1	1	1	1	1	0	1	1	1
N11	N11.HOG0003712	0	1	0	1	1	0	0	1	1	1	1	1	1	1	0
N11	N11.HOG0003713	0	0	0	1	0	1	0	1	1	1	1	1	0	0	0
N11	N11.HOG0003714	1	1	2	1	1	1	1	1	1	1	1	1	1	1	1
N11	N11.HOG0003715	0	0	0	0	0	0	1	0	0	0	0	0	0	0	0
N11	N11.HOG0003716	1	0	0	0	0	0	0	0	0	0	0	0	0	0	0
N11	N11.HOG0003717	1	4	2	1	1	2	0	1	1	1	1	1	1	2	1
N11	N11.HOG0003718	1	2	1	1	1	1	1	1	1	1	1	1	1	1	1
N11	N11.HOG0003719	0	2	0	0	1	0	0	0	0	0	0	1	0	0	1
N11	N11.HOG0003720	1	0	1	1	1	1	1	1	1	1	1	1	1	1	1
N11	N11.HOG0003721	0	0	1	1	2	1	1	1	1	0	1	1	0	0	0
N11	N11.HOG0003722	1	1	1	1	1	1	1	1	1	1	1	1	1	2	1
N11	N11.HOG0003723	1	1	0	0	1	0	1	0	0	0	0	0	1	0	0
N11	N11.HOG0003724	3	2	1	1	1	1	1	1	1	1	1	1	1	1	1
N11	N11.HOG0003725	0	0	0	0	1	0	0	0	0	0	0	0	0	0	0
N11	N11.HOG0003726	0	2	1	1	2	0	2	1	0	1	1	0	1	1	0
N11	N11.HOG0003727	0	1	0	0	0	0	0	0	0	0	0	0	1	1	1
N11	N11.HOG0003728	2	1	0	0	2	0	2	0	1	1	1	1	1	1	1
N11	N11.HOG0003729	0	0	1	1	0	1	0	0	0	0	0	0	0	0	0
N11	N11.HOG0003730	1	2	1	1	2	1	1	1	1	1	1	1	1	1	1
N11	N11.HOG0003731	0	1	0	0	1	0	1	0	0	0	0	0	1	1	1
N11	N11.HOG0003732	2	1	1	1	1	1	1	1	1	1	1	1	1	1	1
N11	N11.HOG0003733	1	1	1	1	1	1	1	1	1	1	1	1	1	1	1
N11	N11.HOG0003734	1	1	1	1	0	1	1	1	1	1	1	1	1	0	1
N11	N11.HOG0003735	0	1	1	1	1	1	1	1	1	1	1	1	1	0	1
N11	N11.HOG0003736	1	0	1	1	1	1	1	1	1	1	1	1	1	1	1
N11	N11.HOG0003737	0	1	0	0	0	0	0	0	0	0	0	0	0	0	0
N11	N11.HOG0003738	1	1	1	1	1	1	1	1	0	0	1	0	1	1	1
N11	N11.HOG0003739	1	1	1	1	1	1	1	1	1	1	1	1	1	1	1
N11	N11.HOG0003740	0	0	0	0	0	0	0	0	0	0	0	0	0	0	1
N11	N11.HOG0003741	0	1	0	0	1	0	0	0	0	0	0	0	0	0	0
N11	N11.HOG0003742	1	0	1	1	1	1	1	1	1	1	1	1	1	1	0
N11	N11.HOG0003743	1	0	1	0	1	1	0	1	1	1	0	1	1	1	1
N11	N11.HOG0003744	1	0	1	1	0	1	1	1	1	1	1	0	1	1	0
N11	N11.HOG0003745	0	0	1	1	0	1	1	1	1	1	1	1	0	0	1
N11	N11.HOG0003746	1	1	1	1	1	1	1	1	1	1	1	2	1	1	1
N11	N11.HOG0003747	1	1	1	1	1	1	1	1	1	1	1	1	1	1	1
N11	N11.HOG0003748	2	0	0	1	1	1	1	1	1	0	0	1	1	1	1
N11	N11.HOG0003749	0	1	1	0	1	1	0	0	0	0	0	0	0	0	0
N11	N11.HOG0003750	1	0	0	0	0	0	2	1	1	1	1	0	1	1	1
N11	N11.HOG0003751	1	0	0	0	0	0	0	0	0	0	0	0	0	0	0
N11	N11.HOG0003752	1	1	1	1	1	1	1	1	0	1	1	1	1	1	1
N11	N11.HOG0003753	2	1	1	1	1	1	1	1	1	1	1	1	1	1	1
N11	N11.HOG0003754	0	0	0	0	1	1	1	1	1	1	1	1	0	0	0
N11	N11.HOG0003755	1	1	1	1	1	1	1	1	1	1	1	1	1	1	1
N11	N11.HOG0003756	1	1	1	1	1	1	1	1	1	1	1	1	1	1	1
N11	N11.HOG0003757	0	1	1	1	1	1	0	0	0	1	1	1	1	0	0
N11	N11.HOG0003758	1	0	0	0	0	0	0	0	0	0	0	0	0	0	0
N11	N11.HOG0003759	1	1	1	1	1	1	2	2	2	2	2	2	2	2	2
N11	N11.HOG0003760	0	1	0	1	1	1	1	1	1	1	1	1	0	0	0
N11	N11.HOG0003761	0	1	0	1	1	1	1	1	1	0	0	0	0	0	0
N11	N11.HOG0003762	0	1	1	1	1	1	0	1	1	1	1	1	0	0	1
N11	N11.HOG0003763	0	1	1	1	1	1	0	1	1	0	1	0	0	0	0
N11	N11.HOG0003764	1	0	0	0	0	0	1	0	0	0	0	0	1	1	0
N11	N11.HOG0003765	1	1	1	1	1	1	1	1	1	1	1	1	1	1	1
N11	N11.HOG0003766	0	1	1	0	1	0	1	1	1	0	1	1	0	1	0
N11	N11.HOG0003767	0	0	0	0	0	0	0	0	0	0	0	0	0	1	0
N11	N11.HOG0003768	1	2	2	2	5	2	1	1	1	1	1	1	1	1	1
N11	N11.HOG0003769	1	1	1	1	1	1	1	1	1	1	1	1	1	1	1
N11	N11.HOG0003770	1	1	1	1	1	1	1	1	1	1	1	1	1	1	1
N11	N11.HOG0003771	1	1	2	1	1	1	1	1	1	1	1	1	1	1	1
N11	N11.HOG0003772	1	0	2	2	2	2	1	2	2	2	2	2	1	1	2
N11	N11.HOG0003773	1	1	1	1	1	1	1	0	0	0	0	0	0	0	0
N11	N11.HOG0003774	1	1	1	1	1	1	1	1	1	1	1	1	1	1	1
N11	N11.HOG0003775	1	2	1	0	1	1	1	1	1	0	0	1	1	0	0
N11	N11.HOG0003776	0	1	1	1	1	1	1	1	1	1	1	1	1	0	0
N11	N11.HOG0003777	1	2	1	1	1	1	1	1	1	1	1	1	1	1	1
N11	N11.HOG0003778	2	0	1	2	1	1	2	3	2	2	3	2	2	7	2
N11	N11.HOG0003779	0	2	2	2	2	1	2	2	2	1	1	2	2	2	2
N11	N11.HOG0003780	0	1	1	1	1	1	0	1	1	1	1	1	0	0	0
N11	N11.HOG0003781	1	1	1	0	0	1	1	1	1	1	1	1	1	1	1
N11	N11.HOG0003782	2	0	1	1	2	1	2	1	1	0	0	0	0	0	0
N11	N11.HOG0003783	1	1	1	1	1	1	1	1	1	1	1	1	1	1	1
N11	N11.HOG0003784	1	1	1	1	1	1	1	1	1	1	1	1	1	1	1
N11	N11.HOG0003785	0	1	1	1	1	1	1	1	1	1	1	1	0	0	1
N11	N11.HOG0003786	0	1	1	1	1	0	1	1	1	1	1	1	0	0	0
N11	N11.HOG0003787	1	1	1	1	1	1	1	1	1	1	1	1	1	1	1
N11	N11.HOG0003788	1	0	1	1	1	1	1	1	1	1	1	1	0	1	1
N11	N11.HOG0003789	1	1	1	1	1	1	1	1	1	1	1	1	1	1	1
N11	N11.HOG0003790	0	0	1	1	0	1	0	1	1	1	1	1	0	0	1
N11	N11.HOG0003791	1	1	1	1	1	1	1	1	1	1	1	1	1	1	1
N11	N11.HOG0003792	1	2	1	1	1	1	1	1	1	1	0	1	1	1	1
N11	N11.HOG0003793	1	1	1	1	1	1	1	1	1	1	1	1	1	1	1
N11	N11.HOG0003794	1	1	1	1	1	1	1	1	1	1	1	1	1	1	1
N11	N11.HOG0003795	1	0	0	0	0	0	0	0	0	0	0	0	0	0	0
N11	N11.HOG0003796	1	3	1	1	2	1	1	1	1	1	1	1	2	1	1
N11	N11.HOG0003797	1	2	1	1	1	1	1	1	1	1	1	1	1	2	1
N11	N11.HOG0003798	1	1	1	1	1	1	1	1	1	1	1	1	1	1	1
N11	N11.HOG0003799	1	1	1	1	1	1	1	1	1	1	1	1	1	1	1
N11	N11.HOG0003800	1	1	1	1	1	1	1	1	1	1	1	1	1	1	1
N11	N11.HOG0003801	1	1	2	0	1	1	1	1	1	1	1	1	2	2	1
N11	N11.HOG0003802	1	1	2	2	2	3	2	1	1	1	1	1	1	1	1
N11	N11.HOG0003803	0	0	1	0	1	1	1	1	1	1	1	0	1	1	0
N11	N11.HOG0003804	1	1	1	1	1	1	1	1	1	1	1	1	1	1	1
N11	N11.HOG0003805	1	1	0	0	1	0	0	0	0	0	0	0	1	1	0
N11	N11.HOG0003806	0	1	0	0	1	0	0	0	0	0	0	0	0	0	0
N11	N11.HOG0003807	1	2	1	1	2	1	1	1	1	1	1	1	1	1	1
N11	N11.HOG0003808	0	0	0	0	1	0	0	0	0	0	0	0	1	0	0
N11	N11.HOG0003809	0	0	0	0	0	0	0	0	0	0	0	0	1	0	0
N11	N11.HOG0003810	1	1	1	1	1	1	1	1	1	1	1	1	7	8	0
N11	N11.HOG0003811	0	0	0	0	0	0	0	0	0	1	1	1	0	0	0
N11	N11.HOG0003812	0	0	0	0	0	0	1	1	1	0	0	0	0	1	1
N11	N11.HOG0003813	0	0	0	0	0	0	0	0	0	0	0	0	1	1	0
N11	N11.HOG0003814	0	1	0	0	1	0	0	0	0	0	0	0	0	0	0
N11	N11.HOG0003815	0	0	0	0	1	0	0	0	0	0	0	0	0	0	0
N11	N11.HOG0003816	0	2	1	1	2	1	0	0	0	0	0	0	0	0	1
N11	N11.HOG0003817	1	1	1	1	1	1	1	1	1	1	1	1	1	1	1
N11	N11.HOG0003818	1	0	1	0	0	0	0	1	1	0	0	0	0	1	1
N11	N11.HOG0003819	1	0	1	2	0	1	2	2	2	2	2	2	1	1	1
N11	N11.HOG0003820	0	2	0	0	0	0	0	0	0	0	0	0	0	0	0
N11	N11.HOG0003821	2	3	1	1	1	1	1	1	1	1	1	1	2	3	1
N11	N11.HOG0003822	1	1	1	1	1	1	1	1	1	1	1	1	1	1	1
N11	N11.HOG0003823	0	0	1	1	1	1	1	1	1	1	1	0	1	1	1
N11	N11.HOG0003824	1	1	1	1	1	1	1	1	1	1	1	1	1	1	1
N11	N11.HOG0003825	0	1	0	0	0	0	0	0	0	0	0	0	0	0	0
N11	N11.HOG0003826	0	2	0	0	0	0	0	0	0	0	0	0	0	0	0
N11	N11.HOG0003827	0	1	0	0	0	0	0	0	0	0	0	0	0	0	0
N11	N11.HOG0003828	0	0	0	0	0	0	1	0	0	0	0	0	1	1	0
N11	N11.HOG0003829	0	2	0	0	0	0	0	0	0	0	0	0	0	0	0
N11	N11.HOG0003830	0	1	0	0	1	0	1	0	0	0	0	0	0	0	0
N11	N11.HOG0003831	1	1	2	2	1	2	1	2	2	2	1	2	1	1	1
N11	N11.HOG0003832	1	1	1	1	1	1	1	1	1	1	1	1	1	2	1
N11	N11.HOG0003833	0	1	1	1	1	1	0	1	1	1	1	1	1	0	1
N11	N11.HOG0003834	0	1	1	1	1	1	1	1	1	1	1	1	1	1	2
N11	N11.HOG0003835	0	0	0	0	0	0	1	0	0	0	0	0	0	0	0
N11	N11.HOG0003836	0	1	0	0	1	1	1	0	0	0	0	0	1	1	0
N11	N11.HOG0003837	0	0	0	0	0	0	1	0	0	0	0	0	1	0	1
N11	N11.HOG0003838	1	2	1	2	3	1	2	1	1	1	1	1	1	1	1
N11	N11.HOG0003839	0	1	0	0	1	0	0	0	0	0	0	0	0	0	0
N11	N11.HOG0003840	1	1	0	0	1	0	0	0	0	0	0	0	1	1	1
N11	N11.HOG0003841	1	1	1	1	1	1	1	1	1	0	0	0	1	1	1
N11	N11.HOG0003842	0	0	0	0	0	1	1	0	0	0	0	0	0	0	1
N11	N11.HOG0003843	1	0	0	0	0	0	0	0	0	0	0	0	0	1	1
N11	N11.HOG0003844	0	1	1	1	1	1	2	1	1	1	1	1	1	1	1
N11	N11.HOG0003845	1	0	0	0	0	0	0	0	0	0	0	0	0	0	0
N11	N11.HOG0003846	0	0	0	0	0	0	0	0	0	0	0	0	0	1	1
N11	N11.HOG0003847	1	3	1	1	1	1	1	1	1	1	1	1	2	0	1
N11	N11.HOG0003848	2	1	1	1	1	1	1	1	1	1	1	1	2	2	1
N11	N11.HOG0003849	0	0	0	0	0	0	0	1	1	1	1	0	0	0	0
N11	N11.HOG0003850	1	0	0	0	0	0	1	1	1	1	0	0	0	1	0
N11	N11.HOG0003851	1	1	1	1	1	1	1	1	1	1	1	1	1	1	1
N11	N11.HOG0003852	1	1	1	1	1	1	1	1	1	1	1	1	1	1	1
N11	N11.HOG0003853	0	1	1	0	1	1	1	1	1	1	1	1	1	1	0
N11	N11.HOG0003854	0	1	1	0	1	1	0	1	1	1	1	1	1	1	0
N11	N11.HOG0003855	0	0	0	0	0	0	0	1	2	1	1	1	0	0	0
N11	N11.HOG0003856	1	1	1	1	2	1	1	1	1	1	1	1	2	1	1
N11	N11.HOG0003857	1	0	0	0	0	0	0	0	0	0	0	0	0	0	0
N11	N11.HOG0003858	0	1	0	1	0	0	1	1	1	1	0	1	1	1	1
N11	N11.HOG0003859	0	1	1	1	1	1	1	1	1	1	1	1	1	1	1
N11	N11.HOG0003860	1	2	1	1	2	1	1	1	1	1	1	1	1	1	1
N11	N11.HOG0003861	0	1	0	0	1	0	0	0	0	0	0	0	0	0	0
N11	N11.HOG0003862	0	1	0	0	1	1	1	0	0	0	0	0	1	1	1
N11	N11.HOG0003863	0	0	1	1	0	1	0	1	1	1	1	1	1	1	0
N11	N11.HOG0003864	0	0	0	0	0	0	0	0	0	0	0	0	0	0	1
N11	N11.HOG0003865	0	1	0	0	1	0	0	0	0	0	0	0	0	0	0
N11	N11.HOG0003866	0	1	0	0	0	0	0	0	0	0	0	0	0	0	0
N11	N11.HOG0003867	1	3	0	0	0	0	0	0	0	0	0	0	0	0	0
N11	N11.HOG0003868	1	0	0	0	0	0	0	0	0	0	0	0	0	0	1
N11	N11.HOG0003869	0	1	0	0	1	0	0	0	0	0	0	0	0	0	0
N11	N11.HOG0003870	0	1	0	0	1	0	0	0	0	0	0	0	0	0	0
N11	N11.HOG0003871	0	0	0	0	0	0	1	1	1	0	0	0	0	0	0
N11	N11.HOG0003872	1	0	0	0	0	0	0	0	0	1	0	0	1	1	0
N11	N11.HOG0003873	0	0	0	0	0	0	0	0	0	0	0	0	0	0	1
N11	N11.HOG0003874	0	1	1	1	1	1	1	1	1	0	1	1	0	0	0
N11	N11.HOG0003875	0	1	0	0	1	0	1	0	0	0	0	0	0	0	0
N11	N11.HOG0003876	0	0	0	0	1	0	0	0	0	0	0	0	0	0	0
N11	N11.HOG0003877	0	1	1	1	1	1	1	0	0	0	0	0	0	0	0
N11	N11.HOG0003878	0	0	0	0	0	0	0	0	0	0	0	0	1	1	0
N11	N11.HOG0003879	0	0	0	0	0	0	0	0	0	0	0	0	0	0	1
N11	N11.HOG0003880	1	1	1	1	1	1	1	1	1	1	1	1	1	1	1
N11	N11.HOG0003881	0	1	0	0	1	1	0	1	1	1	0	0	0	0	0
N11	N11.HOG0003882	0	1	0	0	0	0	0	0	0	0	0	0	0	0	0
N11	N11.HOG0003883	1	0	0	0	0	0	0	0	0	0	0	0	0	0	0
N11	N11.HOG0003884	0	1	1	1	1	1	1	1	1	1	1	1	1	1	1
N11	N11.HOG0003885	0	1	0	0	1	0	1	0	0	0	0	0	1	1	0
N11	N11.HOG0003886	0	1	0	0	1	0	0	0	0	0	0	0	0	0	0
N11	N11.HOG0003887	1	1	1	1	1	1	1	1	1	1	1	1	1	1	1
N11	N11.HOG0003888	0	2	1	1	1	1	1	1	1	1	1	1	1	1	1
N11	N11.HOG0003889	1	2	1	1	0	1	1	1	1	1	1	1	1	1	1
N11	N11.HOG0003890	0	0	1	1	1	0	0	1	1	0	1	0	1	1	1
N11	N11.HOG0003891	0	1	1	1	1	1	1	1	1	1	1	1	1	1	1
N11	N11.HOG0003892	1	2	1	1	1	1	1	1	1	1	1	1	1	1	1
N11	N11.HOG0003893	1	1	1	1	1	1	1	1	1	1	1	1	1	1	1
N11	N11.HOG0003894	0	0	1	1	0	1	1	1	1	1	0	1	0	1	0
N11	N11.HOG0003895	0	0	0	0	0	0	1	0	0	0	0	0	0	0	0
N11	N11.HOG0003896	0	0	1	1	0	1	0	1	1	1	1	1	0	1	0
N11	N11.HOG0003897	1	1	1	1	1	1	1	1	1	1	1	1	1	1	1
N11	N11.HOG0003898	0	1	1	1	1	1	1	1	1	1	1	1	1	1	0
N11	N11.HOG0003899	0	1	0	0	1	0	1	0	0	0	0	0	0	0	0
N11	N11.HOG0003900	0	0	0	0	0	0	0	0	0	0	0	1	0	0	0
N11	N11.HOG0003901	0	0	0	0	1	0	0	0	0	0	0	0	0	0	0
N11	N11.HOG0003902	1	1	1	1	1	2	2	2	2	2	2	2	2	2	1
N11	N11.HOG0003903	1	1	1	1	1	1	2	1	1	1	1	1	1	2	1
N11	N11.HOG0003904	0	0	0	0	0	0	1	1	1	0	0	1	1	1	0
N11	N11.HOG0003905	1	1	1	1	1	1	1	1	1	1	1	1	1	1	1
N11	N11.HOG0003906	0	2	2	0	1	1	1	0	1	1	1	0	0	0	0
N11	N11.HOG0003907	1	1	0	0	1	1	0	0	0	1	0	1	1	0	1
N11	N11.HOG0003908	0	0	0	0	1	0	1	0	0	0	0	0	1	0	0
N11	N11.HOG0003909	0	0	0	1	0	0	0	0	0	0	0	0	0	0	0
N11	N11.HOG0003910	0	0	0	1	0	0	1	0	0	0	0	0	0	0	0
N11	N11.HOG0003911	1	1	1	0	0	1	0	1	1	1	1	1	0	1	1
N11	N11.HOG0003912	1	2	1	1	1	1	2	1	1	1	1	1	2	2	2
N11	N11.HOG0003913	1	1	1	1	1	1	1	1	1	1	1	1	1	1	1
N11	N11.HOG0003914	1	1	1	1	1	1	2	1	1	1	1	1	1	1	1
N11	N11.HOG0003915	2	1	1	1	1	1	2	1	1	1	1	1	1	1	1
N11	N11.HOG0003916	0	0	0	0	0	0	1	1	1	1	1	1	1	1	1
N11	N11.HOG0003917	1	0	0	0	0	0	1	0	0	0	0	0	0	0	0
N11	N11.HOG0003918	1	0	0	0	0	0	0	0	0	0	0	0	1	0	0
N11	N11.HOG0003919	0	2	1	1	2	1	0	0	0	0	0	0	0	0	0
N11	N11.HOG0003920	1	1	1	1	1	1	1	1	1	1	1	1	1	1	1
N11	N11.HOG0003921	1	1	3	1	1	1	1	1	1	1	1	1	1	0	1
N11	N11.HOG0003922	0	1	0	1	1	1	0	0	0	1	1	1	1	0	0
N11	N11.HOG0003923	0	1	1	1	1	1	0	0	0	0	0	0	0	0	0
N11	N11.HOG0003924	0	0	0	1	0	0	0	0	0	0	0	0	0	0	1
N11	N11.HOG0003925	1	6	2	2	1	2	1	1	1	1	1	1	1	1	1
N11	N11.HOG0003926	0	0	1	1	1	1	1	1	1	1	1	1	0	1	1
N11	N11.HOG0003927	0	1	0	1	1	0	1	1	1	1	0	1	1	1	0
N11	N11.HOG0003928	0	0	0	0	0	0	0	0	0	0	0	0	0	0	1
N11	N11.HOG0003929	2	3	1	1	2	1	2	1	1	1	1	1	2	2	2
N11	N11.HOG0003930	0	1	0	0	0	0	0	0	0	0	0	0	1	0	0
N11	N11.HOG0003931	1	1	1	1	1	1	1	1	1	1	1	1	1	1	1
N11	N11.HOG0003932	0	0	1	0	0	1	0	1	1	1	0	0	1	0	0
N11	N11.HOG0003933	1	0	0	0	0	0	1	1	0	0	0	0	1	1	0
N11	N11.HOG0003934	1	1	1	1	1	1	0	1	1	1	1	1	1	1	1
N11	N11.HOG0003935	1	1	1	2	2	1	2	2	1	2	2	1	1	1	0
N11	N11.HOG0003936	3	2	1	1	2	1	2	1	1	1	1	1	1	1	1
N11	N11.HOG0003937	1	0	1	1	0	1	1	1	0	0	1	1	1	1	1
N11	N11.HOG0003938	0	1	0	1	1	1	0	1	1	2	1	1	1	0	0
N11	N11.HOG0003939	2	1	1	1	1	1	1	1	1	1	1	0	1	1	1
N11	N11.HOG0003940	1	0	1	1	1	1	1	1	1	1	1	1	1	1	0
N11	N11.HOG0003941	1	2	1	1	4	2	1	1	1	1	1	1	1	1	1
N11	N11.HOG0003942	1	2	0	0	0	1	1	0	0	0	0	0	1	1	1
N11	N11.HOG0003943	0	2	0	0	1	0	0	0	0	0	0	0	0	0	0
N11	N11.HOG0003944	0	1	0	1	0	0	0	0	1	1	0	1	0	0	0
N11	N11.HOG0003945	1	1	1	1	1	1	1	1	1	1	1	1	1	1	1
N11	N11.HOG0003946	0	0	0	0	1	0	0	0	0	0	0	0	0	0	0
N11	N11.HOG0003947	0	1	0	0	0	0	0	0	0	0	0	0	0	0	0
N11	N11.HOG0003948	0	1	0	0	0	0	0	0	0	0	0	0	0	0	0
N11	N11.HOG0003949	0	1	0	0	0	0	0	0	0	0	0	0	0	0	0
N11	N11.HOG0003950	1	1	1	1	1	1	1	1	1	1	1	1	1	1	1
N11	N11.HOG0003951	0	1	0	0	1	0	0	0	0	0	0	0	0	0	0
N11	N11.HOG0003952	0	0	1	1	0	0	0	1	1	1	1	1	0	0	0
N11	N11.HOG0003953	0	0	0	0	0	0	0	0	0	0	0	0	1	1	0
N11	N11.HOG0003954	0	1	0	0	0	0	0	0	0	0	0	0	0	0	0
N11	N11.HOG0003955	0	0	0	0	1	0	0	0	0	0	0	0	0	0	0
N11	N11.HOG0003956	1	0	0	0	0	0	0	0	0	0	0	0	0	0	1
N11	N11.HOG0003957	0	0	0	0	1	0	0	0	0	0	0	0	0	0	0
N11	N11.HOG0003958	0	0	0	0	0	1	0	0	0	0	0	0	0	0	0
N11	N11.HOG0003959	0	0	0	0	0	0	1	0	0	0	0	0	0	1	0
N11	N11.HOG0003960	1	1	0	0	1	1	0	0	0	0	0	0	1	0	0
N11	N11.HOG0003961	0	0	0	0	1	0	0	0	0	0	0	0	0	0	1
N11	N11.HOG0003962	2	1	1	1	1	1	1	1	1	1	1	1	1	1	1
N11	N11.HOG0003963	1	1	1	0	1	1	1	1	1	1	1	1	1	1	1
N11	N11.HOG0003964	1	2	1	1	1	1	0	1	1	1	1	1	1	1	1
N11	N11.HOG0003965	0	3	0	0	0	0	1	1	0	1	1	1	1	1	0
N11	N11.HOG0003966	1	1	1	1	1	1	1	1	1	1	1	1	1	1	1
N11	N11.HOG0003967	1	1	1	1	1	1	1	1	1	1	1	1	1	1	1
N11	N11.HOG0003968	0	0	1	0	1	1	0	1	1	1	0	0	1	0	0
N11	N11.HOG0003969	1	1	1	1	1	1	1	1	1	1	1	1	0	1	1
N11	N11.HOG0003970	0	1	1	1	1	1	1	1	1	1	1	1	1	1	1
N11	N11.HOG0003971	1	2	1	1	2	1	1	1	1	1	1	1	2	1	1
N11	N11.HOG0003972	1	1	1	1	1	1	1	1	1	1	1	1	0	1	1
N11	N11.HOG0003973	0	1	1	1	0	1	0	0	0	0	1	1	0	0	0
N11	N11.HOG0003974	0	1	0	1	1	1	1	1	1	2	1	1	1	1	1
N11	N11.HOG0003975	1	1	1	1	1	1	1	1	1	1	1	1	0	1	0
N11	N11.HOG0003976	1	1	0	0	1	0	0	0	0	0	0	0	1	0	1
N11	N11.HOG0003977	0	1	0	0	1	0	0	0	0	0	0	0	0	0	0
N11	N11.HOG0003978	0	0	0	0	0	0	1	1	1	1	1	1	0	1	0
N11	N11.HOG0003979	0	1	1	0	0	0	0	0	0	0	0	0	0	0	0
N11	N11.HOG0003980	0	1	1	1	1	2	0	0	0	0	0	0	1	0	0
N11	N11.HOG0003981	0	0	0	0	0	0	0	0	0	0	1	0	0	0	0
N11	N11.HOG0003982	0	0	0	0	0	0	0	0	0	2	4	3	0	0	0
N11	N11.HOG0003983	0	0	0	0	0	0	0	0	0	0	0	1	0	0	0
N11	N11.HOG0003984	0	0	1	0	0	0	0	0	0	2	12	5	0	0	0
N11	N11.HOG0003985	1	0	1	1	0	1	0	1	1	1	1	1	1	1	0
N11	N11.HOG0003986	0	1	0	0	0	0	0	0	0	0	0	0	0	0	0
N11	N11.HOG0003987	0	1	0	0	1	0	0	0	0	0	0	0	0	0	0
N11	N11.HOG0003988	0	1	0	0	2	0	1	0	0	0	0	0	0	0	0
N11	N11.HOG0003989	0	1	0	0	2	1	1	0	0	0	0	0	0	1	1
N11	N11.HOG0003990	0	0	0	0	0	0	0	0	0	1	1	0	0	0	0
N11	N11.HOG0003991	1	0	0	0	0	0	0	0	0	0	0	0	0	0	0
N11	N11.HOG0003992	0	1	1	1	1	1	1	1	1	0	0	0	1	1	0
N11	N11.HOG0003993	1	1	1	0	1	1	1	1	1	1	1	1	1	1	1
N11	N11.HOG0003994	2	0	1	0	0	0	0	0	0	0	0	0	0	0	1
N11	N11.HOG0003995	2	2	1	1	2	2	2	1	2	2	1	1	2	2	2
N11	N11.HOG0003996	0	1	0	0	1	0	0	0	0	0	0	0	0	1	0
N11	N11.HOG0003997	1	1	0	1	1	0	1	1	1	1	1	1	0	0	1
N11	N11.HOG0003998	0	1	1	0	2	1	1	0	0	1	1	1	1	1	0
N11	N11.HOG0003999	1	1	1	1	1	1	1	1	1	1	1	1	1	1	2
N11	N11.HOG0004000	0	1	1	1	1	1	1	1	1	1	1	1	0	0	2
N11	N11.HOG0004001	1	0	1	0	1	0	1	0	0	0	0	0	1	1	1
N11	N11.HOG0004002	1	1	1	1	1	1	1	1	1	1	1	1	1	1	1
N11	N11.HOG0004003	0	0	0	1	0	0	0	1	1	1	1	1	0	0	0
N11	N11.HOG0004004	1	1	1	1	1	1	1	1	1	1	1	1	1	1	1
N11	N11.HOG0004005	0	1	1	1	2	1	1	1	1	2	2	2	1	1	1
N11	N11.HOG0004006	0	0	0	0	1	0	0	0	1	0	0	0	0	0	1
N11	N11.HOG0004007	1	1	0	1	0	1	1	1	1	1	1	1	1	1	0
N11	N11.HOG0004008	1	1	1	0	1	0	1	0	0	0	0	0	1	1	1
N11	N11.HOG0004009	0	0	0	0	1	1	0	0	0	0	0	0	0	0	1
N11	N11.HOG0004010	1	1	1	1	1	1	1	1	1	1	1	1	1	1	1
N11	N11.HOG0004011	2	2	1	1	1	1	1	1	1	1	1	1	1	1	4
N11	N11.HOG0004012	1	1	0	0	0	0	0	0	0	0	0	0	0	0	0
N11	N11.HOG0004013	0	1	1	1	1	1	1	1	1	1	1	1	1	1	1
N11	N11.HOG0004014	2	0	0	0	0	0	0	0	0	0	0	0	0	0	0
N11	N11.HOG0004015	3	1	1	1	2	1	2	1	1	1	1	1	2	3	1
N11	N11.HOG0004016	0	1	0	0	1	0	0	0	0	0	0	0	1	1	1
N11	N11.HOG0004017	0	1	0	0	1	0	0	0	0	0	0	0	0	0	0
N11	N11.HOG0004018	0	0	1	1	1	1	1	1	1	1	1	1	1	1	0
N11	N11.HOG0004019	1	1	1	1	1	1	1	1	1	1	1	1	1	1	1
N11	N11.HOG0004020	1	2	0	0	1	0	1	0	0	0	0	0	1	1	1
N11	N11.HOG0004021	0	1	0	0	0	0	0	1	0	0	0	0	0	0	0
N11	N11.HOG0004022	1	0	1	1	1	1	1	1	1	1	1	1	1	1	1
N11	N11.HOG0004023	1	0	1	1	0	1	1	1	1	1	0	1	0	1	1
N11	N11.HOG0004024	1	1	1	1	1	1	1	1	1	1	1	0	1	1	1
N11	N11.HOG0004025	1	2	2	3	3	3	2	2	1	3	3	3	4	4	4
N11	N11.HOG0004026	1	0	0	0	0	0	0	0	0	0	0	0	0	0	0
N11	N11.HOG0004027	0	1	0	1	2	0	0	0	0	0	0	0	1	0	1
N11	N11.HOG0004028	1	1	1	1	1	1	1	1	1	1	1	1	1	1	1
N11	N11.HOG0004029	1	1	1	1	1	1	1	1	1	1	1	1	2	2	2
N11	N11.HOG0004030	1	1	0	1	1	0	1	1	0	1	0	1	0	0	0
N11	N11.HOG0004031	0	0	0	0	0	0	0	0	0	0	0	0	0	1	0
N11	N11.HOG0004032	1	1	1	1	1	1	1	1	1	1	1	1	1	1	1
N11	N11.HOG0004033	1	1	1	1	0	1	1	1	1	1	1	1	1	1	1
N11	N11.HOG0004034	0	1	0	0	0	0	1	0	0	0	0	0	0	0	0
N11	N11.HOG0004035	1	3	1	2	2	1	1	2	1	2	2	2	2	2	3
N11	N11.HOG0004036	1	4	1	2	3	1	2	2	2	1	1	1	1	2	1
N11	N11.HOG0004037	0	1	0	0	0	0	0	0	0	0	0	0	0	0	0
N11	N11.HOG0004038	0	0	0	0	0	0	3	1	1	1	1	1	1	1	2
N11	N11.HOG0004039	0	1	0	0	0	0	0	0	0	0	0	0	0	0	0
N11	N11.HOG0004040	0	1	1	1	2	1	0	0	0	0	0	0	0	0	0
N11	N11.HOG0004041	0	2	1	0	2	2	0	0	0	0	0	0	0	0	0
N11	N11.HOG0004042	2	1	1	1	1	1	0	1	1	1	1	1	2	1	1
N11	N11.HOG0004043	1	1	0	1	1	1	1	1	1	1	1	1	1	1	1
N11	N11.HOG0004044	1	1	1	1	1	1	1	1	1	1	1	1	1	1	1
N11	N11.HOG0004045	0	1	1	0	1	1	0	1	1	1	1	1	0	0	1
N11	N11.HOG0004046	1	1	1	1	1	1	1	1	1	1	1	1	1	1	1
N11	N11.HOG0004047	0	1	1	1	1	1	1	1	1	1	1	1	0	1	0
N11	N11.HOG0004048	0	1	1	1	1	1	0	1	1	1	1	1	0	0	0
N11	N11.HOG0004049	1	0	2	1	1	1	1	1	1	1	1	1	1	7	6
N11	N11.HOG0004050	0	0	0	0	0	0	0	0	0	0	0	0	0	0	1
N11	N11.HOG0004051	1	2	1	1	1	1	1	1	1	1	1	1	1	1	1
N11	N11.HOG0004052	2	1	1	1	1	1	2	1	1	1	1	1	1	1	1
N11	N11.HOG0004053	0	2	0	1	2	1	2	1	1	1	1	1	2	1	3
N11	N11.HOG0004054	1	1	1	1	1	1	1	1	1	1	1	1	1	1	1
N11	N11.HOG0004055	1	1	1	1	0	1	1	1	1	1	1	1	1	1	1
N11	N11.HOG0004056	1	1	1	2	2	1	1	2	2	2	2	2	1	1	1
N11	N11.HOG0004057	1	1	1	2	1	1	1	2	2	2	2	2	1	1	1
N11	N11.HOG0004058	0	0	0	0	0	0	0	1	0	1	1	0	0	0	0
N11	N11.HOG0004059	1	0	0	0	0	0	0	0	0	0	0	0	0	0	0
N11	N11.HOG0004060	0	1	1	0	1	1	1	0	1	0	0	1	1	1	1
N11	N11.HOG0004061	1	0	1	1	1	1	1	1	1	1	1	1	1	3	1
N11	N11.HOG0004062	2	2	1	1	1	1	1	1	1	1	1	1	1	2	3
N11	N11.HOG0004063	1	0	1	1	0	1	0	1	1	1	1	1	1	0	1
N11	N11.HOG0004064	0	1	0	0	1	0	1	0	0	0	0	0	0	0	0
N11	N11.HOG0004065	0	1	0	0	0	0	0	0	0	0	0	0	0	0	0
N11	N11.HOG0004066	0	1	0	0	1	0	1	0	0	0	0	0	0	0	0
N11	N11.HOG0004067	0	0	0	0	0	0	1	0	0	0	0	0	1	1	0
N11	N11.HOG0004068	1	1	0	0	1	0	1	0	0	0	0	0	0	0	2
N11	N11.HOG0004069	1	3	1	2	1	1	1	1	1	1	1	1	1	1	2
N11	N11.HOG0004070	0	1	1	1	1	1	2	1	1	0	0	1	3	1	1
N11	N11.HOG0004071	1	0	0	0	0	0	1	0	0	0	0	0	0	0	0
N11	N11.HOG0004072	1	0	0	0	0	0	0	0	0	0	0	0	0	0	0
N11	N11.HOG0004073	0	0	0	0	0	0	1	0	0	0	0	0	0	0	0
N11	N11.HOG0004074	1	1	1	1	1	1	2	2	2	1	1	1	1	1	1
N11	N11.HOG0004075	1	2	1	1	1	1	1	1	1	0	0	0	0	0	1
N11	N11.HOG0004076	1	1	1	1	1	1	1	1	1	1	1	1	1	1	1
N11	N11.HOG0004077	0	1	0	0	0	0	1	0	0	0	0	0	1	0	0
N11	N11.HOG0004078	1	2	1	1	2	1	0	1	1	1	1	1	1	1	1
N11	N11.HOG0004079	1	0	0	0	0	0	0	0	0	0	0	0	0	1	0
N11	N11.HOG0004080	1	1	1	1	1	1	1	1	1	1	1	1	1	1	1
N11	N11.HOG0004081	1	1	1	1	1	1	1	1	1	1	1	1	1	1	1
N11	N11.HOG0004082	1	0	0	0	0	0	1	0	0	0	0	0	1	1	1
N11	N11.HOG0004083	1	0	1	1	1	1	1	1	1	1	1	1	1	0	1
N11	N11.HOG0004084	0	0	0	0	0	0	0	0	0	0	0	0	0	1	0
N11	N11.HOG0004085	0	0	0	0	0	0	0	0	0	1	1	0	0	0	0
N11	N11.HOG0004086	0	0	0	0	0	0	0	1	1	0	0	0	0	0	0
N11	N11.HOG0004087	0	2	0	0	0	0	0	0	0	0	0	0	1	0	0
N11	N11.HOG0004088	0	0	0	0	1	1	0	0	0	0	0	0	0	0	0
N11	N11.HOG0004089	0	1	0	0	2	0	1	0	0	0	0	1	0	1	1
N11	N11.HOG0004090	0	1	0	1	1	0	1	0	0	0	0	1	1	1	1
N11	N11.HOG0004091	0	2	2	2	2	2	1	2	2	2	2	2	1	2	1
N11	N11.HOG0004092	1	0	0	1	0	0	0	1	1	1	0	1	1	1	0
N11	N11.HOG0004093	1	1	1	1	1	1	1	1	1	1	1	1	1	0	0
N11	N11.HOG0004094	1	0	0	0	0	0	0	1	1	1	1	1	0	0	0
N11	N11.HOG0004095	0	1	0	0	0	0	0	0	0	0	0	0	0	0	0
N11	N11.HOG0004096	0	0	0	0	0	0	0	0	0	0	0	0	0	0	1
N11	N11.HOG0004097	0	1	1	1	1	1	0	0	0	0	0	0	0	0	0
N11	N11.HOG0004098	0	0	0	0	0	0	1	0	0	0	0	0	1	1	0
N11	N11.HOG0004099	0	0	1	1	0	1	0	0	0	0	0	0	0	0	0
N11	N11.HOG0004100	1	0	0	0	1	0	0	0	0	0	0	0	0	0	0
N11	N11.HOG0004101	1	5	0	0	1	0	2	1	1	1	1	1	1	3	2
N11	N11.HOG0004102	1	1	1	1	1	1	1	1	1	1	1	1	1	1	1
N11	N11.HOG0004103	1	0	1	1	0	1	1	1	1	1	1	1	1	1	1
N11	N11.HOG0004104	1	1	1	1	1	1	1	1	1	1	1	1	1	1	1
N11	N11.HOG0004105	0	1	1	0	1	1	1	0	1	0	1	1	0	0	0
N11	N11.HOG0004106	0	1	1	1	0	1	1	1	1	1	1	1	1	1	1
N11	N11.HOG0004107	0	1	1	1	1	1	1	1	1	1	1	1	1	1	1
N11	N11.HOG0004108	1	1	1	1	1	1	1	1	1	1	1	1	1	1	1
N11	N11.HOG0004109	1	2	1	2	2	1	1	2	2	2	2	0	2	1	1
N11	N11.HOG0004110	1	1	1	1	1	1	1	1	1	1	1	1	1	1	1
N11	N11.HOG0004111	0	1	0	1	1	0	0	0	0	0	0	0	0	0	0
N11	N11.HOG0004112	0	1	0	0	1	0	1	0	0	0	0	0	1	0	0
N11	N11.HOG0004113	1	1	1	1	1	1	1	1	1	1	1	1	1	2	1
N11	N11.HOG0004114	1	1	1	1	1	1	1	1	1	1	1	1	1	2	1
N11	N11.HOG0004115	1	1	1	1	1	1	1	1	1	1	1	1	1	1	1
N11	N11.HOG0004116	0	1	1	0	1	0	0	0	1	0	0	0	0	0	0
N11	N11.HOG0004117	1	1	1	1	1	1	1	1	1	1	1	1	1	1	1
N11	N11.HOG0004118	0	1	1	1	2	1	0	0	0	0	0	0	0	0	0
N11	N11.HOG0004119	0	0	0	0	2	0	0	0	0	0	0	0	0	1	0
N11	N11.HOG0004120	0	1	0	0	2	0	0	0	0	0	0	0	0	0	0
N11	N11.HOG0004121	1	0	0	0	0	0	0	1	1	1	1	1	1	0	1
N11	N11.HOG0004122	0	0	0	0	2	0	1	0	0	0	0	0	0	1	0
N11	N11.HOG0004123	1	1	1	1	1	1	1	1	1	1	1	1	1	1	1
N11	N11.HOG0004124	1	0	1	1	0	1	1	1	2	1	1	1	1	1	1
N11	N11.HOG0004125	0	2	1	1	1	1	1	1	1	1	1	1	1	1	1
N11	N11.HOG0004126	0	0	0	0	1	0	0	0	0	0	0	0	0	0	0
N11	N11.HOG0004127	0	1	1	1	1	1	1	1	1	1	1	1	1	1	1
N11	N11.HOG0004128	0	4	2	3	3	1	3	2	2	3	2	1	3	3	0
N11	N11.HOG0004129	0	1	1	0	0	0	0	0	0	0	0	1	0	0	0
N11	N11.HOG0004130	1	1	1	1	1	1	1	1	1	1	1	1	1	1	1
N11	N11.HOG0004131	0	1	0	0	2	1	0	0	0	0	0	0	0	0	0
N11	N11.HOG0004132	0	1	0	0	2	0	0	0	0	0	0	0	1	1	0
N11	N11.HOG0004133	0	0	0	0	1	0	0	0	0	0	0	0	0	0	0
N11	N11.HOG0004134	0	0	0	0	1	1	0	0	0	0	0	0	1	1	0
N11	N11.HOG0004135	1	1	1	1	1	1	1	1	1	1	1	1	1	1	1
N11	N11.HOG0004136	0	1	1	1	1	1	1	1	1	1	1	1	1	0	1
N11	N11.HOG0004137	1	1	1	1	1	1	1	1	1	1	1	1	1	1	1
N11	N11.HOG0004138	1	1	1	1	1	1	1	2	2	2	2	2	1	1	1
N11	N11.HOG0004139	0	1	1	1	1	0	0	0	0	0	0	0	0	0	0
N11	N11.HOG0004140	0	1	1	1	1	1	1	1	0	1	1	1	1	0	1
N11	N11.HOG0004141	0	1	0	0	1	0	1	0	0	0	0	0	0	0	0
N11	N11.HOG0004142	0	1	0	0	0	0	0	0	0	1	0	0	0	1	0
N11	N11.HOG0004143	1	2	1	1	1	1	3	1	1	1	1	1	3	3	2
N11	N11.HOG0004144	1	1	0	1	1	1	1	1	0	1	1	1	1	1	1
N11	N11.HOG0004145	0	1	1	1	1	0	0	1	1	1	1	1	0	0	1
N11	N11.HOG0004146	1	0	0	0	0	0	0	0	0	0	0	0	0	0	0
N11	N11.HOG0004147	1	2	1	1	0	1	2	2	2	2	2	2	2	2	2
N11	N11.HOG0004148	0	0	0	0	0	0	0	0	0	0	0	0	1	0	0
N11	N11.HOG0004149	1	1	1	1	1	1	1	1	1	1	1	1	1	1	1
N11	N11.HOG0004150	0	2	0	0	1	1	2	0	0	0	0	0	0	1	1
N11	N11.HOG0004151	1	1	1	1	1	1	1	1	1	2	2	2	1	1	5
N11	N11.HOG0004152	1	0	1	1	1	1	0	1	1	1	1	1	0	1	1
N11	N11.HOG0004153	0	1	0	0	0	0	0	0	0	0	0	0	0	0	0
N11	N11.HOG0004154	0	2	0	0	0	0	2	0	0	0	0	0	2	0	0
N11	N11.HOG0004155	1	1	1	1	1	1	1	1	1	1	1	1	1	1	1
N11	N11.HOG0004156	1	2	1	1	1	1	1	1	1	1	1	1	1	1	1
N11	N11.HOG0004157	0	0	0	0	0	0	0	0	0	0	0	0	0	1	0
N11	N11.HOG0004158	0	2	0	0	0	0	0	0	0	0	0	0	0	0	0
N11	N11.HOG0004159	1	2	1	0	1	1	1	1	1	1	1	1	1	1	1
N11	N11.HOG0004160	1	1	1	1	1	1	1	1	1	1	1	1	1	1	1
N11	N11.HOG0004161	1	2	1	1	2	0	1	0	1	1	1	1	3	1	1
N11	N11.HOG0004162	1	1	1	1	2	1	2	1	1	1	1	1	1	1	1
N11	N11.HOG0004163	0	0	0	0	1	0	0	0	0	0	0	0	0	0	0
N11	N11.HOG0004164	1	1	2	1	1	2	2	1	0	2	2	1	1	2	2
N11	N11.HOG0004165	1	1	2	1	1	1	1	1	1	1	1	1	1	1	1
N11	N11.HOG0004166	1	2	1	1	1	1	2	1	1	1	1	1	1	1	1
N11	N11.HOG0004167	1	0	1	1	2	1	1	1	1	1	1	1	2	1	1
N11	N11.HOG0004168	0	1	0	0	0	0	0	0	0	0	0	0	0	0	0
N11	N11.HOG0004169	1	1	1	1	1	0	1	1	1	1	1	1	1	1	1
N11	N11.HOG0004170	0	1	0	0	1	0	1	0	0	0	0	0	1	0	0
N11	N11.HOG0004171	1	1	0	0	1	0	1	0	0	0	0	0	1	1	1
N11	N11.HOG0004172	1	1	1	1	1	1	1	1	1	1	1	1	1	1	1
N11	N11.HOG0004173	0	1	0	0	1	0	1	0	0	0	0	0	0	0	0
N11	N11.HOG0004174	0	0	1	1	1	1	1	1	1	1	1	1	0	0	0
N11	N11.HOG0004175	1	1	1	1	2	1	2	1	1	1	1	1	1	1	1
N11	N11.HOG0004176	0	1	0	0	1	0	1	0	0	1	0	0	0	1	0
N11	N11.HOG0004177	1	1	1	1	1	1	1	1	1	1	1	1	1	1	1
N11	N11.HOG0004178	0	1	1	1	0	0	0	0	0	1	0	1	1	1	0
N11	N11.HOG0004179	1	1	1	1	0	0	1	1	1	1	1	1	1	1	0
N11	N11.HOG0004180	0	1	0	0	2	0	1	0	0	0	0	1	0	0	0
N11	N11.HOG0004181	0	0	1	1	1	0	1	0	0	0	0	0	0	0	0
N11	N11.HOG0004182	1	1	1	1	1	1	1	1	1	1	1	1	1	1	1
N11	N11.HOG0004183	0	1	0	1	0	0	1	0	0	0	0	0	1	1	0
N11	N11.HOG0004184	1	1	1	1	1	1	1	1	1	1	1	1	1	1	1
N11	N11.HOG0004185	1	1	1	1	1	1	0	1	1	1	1	1	1	1	1
N11	N11.HOG0004186	0	1	1	0	1	0	1	0	0	0	1	0	1	0	0
N11	N11.HOG0004187	1	0	1	1	1	1	1	1	1	1	1	1	1	1	0
N11	N11.HOG0004188	0	0	0	1	1	1	0	0	0	0	0	0	0	0	0
N11	N11.HOG0004189	0	0	0	0	0	0	0	0	0	1	0	1	1	1	1
N11	N11.HOG0004190	0	1	0	1	1	1	0	0	0	0	0	0	0	0	0
N11	N11.HOG0004191	1	1	1	1	1	0	1	1	0	0	1	0	0	1	1
N11	N11.HOG0004192	0	2	1	1	2	1	1	1	1	1	1	1	1	1	0
N11	N11.HOG0004193	1	3	1	1	4	1	1	1	1	1	1	1	1	1	1
N11	N11.HOG0004194	1	1	1	1	1	1	1	1	1	1	1	1	1	1	2
N11	N11.HOG0004195	0	1	0	0	2	1	0	0	0	0	0	0	0	0	0
N11	N11.HOG0004196	0	1	0	0	1	0	0	0	0	0	0	0	0	0	0
N11	N11.HOG0004197	1	1	1	1	1	1	1	1	1	1	1	1	1	1	1
N11	N11.HOG0004198	0	0	1	0	1	1	2	1	1	1	1	2	1	1	0
N11	N11.HOG0004199	0	0	2	0	0	0	0	0	0	0	0	0	0	0	0
N11	N11.HOG0004200	0	0	1	0	0	0	0	0	0	0	0	0	0	0	0
N11	N11.HOG0004201	1	0	0	0	0	0	0	1	1	0	0	0	0	0	0
N11	N11.HOG0004202	0	2	0	0	1	0	0	0	0	0	0	1	1	1	0
N11	N11.HOG0004203	0	0	0	0	0	0	0	0	0	1	1	1	0	0	0
N11	N11.HOG0004204	0	0	0	1	0	1	0	0	0	0	0	0	0	0	0
N11	N11.HOG0004205	0	3	0	0	2	0	1	0	0	0	0	0	1	1	0
N11	N11.HOG0004206	0	1	0	0	1	0	1	0	0	0	0	0	1	0	0
N11	N11.HOG0004207	0	2	0	0	0	0	0	0	0	0	0	0	0	0	0
N11	N11.HOG0004208	0	0	0	0	1	0	1	0	0	0	0	0	1	1	1
N11	N11.HOG0004209	1	0	1	1	0	1	1	1	1	1	1	1	1	1	1
N11	N11.HOG0004210	0	1	0	0	1	0	0	0	0	0	0	0	0	0	0
N11	N11.HOG0004211	0	1	0	0	0	0	0	0	0	0	0	0	0	0	0
N11	N11.HOG0004212	0	1	0	0	0	0	0	0	0	0	0	0	0	0	0
N11	N11.HOG0004213	0	1	0	0	0	0	0	0	0	0	0	0	0	0	0
N11	N11.HOG0004214	0	2	0	0	1	0	0	0	0	0	0	0	0	0	0
N11	N11.HOG0004215	1	4	1	1	2	1	1	1	1	1	1	1	1	2	1
N11	N11.HOG0004216	1	2	1	1	1	1	1	1	1	1	1	1	2	1	1
N11	N11.HOG0004217	1	1	1	1	1	1	1	1	1	1	1	1	1	1	1
N11	N11.HOG0004218	0	1	0	1	1	0	0	0	0	1	1	1	0	0	0
N11	N11.HOG0004219	1	1	1	1	1	1	1	1	1	1	1	1	2	1	1
N11	N11.HOG0004220	1	0	0	0	0	0	0	0	0	0	0	0	0	0	0
N11	N11.HOG0004221	1	0	0	0	0	0	0	1	0	0	0	0	0	0	0
N11	N11.HOG0004222	1	1	1	1	1	1	1	1	1	1	1	1	1	1	1
N11	N11.HOG0004223	0	4	1	1	1	2	2	1	1	2	2	2	1	1	1
N11	N11.HOG0004224	1	0	0	0	0	0	0	1	1	1	1	1	0	0	0
N11	N11.HOG0004225	0	1	1	1	1	1	1	0	0	0	0	0	1	1	1
N11	N11.HOG0004226	0	1	1	1	1	1	1	0	0	0	0	0	1	1	1
N11	N11.HOG0004227	1	1	1	1	1	1	1	1	1	1	1	1	0	1	1
N11	N11.HOG0004228	1	1	1	0	1	0	1	1	1	1	1	1	1	1	1
N11	N11.HOG0004229	1	1	1	1	1	1	1	1	1	1	1	1	1	1	1
N11	N11.HOG0004230	1	1	1	1	1	1	1	1	1	3	3	2	1	2	1
N11	N11.HOG0004231	1	1	1	1	1	1	2	2	2	1	1	1	4	2	2
N11	N11.HOG0004232	1	1	1	1	5	1	3	1	1	1	1	1	1	1	1
N11	N11.HOG0004233	1	0	1	1	0	1	1	1	1	2	2	1	1	2	1
N11	N11.HOG0004234	3	0	0	1	1	0	1	0	0	1	0	0	0	0	0
N11	N11.HOG0004235	1	1	1	1	1	1	1	1	1	1	1	1	1	1	1
N11	N11.HOG0004236	0	1	0	0	0	0	0	0	0	0	0	0	0	0	0
N11	N11.HOG0004237	1	2	1	1	2	2	1	1	1	1	1	1	1	1	1
N11	N11.HOG0004238	1	2	1	1	2	1	1	1	1	1	1	1	2	1	1
N11	N11.HOG0004239	0	1	0	0	0	0	1	0	0	0	0	0	0	0	0
N11	N11.HOG0004240	2	1	1	1	1	1	1	1	1	1	1	1	1	1	1
N11	N11.HOG0004241	0	1	0	0	1	0	0	0	0	0	0	0	0	0	0
N11	N11.HOG0004242	0	1	1	1	1	1	1	1	1	1	1	1	1	1	1
N11	N11.HOG0004243	0	1	0	0	1	0	1	0	0	0	0	0	0	0	0
N11	N11.HOG0004244	0	0	0	0	0	0	0	0	0	1	1	1	0	0	0
N11	N11.HOG0004245	0	1	0	0	1	0	1	0	0	0	0	0	0	1	0
N11	N11.HOG0004246	1	2	1	1	2	1	1	1	1	0	0	0	1	1	2
N11	N11.HOG0004247	1	2	1	1	3	1	1	1	1	1	1	1	1	1	1
N11	N11.HOG0004248	1	1	1	2	1	1	1	2	1	2	1	1	1	2	1
N11	N11.HOG0004249	1	0	0	0	0	0	1	0	0	0	0	0	1	1	0
N11	N11.HOG0004250	1	1	0	1	1	0	0	1	1	1	1	1	0	1	1
N11	N11.HOG0004251	0	1	1	0	0	1	0	0	0	0	0	0	0	0	0
N11	N11.HOG0004252	1	1	1	1	1	1	1	1	1	2	2	2	2	2	2
N11	N11.HOG0004253	0	3	2	1	2	1	2	1	1	1	1	1	2	1	0
N11	N11.HOG0004254	1	0	0	0	1	0	1	1	1	1	1	1	1	1	1
N11	N11.HOG0004255	0	1	0	0	2	0	0	0	0	0	0	0	0	0	0
N11	N11.HOG0004256	1	2	1	1	2	1	2	1	1	1	1	1	2	2	2
N11	N11.HOG0004257	1	1	0	0	1	0	0	0	0	0	0	0	0	0	0
N11	N11.HOG0004258	0	1	0	0	1	0	0	0	0	0	0	0	0	0	0
N11	N11.HOG0004259	1	1	1	1	1	1	1	1	1	1	0	1	1	1	1
N11	N11.HOG0004260	0	0	0	0	1	0	0	0	0	0	1	0	0	0	1
N11	N11.HOG0004261	0	1	1	1	0	1	1	1	1	2	2	2	1	1	1
N11	N11.HOG0004262	1	1	1	1	1	1	1	1	1	1	1	1	1	1	1
N11	N11.HOG0004263	1	0	0	0	0	0	0	0	0	0	0	0	0	0	0
N11	N11.HOG0004264	2	1	2	1	1	2	3	1	1	1	1	1	1	1	1
N11	N11.HOG0004265	0	1	0	0	1	0	0	0	0	0	0	0	0	0	0
N11	N11.HOG0004266	1	1	1	1	2	1	1	1	1	1	1	1	1	1	2
N11	N11.HOG0004267	1	1	1	1	1	1	1	1	1	1	1	1	0	1	1
N11	N11.HOG0004268	1	0	1	1	0	1	1	1	1	1	1	1	1	1	1
N11	N11.HOG0004269	1	1	1	0	0	1	1	0	0	0	0	0	1	0	0
N11	N11.HOG0004271	1	1	1	1	1	1	1	1	1	1	1	1	1	1	1
N11	N11.HOG0004272	1	0	0	0	0	0	1	0	0	0	0	0	0	1	0
N11	N11.HOG0004273	0	2	1	1	2	1	1	1	1	1	1	1	2	1	2
N11	N11.HOG0004274	1	1	1	1	1	1	1	1	1	1	1	1	1	1	1
N11	N11.HOG0004275	1	5	1	2	2	2	2	2	2	2	2	2	2	2	2
N11	N11.HOG0004276	1	1	1	1	1	1	1	1	1	2	2	2	1	1	1
N11	N11.HOG0004277	0	0	1	1	1	1	0	0	0	0	0	0	0	0	0
N11	N11.HOG0004278	1	0	1	1	1	1	1	1	1	1	1	1	1	1	1
N11	N11.HOG0004279	1	1	1	1	1	1	1	1	1	1	1	1	1	1	1
N11	N11.HOG0004280	1	1	1	1	1	1	1	1	1	1	1	1	1	1	1
N11	N11.HOG0004281	1	1	1	1	4	1	1	1	1	1	1	1	1	1	1
N11	N11.HOG0004282	1	1	1	1	1	1	1	1	1	1	1	1	1	1	1
N11	N11.HOG0004283	0	1	1	1	1	1	1	1	0	1	1	1	1	1	1
N11	N11.HOG0004284	1	1	1	1	1	1	1	1	1	1	1	1	1	1	1
N11	N11.HOG0004285	1	1	1	1	3	1	3	1	1	1	1	1	3	1	2
N11	N11.HOG0004286	0	0	1	1	1	1	1	1	0	1	1	1	1	0	0
N11	N11.HOG0004287	1	2	1	1	1	1	1	1	1	1	1	1	1	1	1
N11	N11.HOG0004288	2	1	1	1	1	1	1	1	1	1	1	1	2	2	2
N11	N11.HOG0004289	0	0	0	0	1	1	0	0	0	1	1	1	0	1	0
N11	N11.HOG0004290	0	0	0	0	1	0	0	0	0	0	0	0	0	0	0
N11	N11.HOG0004291	0	0	0	0	0	0	1	1	1	0	0	0	0	0	0
N11	N11.HOG0004292	1	2	1	1	1	1	2	2	2	2	2	2	3	2	2
N11	N11.HOG0004293	1	2	1	1	1	1	1	1	1	1	1	1	1	1	1
N11	N11.HOG0004294	0	1	0	0	0	0	0	0	0	0	0	0	0	0	0
N11	N11.HOG0004295	1	1	1	1	4	1	2	1	1	1	1	1	1	2	1
N11	N11.HOG0004296	0	2	0	0	0	0	0	0	0	0	0	0	0	0	0
N11	N11.HOG0004297	0	1	0	0	0	0	0	0	0	0	0	0	0	0	1
N11	N11.HOG0004298	0	1	1	1	2	1	1	1	1	1	1	1	1	2	1
N11	N11.HOG0004299	1	1	1	1	1	2	1	1	1	1	1	1	1	1	1
N11	N11.HOG0004300	0	0	1	0	1	0	1	0	0	1	1	1	0	0	1
N11	N11.HOG0004301	0	1	1	0	1	1	0	1	1	0	1	0	1	1	0
N11	N11.HOG0004302	1	1	1	1	1	1	1	1	1	1	1	1	1	1	1
N11	N11.HOG0004303	1	2	2	2	2	2	2	2	2	2	3	2	2	4	3
N11	N11.HOG0004304	1	0	1	1	0	1	1	1	1	1	1	1	1	0	1
N11	N11.HOG0004305	1	2	1	1	1	1	1	1	1	1	1	0	1	1	1
N11	N11.HOG0004306	1	1	1	1	1	1	1	1	1	1	1	1	1	1	1
N11	N11.HOG0004307	1	2	1	1	2	2	1	1	1	1	1	1	2	1	1
N11	N11.HOG0004308	1	1	2	2	2	2	2	2	1	2	1	2	2	2	2
N11	N11.HOG0004309	0	2	0	0	1	0	0	0	0	0	0	0	0	0	0
N11	N11.HOG0004310	0	3	0	0	2	0	0	0	0	0	0	0	0	0	0
N11	N11.HOG0004311	0	7	0	0	0	0	0	0	0	0	0	0	0	0	0
N11	N11.HOG0004312	0	0	1	2	0	0	0	0	0	0	0	0	1	1	0
N11	N11.HOG0004313	0	0	1	0	3	0	0	0	0	0	0	0	0	0	0
N11	N11.HOG0004314	0	0	0	0	1	0	0	0	0	1	2	0	1	0	1
N11	N11.HOG0004315	0	0	0	0	0	0	0	0	0	0	0	0	1	0	0
N11	N11.HOG0004316	0	1	0	1	0	0	0	0	0	0	0	0	0	0	0
N11	N11.HOG0004317	0	1	0	0	0	0	0	0	0	0	0	0	0	0	0
N11	N11.HOG0004318	0	2	0	0	0	0	0	0	0	0	0	0	0	0	0
N11	N11.HOG0004319	1	2	2	2	2	2	2	2	2	2	2	2	2	2	2
N11	N11.HOG0004320	1	0	0	0	0	0	1	0	0	0	0	0	0	0	0
N11	N11.HOG0004321	1	2	1	1	1	1	1	1	1	1	1	1	1	1	1
N11	N11.HOG0004322	1	2	1	1	2	1	2	1	1	1	1	1	1	2	2
N11	N11.HOG0004323	0	1	0	0	1	0	0	0	0	0	0	0	0	0	0
N11	N11.HOG0004324	1	0	1	1	0	1	1	1	1	1	1	1	1	2	2
N11	N11.HOG0004325	1	0	0	0	0	0	0	0	0	0	0	0	0	0	0
N11	N11.HOG0004326	0	1	0	0	1	0	0	0	0	0	0	0	2	0	0
N11	N11.HOG0004327	1	0	1	1	1	1	1	1	1	1	1	1	1	1	1
N11	N11.HOG0004328	1	1	1	1	1	1	1	1	1	1	1	1	1	1	1
N11	N11.HOG0004329	1	1	1	1	1	1	0	1	1	1	1	1	1	1	1
N11	N11.HOG0004330	0	0	0	0	0	0	1	0	0	0	0	0	0	0	0
N11	N11.HOG0004331	0	0	0	0	2	0	0	0	0	0	0	0	0	0	0
N11	N11.HOG0004332	0	1	0	0	1	0	1	0	0	0	0	0	1	1	0
N11	N11.HOG0004333	0	1	2	2	2	2	2	2	2	2	1	2	1	0	1
N11	N11.HOG0004334	0	1	0	0	1	1	0	0	0	0	0	0	1	0	1
N11	N11.HOG0004335	1	1	1	1	1	1	1	1	1	1	1	1	1	1	1
N11	N11.HOG0004336	2	2	3	3	6	3	2	2	2	4	2	4	2	2	2
N11	N11.HOG0004337	0	1	1	1	1	1	0	1	1	1	1	1	1	1	1
N11	N11.HOG0004338	0	0	0	0	1	0	2	0	0	0	0	0	1	1	1
N11	N11.HOG0004339	0	0	0	1	0	0	0	1	1	1	1	1	0	0	0
N11	N11.HOG0004340	1	1	1	1	1	1	1	1	1	1	1	1	1	1	1
N11	N11.HOG0004341	1	1	1	1	1	1	1	1	1	1	1	1	1	1	1
N11	N11.HOG0004342	1	0	1	1	1	1	1	1	1	1	1	1	1	1	1
N11	N11.HOG0004343	1	1	1	1	1	1	1	1	1	1	1	1	1	1	1
N11	N11.HOG0004344	1	1	1	1	1	1	1	1	1	1	1	1	1	1	1
N11	N11.HOG0004345	1	3	1	1	1	1	1	1	1	1	1	1	1	1	1
N11	N11.HOG0004346	0	0	0	0	0	0	0	1	1	1	0	0	0	0	0
N11	N11.HOG0004347	0	1	0	0	1	1	1	0	0	0	0	1	0	0	0
N11	N11.HOG0004348	0	0	0	0	0	0	0	0	0	0	1	1	0	0	0
N11	N11.HOG0004349	0	1	0	1	1	1	1	0	0	0	0	0	0	0	0
N11	N11.HOG0004350	1	1	1	0	1	1	0	0	0	0	0	0	0	0	0
N11	N11.HOG0004351	0	0	0	0	0	0	0	0	1	0	0	0	0	0	0
N11	N11.HOG0004352	1	1	1	1	1	1	1	1	1	1	1	1	1	1	1
N11	N11.HOG0004353	1	1	1	1	1	1	1	1	1	1	1	1	1	2	2
N11	N11.HOG0004354	1	4	1	1	2	2	2	2	2	1	1	1	2	1	2
N11	N11.HOG0004355	1	0	1	1	1	1	0	1	0	1	1	1	1	1	2
N11	N11.HOG0004356	0	1	0	1	0	1	1	1	1	1	1	1	0	0	0
N11	N11.HOG0004357	0	0	0	0	0	1	0	0	0	0	0	0	0	0	0
N11	N11.HOG0004358	1	2	1	1	6	3	1	1	1	1	1	1	1	1	1
N11	N11.HOG0004359	1	0	0	0	0	0	0	0	0	0	0	0	0	0	0
N11	N11.HOG0004360	5	0	0	0	0	0	0	0	0	0	0	0	0	0	0
N11	N11.HOG0004361	0	0	0	0	0	0	1	0	0	0	0	0	0	1	0
N11	N11.HOG0004362	1	1	1	1	2	1	1	1	1	1	1	1	1	1	1
N11	N11.HOG0004363	0	0	0	0	0	0	1	0	0	0	0	0	0	0	0
N11	N11.HOG0004364	0	1	0	0	1	0	0	0	0	0	0	0	0	0	0
N11	N11.HOG0004365	1	0	1	1	1	1	1	1	1	1	1	1	1	1	1
N11	N11.HOG0004366	0	1	0	0	0	0	0	0	0	0	0	0	0	0	0
N11	N11.HOG0004367	0	0	0	0	0	0	1	0	0	0	0	0	1	1	0
N11	N11.HOG0004368	1	1	1	1	1	1	1	1	1	1	1	1	1	1	1
N11	N11.HOG0004369	1	2	1	1	0	1	1	1	1	1	1	1	1	1	1
N11	N11.HOG0004370	1	1	2	1	1	1	1	1	1	1	1	1	1	1	1
N11	N11.HOG0004371	0	1	0	0	2	0	0	1	0	0	0	0	1	0	0
N11	N11.HOG0004372	1	1	1	1	1	1	1	1	1	1	1	1	1	1	1
N11	N11.HOG0004373	0	4	1	2	2	1	2	1	1	1	1	2	0	0	0
N11	N11.HOG0004374	1	1	1	1	1	1	1	1	1	1	1	1	1	1	2
N11	N11.HOG0004375	0	1	0	0	0	0	0	0	0	0	0	0	0	0	0
N11	N11.HOG0004376	0	0	0	0	2	0	0	0	0	0	0	0	1	1	1
N11	N11.HOG0004377	1	1	1	1	2	1	1	1	1	1	1	1	1	1	2
N11	N11.HOG0004378	1	1	1	1	1	1	3	1	1	1	1	1	1	1	2
N11	N11.HOG0004379	1	1	1	1	2	1	1	1	1	1	1	1	1	0	1
N11	N11.HOG0004380	1	1	1	1	2	1	2	1	1	1	1	1	1	1	1
N11	N11.HOG0004381	1	1	1	1	1	1	1	1	1	1	1	1	1	1	1
N11	N11.HOG0004382	1	1	1	1	2	1	1	1	1	1	1	1	1	1	1
N11	N11.HOG0004383	1	0	2	1	1	1	1	2	2	2	2	2	2	2	2
N11	N11.HOG0004384	0	0	0	0	0	0	1	1	1	1	1	1	1	1	1
N11	N11.HOG0004385	0	1	0	0	0	0	0	0	0	0	0	0	0	0	0
N11	N11.HOG0004386	0	1	1	2	1	1	0	0	0	0	0	0	0	0	0
N11	N11.HOG0004387	1	1	1	1	1	1	1	1	1	1	1	1	3	3	1
N11	N11.HOG0004388	1	1	1	1	1	1	1	1	1	1	1	1	1	1	1
N11	N11.HOG0004389	0	0	0	0	0	0	0	0	0	1	1	1	0	1	1
N11	N11.HOG0004390	1	2	1	1	2	1	2	0	0	0	0	0	2	0	0
N11	N11.HOG0004391	1	0	0	0	0	0	0	0	0	0	0	0	0	0	0
N11	N11.HOG0004392	0	0	0	0	0	0	0	1	1	0	0	0	0	0	0
N11	N11.HOG0004393	0	1	1	1	1	1	0	0	0	0	0	0	0	0	0
N11	N11.HOG0004394	0	1	0	0	1	0	0	0	0	0	0	0	0	0	0
N11	N11.HOG0004395	0	0	0	0	0	0	1	1	1	1	1	1	1	1	1
N11	N11.HOG0004396	1	1	1	1	1	1	1	1	1	1	1	1	1	1	1
N11	N11.HOG0004397	0	0	0	0	1	0	1	0	0	1	1	1	1	1	0
N11	N11.HOG0004398	0	0	0	0	0	0	1	1	1	1	1	0	0	0	0
N11	N11.HOG0004399	0	1	1	1	1	1	1	1	1	0	0	0	0	0	0
N11	N11.HOG0004400	0	0	0	0	0	0	1	0	0	1	1	1	1	1	0
N11	N11.HOG0004401	1	1	1	1	1	1	1	1	1	1	1	1	1	1	1
N11	N11.HOG0004402	2	1	1	1	1	0	2	1	1	1	1	1	1	1	3
N11	N11.HOG0004403	1	2	1	1	2	1	1	1	1	1	1	1	2	1	1
N11	N11.HOG0004404	1	1	1	1	1	1	1	1	1	1	1	1	1	1	1
N11	N11.HOG0004405	0	1	0	0	1	0	0	0	0	0	0	0	0	0	0
N11	N11.HOG0004406	0	1	0	0	0	0	0	0	0	0	0	0	0	0	0
N11	N11.HOG0004407	1	1	1	1	1	1	1	1	1	1	1	1	1	1	1
N11	N11.HOG0004408	1	1	1	1	1	1	1	1	1	1	1	1	2	1	1
N11	N11.HOG0004409	1	3	1	1	2	1	2	1	1	1	1	1	1	1	1
N11	N11.HOG0004410	0	1	0	0	0	0	0	0	0	0	0	0	0	0	0
N11	N11.HOG0004411	0	4	1	1	5	1	1	1	1	1	1	1	2	1	1
N11	N11.HOG0004412	1	1	2	2	1	1	2	1	2	2	2	2	1	2	1
N11	N11.HOG0004413	1	0	0	0	0	1	0	0	0	0	0	0	1	0	1
N11	N11.HOG0004414	0	0	0	0	0	1	0	0	0	0	0	0	1	0	0
N11	N11.HOG0004415	0	1	0	1	1	1	0	0	0	0	0	0	0	0	0
N11	N11.HOG0004416	0	1	1	1	1	0	1	1	1	1	1	1	0	1	0
N11	N11.HOG0004417	0	0	0	0	1	0	0	0	0	0	0	0	1	0	0
N11	N11.HOG0004418	1	1	1	1	1	1	1	1	1	1	1	1	1	1	1
N11	N11.HOG0004419	0	0	0	0	0	0	0	0	0	0	0	0	0	1	0
N11	N11.HOG0004420	1	1	1	1	2	1	2	1	1	1	1	1	1	6	1
N11	N11.HOG0004421	0	0	0	0	0	0	0	0	0	0	0	0	0	1	0
N11	N11.HOG0004422	1	2	1	1	1	1	2	1	1	1	1	1	1	1	1
N11	N11.HOG0004423	1	2	3	1	1	1	2	2	2	2	2	2	2	2	2
N11	N11.HOG0004424	0	2	2	2	2	3	1	1	1	1	1	1	1	1	1
N11	N11.HOG0004425	1	1	1	1	1	1	2	1	1	1	1	1	1	1	1
N11	N11.HOG0004426	1	2	1	1	1	1	1	1	1	1	1	1	1	1	1
N11	N11.HOG0004427	1	0	0	0	0	0	0	0	0	0	0	0	0	1	0
N11	N11.HOG0004428	1	1	3	5	4	1	1	1	1	1	1	1	1	1	1
N11	N11.HOG0004429	2	1	1	1	1	1	1	1	1	1	1	1	1	1	1
N11	N11.HOG0004430	1	1	1	1	1	1	1	1	1	1	1	1	1	1	1
N11	N11.HOG0004431	1	1	1	1	1	1	1	1	1	1	1	1	1	1	1
N11	N11.HOG0004432	0	0	0	0	2	0	0	0	0	0	0	0	0	0	0
N11	N11.HOG0004433	0	0	1	1	0	0	0	1	1	1	1	1	0	0	0
N11	N11.HOG0004434	1	0	0	0	0	0	1	0	0	0	0	0	1	1	0
N11	N11.HOG0004435	0	0	0	0	0	0	0	0	0	0	0	0	0	0	1
N11	N11.HOG0004436	0	1	0	0	2	1	0	0	0	0	0	0	1	0	0
N11	N11.HOG0004437	0	1	0	0	1	1	0	0	0	0	0	0	0	0	0
N11	N11.HOG0004438	0	1	1	0	1	1	0	1	1	0	0	0	0	0	0
N11	N11.HOG0004439	1	0	1	1	1	1	1	1	1	1	1	1	1	1	1
N11	N11.HOG0004440	1	1	0	0	1	0	0	0	0	0	0	0	0	0	0
N11	N11.HOG0004441	0	0	1	1	0	1	1	1	1	1	1	1	1	1	1
N11	N11.HOG0004442	1	1	0	0	2	0	0	0	0	0	0	0	1	0	1
N11	N11.HOG0004443	0	1	0	0	0	0	0	0	0	0	0	0	0	0	0
N11	N11.HOG0004444	0	1	1	1	1	1	1	1	1	1	1	1	0	1	0
N11	N11.HOG0004445	1	0	1	1	1	1	2	1	1	1	2	2	1	1	1
N11	N11.HOG0004446	0	1	3	2	1	2	3	2	2	2	2	2	2	4	2
N11	N11.HOG0004447	0	1	1	1	1	1	1	1	1	1	1	1	1	1	1
N11	N11.HOG0004448	1	1	0	0	1	0	0	0	0	0	0	0	0	0	0
N11	N11.HOG0004449	1	2	2	1	2	1	1	1	1	1	1	1	1	1	1
N11	N11.HOG0004450	1	1	1	1	1	1	1	1	1	1	1	1	1	1	1
N11	N11.HOG0004451	0	1	2	1	1	1	0	0	0	0	0	0	0	0	0
N11	N11.HOG0004452	0	0	0	0	0	0	1	0	0	0	0	0	0	0	0
N11	N11.HOG0004453	0	1	0	1	0	0	0	0	0	0	0	0	0	0	0
N11	N11.HOG0004454	1	0	0	0	0	0	0	1	1	1	1	1	1	1	1
N11	N11.HOG0004455	0	2	0	0	0	0	1	0	0	0	0	1	0	0	0
N11	N11.HOG0004456	0	0	0	0	0	0	0	0	0	0	0	1	0	0	0
N11	N11.HOG0004457	1	4	0	1	1	2	1	1	1	1	1	0	1	1	1
N11	N11.HOG0004458	1	1	1	1	1	1	2	1	1	1	1	1	1	1	1
N11	N11.HOG0004459	1	2	1	1	1	1	1	1	1	1	1	1	1	1	1
N11	N11.HOG0004460	1	1	1	1	1	1	1	1	1	1	1	1	1	1	1
N11	N11.HOG0004461	0	1	0	0	1	0	1	1	1	1	1	1	1	1	0
N11	N11.HOG0004462	1	1	5	4	5	5	3	3	2	4	4	4	4	2	2
N11	N11.HOG0004463	0	1	1	1	1	1	1	1	1	1	1	1	1	1	1
N11	N11.HOG0004464	1	1	1	1	1	1	1	1	1	1	1	1	1	1	1
N11	N11.HOG0004465	0	1	1	1	1	1	1	1	1	1	1	1	1	1	1
N11	N11.HOG0004466	1	1	0	0	0	0	0	0	0	0	0	0	0	0	0
N11	N11.HOG0004467	0	0	0	0	1	0	1	0	0	0	0	0	0	0	0
N11	N11.HOG0004468	0	1	0	0	0	0	0	0	0	0	0	0	0	0	0
N11	N11.HOG0004469	1	2	1	1	2	1	1	1	1	1	1	1	2	1	1
N11	N11.HOG0004470	1	1	1	1	1	1	1	1	1	1	1	1	1	1	1
N11	N11.HOG0004471	1	1	1	1	1	1	2	2	1	2	2	1	2	2	1
N11	N11.HOG0004472	1	1	1	1	1	1	1	1	1	1	1	1	2	2	1
N11	N11.HOG0004473	0	2	0	0	1	0	0	0	0	0	0	0	0	0	0
N11	N11.HOG0004474	0	0	0	0	0	0	1	0	0	0	0	0	0	0	0
N11	N11.HOG0004475	0	1	1	0	1	0	1	1	1	1	1	0	1	1	0
N11	N11.HOG0004476	1	1	1	0	1	1	1	0	0	0	1	0	1	1	0
N11	N11.HOG0004477	2	1	1	2	2	2	1	1	1	1	1	1	1	1	1
N11	N11.HOG0004478	1	0	1	1	1	1	1	1	1	1	1	1	1	1	2
N11	N11.HOG0004479	1	1	3	1	1	2	0	0	0	1	1	1	2	1	2
N11	N11.HOG0004480	0	0	0	0	0	0	1	1	1	0	0	0	0	0	0
N11	N11.HOG0004481	1	1	1	1	1	1	2	1	1	1	1	1	1	1	1
N11	N11.HOG0004482	1	3	1	1	2	1	2	1	1	1	1	1	1	2	1
N11	N11.HOG0004483	1	1	0	1	1	1	1	1	1	1	1	1	1	1	1
N11	N11.HOG0004484	0	2	0	1	0	0	0	0	0	0	0	0	1	0	0
N11	N11.HOG0004485	1	2	1	0	0	1	1	1	1	1	1	1	2	1	1
N11	N11.HOG0004486	0	1	1	1	0	0	0	0	0	0	0	0	0	0	0
N11	N11.HOG0004487	1	1	1	1	1	1	1	1	1	1	1	1	1	1	1
N11	N11.HOG0004488	1	2	1	1	1	1	1	1	1	2	2	2	3	3	2
N11	N11.HOG0004489	0	0	0	1	0	0	0	0	0	0	0	0	0	0	1
N11	N11.HOG0004490	0	1	0	3	4	0	0	0	0	0	0	0	0	0	0
N11	N11.HOG0004491	0	0	0	0	0	0	0	0	0	0	0	0	1	0	0
N11	N11.HOG0004492	0	1	0	0	0	0	0	0	0	0	0	0	0	0	0
N11	N11.HOG0004493	1	1	1	1	1	1	1	1	1	1	1	1	1	1	1
N11	N11.HOG0004494	1	3	1	1	2	2	2	1	1	1	1	1	2	1	2
N11	N11.HOG0004495	0	1	0	0	0	0	1	1	1	1	1	1	2	2	1
N11	N11.HOG0004496	0	0	1	1	1	1	0	0	0	0	0	0	0	0	0
N11	N11.HOG0004497	1	1	1	1	1	1	1	1	1	1	1	1	1	1	1
N11	N11.HOG0004498	1	2	1	1	2	1	1	1	1	1	1	1	1	1	1
N11	N11.HOG0004499	1	1	1	1	2	1	1	1	1	1	1	1	6	5	4
N11	N11.HOG0004500	1	1	1	1	1	1	1	1	1	1	1	1	1	1	1
N11	N11.HOG0004501	0	0	0	0	0	0	0	1	1	0	0	0	0	0	0
N11	N11.HOG0004502	0	1	0	0	1	0	1	0	0	0	0	0	1	1	1
N11	N11.HOG0004503	0	1	1	0	2	0	0	0	0	0	0	0	1	0	0
N11	N11.HOG0004504	0	0	0	0	0	0	0	0	0	0	0	0	0	1	0
N11	N11.HOG0004505	0	0	0	0	0	0	0	0	0	1	1	1	0	0	0
N11	N11.HOG0004506	1	1	1	1	1	1	1	1	1	1	1	1	1	1	1
N11	N11.HOG0004507	1	0	0	0	0	0	0	0	0	0	0	0	0	0	0
N11	N11.HOG0004508	0	1	1	1	1	1	1	1	1	1	1	1	1	1	1
N11	N11.HOG0004509	0	0	0	0	0	0	1	0	0	0	0	0	0	0	0
N11	N11.HOG0004510	0	4	1	1	2	1	2	1	1	1	1	1	1	1	1
N11	N11.HOG0004511	0	1	0	0	1	0	0	0	0	0	0	0	0	0	0
N11	N11.HOG0004512	0	0	0	0	1	0	1	0	0	0	0	0	1	1	0
N11	N11.HOG0004513	0	0	1	1	1	1	1	1	1	1	1	1	1	1	1
N11	N11.HOG0004514	1	1	1	1	2	1	1	1	1	1	1	1	1	1	1
N11	N11.HOG0004515	1	1	0	0	0	0	0	0	0	0	0	0	1	0	0
N11	N11.HOG0004516	0	1	1	3	1	1	1	1	1	1	1	1	2	1	1
N11	N11.HOG0004517	2	2	1	1	1	1	1	1	1	1	1	1	1	1	1
N11	N11.HOG0004518	0	1	0	0	1	0	0	0	0	0	0	0	0	0	0
N11	N11.HOG0004519	0	1	0	0	1	0	0	0	0	0	0	0	0	0	0
N11	N11.HOG0004520	1	1	1	1	1	1	1	1	1	1	1	1	1	1	1
N11	N11.HOG0004521	0	1	0	0	0	0	0	0	0	0	0	0	0	0	0
N11	N11.HOG0004522	0	1	0	0	1	0	0	0	0	0	0	0	0	0	0
N11	N11.HOG0004523	0	1	0	0	1	0	0	0	0	0	0	0	0	0	0
N11	N11.HOG0004524	4	1	1	1	1	1	1	1	1	1	1	1	4	2	1
N11	N11.HOG0004525	0	2	1	2	2	1	2	1	1	1	1	1	1	1	1
N11	N11.HOG0004526	1	0	1	1	1	1	1	1	1	1	1	1	0	1	0
N11	N11.HOG0004527	0	1	0	0	0	0	0	0	0	0	0	0	1	0	1
N11	N11.HOG0004528	0	0	0	0	0	0	0	0	0	0	0	0	1	0	0
N11	N11.HOG0004529	0	2	0	0	1	0	1	0	0	0	0	0	0	1	1
N11	N11.HOG0004530	1	1	1	1	1	1	5	2	2	1	1	1	2	2	4
N11	N11.HOG0004531	0	1	0	0	0	0	0	0	0	0	0	0	0	0	0
N11	N11.HOG0004532	1	1	1	1	1	1	1	1	1	1	1	1	1	1	1
N11	N11.HOG0004533	1	2	1	1	2	1	1	1	1	1	1	1	2	2	2
N11	N11.HOG0004534	1	0	0	0	0	0	0	0	0	0	0	0	1	1	1
N11	N11.HOG0004535	0	0	0	0	0	0	0	1	1	0	0	0	0	0	0
N11	N11.HOG0004536	0	0	0	0	0	0	1	0	0	0	0	0	0	0	0
N11	N11.HOG0004537	0	1	0	0	0	0	0	0	0	0	1	0	0	0	0
N11	N11.HOG0004538	0	0	1	1	1	1	0	0	0	0	0	0	0	0	0
N11	N11.HOG0004539	0	2	0	0	1	0	0	0	0	0	0	0	0	0	0
N11	N11.HOG0004540	1	0	0	0	0	0	0	0	0	0	0	0	0	0	0
N11	N11.HOG0004541	1	1	1	1	2	1	1	1	1	1	1	1	1	1	2
N11	N11.HOG0004542	0	2	0	0	0	0	1	0	0	0	0	0	0	0	0
N11	N11.HOG0004543	1	2	1	1	1	1	1	1	1	1	1	1	1	1	1
N11	N11.HOG0004544	1	1	1	0	0	1	0	1	0	1	0	0	1	1	1
N11	N11.HOG0004545	0	1	1	1	1	1	1	1	1	1	1	1	0	0	0
N11	N11.HOG0004546	1	1	1	1	1	1	1	1	1	1	1	1	1	1	1
N11	N11.HOG0004547	0	1	1	0	1	0	0	0	0	0	0	0	0	0	0
N11	N11.HOG0004548	1	2	1	1	1	1	1	1	1	1	1	1	1	1	1
N11	N11.HOG0004549	1	2	1	3	2	2	1	1	1	1	1	1	1	1	1
N11	N11.HOG0004550	0	2	2	2	2	2	2	2	2	2	2	2	1	2	2
N11	N11.HOG0004551	0	2	0	0	0	0	0	0	0	0	0	0	0	0	0
N11	N11.HOG0004552	0	2	1	1	1	1	1	2	2	2	2	2	1	1	1
N11	N11.HOG0004553	1	1	1	1	1	2	1	1	1	1	1	1	1	1	1
N11	N11.HOG0004554	1	1	1	1	1	1	1	1	1	1	1	1	1	1	1
N11	N11.HOG0004555	1	1	1	1	1	1	2	1	1	1	1	1	1	1	1
N11	N11.HOG0004556	0	1	0	0	2	0	0	0	0	0	0	0	0	0	0
N11	N11.HOG0004557	1	1	1	1	1	1	1	1	1	1	1	1	1	1	1
N11	N11.HOG0004558	1	1	1	1	1	1	1	1	1	1	1	1	1	1	0
N11	N11.HOG0004559	0	1	0	0	1	0	0	0	0	0	0	0	0	0	0
N11	N11.HOG0004560	1	1	1	1	3	0	2	2	2	2	3	2	3	3	2
N11	N11.HOG0004561	1	1	1	1	2	2	1	1	1	1	1	1	1	1	1
N11	N11.HOG0004562	0	0	1	0	1	0	0	0	0	0	0	0	0	0	0
N11	N11.HOG0004563	1	1	1	1	1	1	1	1	1	1	1	1	1	1	1
N11	N11.HOG0004564	1	1	1	1	1	1	1	1	1	1	1	1	1	1	1
N11	N11.HOG0004565	0	1	0	0	0	0	0	0	0	0	0	0	0	0	0
N11	N11.HOG0004566	0	1	0	0	1	0	1	0	0	0	0	0	0	0	0
N11	N11.HOG0004567	1	1	1	1	1	1	1	1	1	1	1	1	2	1	1
N11	N11.HOG0004568	0	0	0	0	1	0	0	0	0	0	0	0	0	1	0
N11	N11.HOG0004569	1	0	0	0	0	0	0	0	0	0	0	0	0	0	0
N11	N11.HOG0004570	0	1	1	1	1	1	0	0	0	0	0	0	0	0	0
N11	N11.HOG0004571	0	0	0	0	0	0	0	0	0	1	1	1	0	0	0
N11	N11.HOG0004572	0	0	0	0	0	0	2	1	1	0	0	0	0	0	0
N11	N11.HOG0004573	0	0	0	0	0	0	0	0	0	0	0	0	1	1	0
N11	N11.HOG0004574	1	0	0	0	0	0	0	0	0	0	0	0	0	0	1
N11	N11.HOG0004575	1	0	0	0	0	0	0	0	0	0	0	0	1	1	1
N11	N11.HOG0004576	0	0	1	1	0	1	0	0	0	0	1	0	0	0	0
N11	N11.HOG0004577	1	1	1	1	1	1	1	1	1	1	1	1	1	1	1
N11	N11.HOG0004578	1	1	1	1	1	1	1	1	1	1	1	1	1	1	1
N11	N11.HOG0004579	1	0	1	1	1	1	1	1	1	0	0	0	1	1	1
N11	N11.HOG0004580	1	1	1	1	1	1	1	1	1	1	1	1	1	1	1
N11	N11.HOG0004581	1	2	3	3	1	3	1	1	1	2	4	2	1	1	1
N11	N11.HOG0004582	2	1	1	1	1	1	1	1	1	1	1	1	1	1	2
N11	N11.HOG0004583	1	2	1	2	0	1	1	1	1	1	1	1	1	1	1
N11	N11.HOG0004584	1	2	1	1	2	1	1	1	1	1	1	1	1	1	1
N11	N11.HOG0004585	1	2	1	1	2	1	1	1	1	1	2	1	1	1	1
N11	N11.HOG0004586	0	1	3	1	1	1	1	1	1	1	1	1	1	1	1
N11	N11.HOG0004587	1	4	1	1	3	1	2	1	1	1	1	1	2	2	2
N11	N11.HOG0004588	1	3	1	1	1	1	1	1	1	1	1	1	1	1	1
N11	N11.HOG0004589	1	2	1	1	1	1	1	1	1	1	1	1	1	1	1
N11	N11.HOG0004590	1	5	1	1	2	1	2	1	1	1	1	1	2	1	1
N11	N11.HOG0004591	1	2	1	1	1	1	1	1	1	1	1	1	1	1	1
N11	N11.HOG0004592	1	1	2	1	1	1	1	1	1	1	1	1	2	1	1
N11	N11.HOG0004593	0	0	0	0	0	0	1	1	1	1	1	1	1	1	2
N11	N11.HOG0004594	0	0	0	0	1	0	0	0	0	0	0	0	0	0	0
N11	N11.HOG0004595	0	1	0	0	1	0	0	0	0	0	0	0	0	0	0
N11	N11.HOG0004596	0	1	0	0	1	0	0	0	0	0	0	0	0	0	0
N11	N11.HOG0004597	0	1	0	0	0	0	0	0	0	0	0	0	0	0	0
N11	N11.HOG0004598	0	3	1	1	1	1	0	0	0	0	0	0	0	0	0
N11	N11.HOG0004599	1	1	1	1	1	1	1	1	1	1	1	1	1	2	1
N11	N11.HOG0004600	1	1	1	1	1	1	1	1	1	1	1	1	1	1	1
N11	N11.HOG0004601	0	1	0	0	1	0	1	0	0	0	0	0	0	0	1
N11	N11.HOG0004602	0	1	1	1	1	1	1	1	1	1	1	1	1	1	0
N11	N11.HOG0004603	0	1	0	0	0	0	0	0	0	0	0	0	0	0	0
N11	N11.HOG0004604	1	0	1	1	0	1	0	1	1	1	0	0	1	1	1
N11	N11.HOG0004605	0	1	0	0	1	0	1	0	0	0	1	1	0	0	0
N11	N11.HOG0004606	0	1	0	0	1	0	0	0	0	0	0	0	0	0	0
N11	N11.HOG0004607	1	1	1	1	1	1	2	1	1	1	1	1	1	2	1
N11	N11.HOG0004608	1	1	1	1	1	1	1	1	1	1	1	1	1	1	1
N11	N11.HOG0004609	1	2	1	1	1	0	5	1	1	1	1	1	3	3	0
N11	N11.HOG0004610	1	1	1	1	1	1	1	1	1	1	1	1	1	1	0
N11	N11.HOG0004611	1	2	2	1	1	1	1	1	1	1	1	1	1	1	0
N11	N11.HOG0004612	2	3	1	1	1	1	1	1	1	1	1	1	1	1	1
N11	N11.HOG0004613	1	1	1	1	1	1	1	1	1	1	1	1	1	1	1
N11	N11.HOG0004614	1	0	0	0	0	0	0	0	0	0	0	0	0	0	0
N11	N11.HOG0004615	0	0	0	0	0	0	0	0	0	0	0	0	0	1	1
N11	N11.HOG0004616	1	1	0	1	0	0	1	0	0	0	0	0	0	1	0
N11	N11.HOG0004617	1	1	0	0	0	0	1	0	0	1	1	1	1	0	0
N11	N11.HOG0004618	0	0	1	1	1	1	0	0	0	0	0	0	0	0	0
N11	N11.HOG0004619	1	1	1	1	1	1	1	1	1	1	1	1	1	1	1
N11	N11.HOG0004620	1	1	1	1	1	1	1	1	1	1	1	1	1	1	1
N11	N11.HOG0004621	1	1	1	1	1	1	1	1	1	1	1	1	1	1	1
N11	N11.HOG0004622	0	1	0	0	1	0	0	0	0	0	0	0	0	0	0
N11	N11.HOG0004623	1	0	1	1	0	1	1	1	1	1	1	1	2	1	1
N11	N11.HOG0004624	1	1	1	1	1	1	1	1	1	1	1	1	1	1	1
N11	N11.HOG0004625	1	1	1	1	1	1	1	1	1	1	1	1	1	1	1
N11	N11.HOG0004626	1	2	2	2	2	1	2	1	1	1	1	1	1	1	1
N11	N11.HOG0004627	1	2	1	1	2	1	1	1	1	1	1	1	1	1	1
N11	N11.HOG0004628	1	1	2	2	2	2	1	1	1	1	1	1	0	1	1
N11	N11.HOG0004629	1	1	1	1	1	1	2	1	1	1	1	1	1	1	1
N11	N11.HOG0004630	1	0	1	1	1	1	1	1	1	1	1	1	1	1	1
N11	N11.HOG0004631	1	1	1	1	2	1	1	1	1	1	1	1	1	1	1
N11	N11.HOG0004632	1	0	1	1	0	0	1	1	1	1	1	1	2	1	1
N11	N11.HOG0004633	1	1	1	1	2	1	2	1	1	1	1	1	1	2	1
N11	N11.HOG0004634	1	1	1	1	1	1	1	1	1	1	1	1	1	1	1
N11	N11.HOG0004635	0	0	0	0	0	0	0	0	0	1	0	0	0	0	0
N11	N11.HOG0004637	1	0	0	0	3	0	0	0	0	1	0	0	0	0	0
N11	N11.HOG0004638	0	1	0	0	3	0	0	0	0	0	0	0	0	0	0
N11	N11.HOG0004639	0	2	0	0	0	0	0	0	0	0	0	0	0	0	0
N11	N11.HOG0004640	0	0	0	0	0	0	0	0	0	0	0	0	1	0	0
N11	N11.HOG0004641	0	0	0	1	0	0	0	0	0	0	1	0	0	0	0
N11	N11.HOG0004642	1	1	1	1	1	1	1	1	1	1	1	1	1	1	1
N11	N11.HOG0004643	0	1	0	0	1	0	0	0	0	0	0	0	1	0	0
N11	N11.HOG0004644	1	1	1	1	1	1	1	1	1	1	1	1	1	1	1
N11	N11.HOG0004645	0	1	1	0	2	1	2	1	1	1	1	1	1	0	1
N11	N11.HOG0004646	1	1	1	1	1	1	1	1	1	1	1	1	1	1	1
N11	N11.HOG0004647	0	0	0	0	0	0	0	0	0	1	1	1	0	0	0
N11	N11.HOG0004648	1	1	1	1	1	1	1	1	1	1	1	1	1	1	1
N11	N11.HOG0004649	1	1	1	1	1	1	1	1	1	1	1	1	1	1	1
N11	N11.HOG0004650	1	1	1	1	1	1	1	1	1	1	1	1	1	1	1
N11	N11.HOG0004651	1	3	1	1	2	1	2	1	1	2	1	2	2	1	1
N11	N11.HOG0004652	1	2	1	1	2	1	2	1	1	1	1	1	2	1	1
N11	N11.HOG0004653	1	0	1	1	1	1	2	1	2	1	1	1	1	1	1
N11	N11.HOG0004654	1	1	1	1	1	1	1	1	1	2	1	1	1	1	1
N11	N11.HOG0004655	1	1	1	1	1	1	1	1	1	1	1	1	1	1	1
N11	N11.HOG0004656	1	1	1	1	1	1	0	1	1	1	1	1	1	2	1
N11	N11.HOG0004657	0	0	0	0	0	0	1	0	0	0	0	0	0	0	0
N11	N11.HOG0004658	0	0	0	0	0	0	1	0	0	0	0	0	0	0	0
N11	N11.HOG0004659	1	1	1	1	1	1	1	1	1	1	1	1	1	1	1
N11	N11.HOG0004660	0	0	0	0	1	0	0	0	0	0	0	0	0	0	0
N11	N11.HOG0004661	1	0	1	1	1	1	1	1	1	1	0	1	1	1	0
N11	N11.HOG0004662	0	1	0	0	1	2	0	0	0	0	0	0	1	0	1
N11	N11.HOG0004663	1	1	1	1	1	1	1	1	1	1	1	1	1	1	1
N11	N11.HOG0004664	2	1	1	1	1	1	1	1	1	1	1	1	2	2	1
N11	N11.HOG0004665	0	1	0	0	1	0	1	0	0	0	0	0	1	1	0
N11	N11.HOG0004666	1	1	1	1	1	1	1	1	1	1	1	1	1	1	1
N11	N11.HOG0004667	5	1	1	1	1	1	1	1	1	1	1	1	1	1	4
N11	N11.HOG0004668	1	1	1	1	0	1	1	1	1	1	1	1	1	1	1
N11	N11.HOG0004669	0	1	0	0	1	0	0	0	0	0	0	0	0	0	0
N11	N11.HOG0004670	1	0	0	0	0	0	0	0	0	0	0	0	0	0	1
N11	N11.HOG0004671	1	1	1	1	1	1	1	1	1	1	1	1	1	1	1
N11	N11.HOG0004672	1	1	1	1	1	1	1	1	1	1	1	1	1	1	1
N11	N11.HOG0004673	1	1	1	1	1	1	1	1	1	1	1	1	11	3	1
N11	N11.HOG0004674	0	0	0	0	0	0	0	0	0	0	0	0	1	0	0
N11	N11.HOG0004675	0	0	0	0	0	0	0	0	0	1	1	1	0	1	1
N11	N11.HOG0004676	1	0	0	0	0	0	1	0	0	0	0	0	1	0	0
N11	N11.HOG0004677	1	0	0	0	0	0	1	0	0	0	0	0	1	0	0
N11	N11.HOG0004678	0	1	1	1	1	1	0	0	0	0	0	0	0	0	0
N11	N11.HOG0004679	1	1	1	2	1	1	1	1	1	1	1	1	1	1	1
N11	N11.HOG0004680	1	0	1	1	1	1	1	1	1	1	1	1	1	1	0
N11	N11.HOG0004681	0	1	0	1	0	1	0	0	0	0	0	0	1	0	1
N11	N11.HOG0004682	1	0	1	1	2	1	1	1	1	1	1	1	1	1	1
N11	N11.HOG0004683	1	2	2	1	1	1	1	1	1	1	1	1	1	2	1
N11	N11.HOG0004684	2	2	1	1	1	1	1	1	1	1	1	1	1	1	1
N11	N11.HOG0004685	1	1	1	1	1	1	2	1	1	1	1	1	1	2	1
N11	N11.HOG0004686	1	1	0	0	1	0	0	0	0	0	0	0	0	0	0
N11	N11.HOG0004687	2	2	1	1	1	1	1	1	1	1	1	1	1	1	1
N11	N11.HOG0004688	0	1	0	0	0	0	0	0	0	0	0	0	0	0	0
N11	N11.HOG0004689	1	2	1	1	1	1	1	1	1	1	1	1	1	1	1
N11	N11.HOG0004690	1	1	1	4	0	2	2	1	2	2	2	2	1	1	2
N11	N11.HOG0004691	1	0	0	0	0	0	0	1	1	1	1	2	2	2	2
N11	N11.HOG0004692	0	0	3	2	0	2	0	0	0	0	0	0	0	0	0
N11	N11.HOG0004693	0	0	1	0	0	0	0	0	0	0	0	0	0	0	0
N11	N11.HOG0004694	1	2	2	2	2	2	2	2	2	2	2	2	2	2	2
N11	N11.HOG0004695	1	1	1	1	1	1	1	1	1	1	1	1	1	1	1
N11	N11.HOG0004696	1	1	1	1	1	1	1	1	1	1	1	1	1	1	1
N11	N11.HOG0004697	1	1	1	1	1	2	2	2	1	1	1	1	1	1	1
N11	N11.HOG0004698	1	1	1	1	1	1	1	1	1	1	1	1	1	1	1
N11	N11.HOG0004699	0	1	1	1	1	1	0	0	1	0	0	0	1	1	1
N11	N11.HOG0004700	1	0	0	0	0	0	1	1	0	1	1	1	1	1	0
N11	N11.HOG0004701	0	3	3	5	7	5	2	3	3	2	1	2	3	3	3
N11	N11.HOG0004702	1	1	1	1	1	1	1	1	1	1	1	1	0	0	1
N11	N11.HOG0004703	0	0	0	0	1	0	0	0	0	0	0	0	1	1	0
N11	N11.HOG0004704	0	0	0	0	0	0	1	0	0	0	0	0	0	0	0
N11	N11.HOG0004705	0	1	1	1	0	1	1	1	1	1	0	1	2	2	1
N11	N11.HOG0004706	1	1	1	1	1	1	1	1	1	1	1	1	1	1	1
N11	N11.HOG0004707	0	1	1	1	1	0	1	1	1	1	1	1	1	1	1
N11	N11.HOG0004708	1	1	0	1	1	1	0	1	1	1	1	1	1	1	1
N11	N11.HOG0004709	0	1	0	0	0	0	0	0	0	0	0	0	0	0	0
N11	N11.HOG0004710	1	1	1	1	1	1	1	1	1	1	1	1	1	1	1
N11	N11.HOG0004711	0	0	0	0	1	0	0	0	0	0	0	0	0	0	0
N11	N11.HOG0004712	0	0	0	0	0	0	0	1	0	0	0	0	0	0	0
N11	N11.HOG0004713	2	1	1	1	1	1	2	1	1	1	1	1	2	1	1
N11	N11.HOG0004714	0	1	1	1	1	1	0	0	0	0	0	0	0	0	0
N11	N11.HOG0004715	0	1	0	0	1	1	1	1	1	1	1	1	1	1	1
N11	N11.HOG0004716	0	1	1	1	1	1	2	1	1	1	1	1	1	0	0
N11	N11.HOG0004717	1	1	1	1	1	1	1	1	1	1	1	1	1	1	1
N11	N11.HOG0004718	1	1	1	1	1	1	1	1	1	1	1	1	1	1	1
N11	N11.HOG0004719	1	1	1	2	1	1	1	1	1	1	1	1	1	1	1
N11	N11.HOG0004720	0	1	0	0	0	0	1	0	0	0	0	0	1	0	0
N11	N11.HOG0004721	0	1	1	1	2	1	1	1	1	1	1	1	1	1	1
N11	N11.HOG0004722	1	1	1	1	1	1	1	1	1	1	1	1	1	1	1
N11	N11.HOG0004723	0	1	0	0	2	0	0	0	0	0	0	0	1	0	0
N11	N11.HOG0004724	1	1	1	1	1	1	1	1	1	1	1	1	1	1	1
N11	N11.HOG0004725	0	0	0	0	1	0	0	0	0	0	0	0	0	0	0
N11	N11.HOG0004726	0	1	0	0	1	0	0	0	0	0	0	0	0	0	0
N11	N11.HOG0004727	1	1	1	1	1	1	1	1	1	1	1	1	1	2	1
N11	N11.HOG0004728	1	1	1	1	1	1	1	1	1	1	1	1	2	1	2
N11	N11.HOG0004729	1	2	1	1	1	1	1	1	1	1	1	1	1	1	1
N11	N11.HOG0004730	0	1	0	0	1	0	0	0	0	0	0	0	0	0	0
N11	N11.HOG0004731	0	2	0	0	1	0	0	0	0	0	0	0	0	0	0
N11	N11.HOG0004732	0	1	1	1	1	1	1	1	1	1	1	1	1	1	1
N11	N11.HOG0004733	1	1	1	1	1	1	1	1	1	1	1	1	1	1	1
N11	N11.HOG0004734	1	1	1	1	1	1	1	1	1	1	1	1	1	1	1
N11	N11.HOG0004735	1	1	1	1	1	1	1	1	1	1	1	1	1	1	1
N11	N11.HOG0004736	3	1	1	1	2	1	1	1	1	1	1	1	0	1	2
N11	N11.HOG0004737	1	1	1	1	1	1	1	1	1	1	1	1	1	1	1
N11	N11.HOG0004738	1	1	1	1	1	1	1	1	1	1	1	1	1	1	1
N11	N11.HOG0004739	0	0	0	0	0	0	0	0	0	1	1	1	0	0	0
N11	N11.HOG0004740	1	1	1	1	1	1	0	1	1	1	1	1	1	1	1
N11	N11.HOG0004741	1	0	0	0	0	0	0	0	0	0	0	0	1	1	0
N11	N11.HOG0004742	1	0	0	0	0	0	0	0	0	0	0	0	1	1	0
N11	N11.HOG0004743	0	2	1	1	1	1	1	1	1	1	1	1	0	0	1
N11	N11.HOG0004744	1	1	1	1	1	1	1	1	1	1	1	1	1	1	1
N11	N11.HOG0004745	1	1	1	1	1	1	1	1	1	1	1	1	1	1	1
N11	N11.HOG0004746	1	1	1	1	1	1	1	1	1	1	0	1	1	1	1
N11	N11.HOG0004747	1	0	1	1	0	0	0	1	1	1	1	1	0	0	0
N11	N11.HOG0004748	0	2	0	0	3	1	1	0	0	0	0	0	1	1	1
N11	N11.HOG0004749	0	1	0	0	1	1	1	0	0	0	0	0	1	1	1
N11	N11.HOG0004750	1	1	1	1	1	1	1	1	1	1	1	1	1	1	2
N11	N11.HOG0004751	1	0	0	0	0	0	0	0	0	0	0	0	0	0	0
N11	N11.HOG0004752	0	0	0	0	0	0	0	0	0	0	0	0	2	0	0
N11	N11.HOG0004753	1	1	2	1	2	1	1	1	1	2	1	1	0	0	0
N11	N11.HOG0004754	1	1	1	1	1	1	1	1	1	1	1	1	2	2	1
N11	N11.HOG0004755	1	1	0	1	0	1	1	1	1	1	1	1	1	1	0
N11	N11.HOG0004756	1	0	1	0	0	0	1	0	0	0	0	0	0	0	1
N11	N11.HOG0004757	0	0	1	1	5	0	0	0	0	1	0	1	0	0	0
N11	N11.HOG0004758	1	3	1	1	2	1	1	1	1	1	1	1	1	1	1
N11	N11.HOG0004759	1	2	1	1	1	1	1	1	1	1	1	1	1	1	1
N11	N11.HOG0004760	1	1	1	1	1	1	1	1	1	1	1	1	1	1	1
N11	N11.HOG0004761	1	1	1	1	1	1	2	2	2	2	2	2	2	2	1
N11	N11.HOG0004762	1	1	1	1	1	1	1	1	1	1	1	1	1	1	0
N11	N11.HOG0004763	0	0	0	0	0	0	0	0	0	0	0	0	0	0	2
N11	N11.HOG0004764	1	1	1	1	1	1	1	1	1	1	1	1	1	1	1
N11	N11.HOG0004765	0	0	0	0	0	0	0	0	0	0	0	0	0	1	0
N11	N11.HOG0004766	1	1	1	1	1	1	1	1	1	1	1	1	1	0	1
N11	N11.HOG0004767	0	1	0	0	1	0	1	0	0	0	0	0	0	0	0
N11	N11.HOG0004768	0	0	0	0	0	0	1	0	1	0	0	0	0	0	0
N11	N11.HOG0004769	1	3	1	1	3	1	0	1	0	1	1	1	1	1	1
N11	N11.HOG0004770	0	0	0	0	0	0	0	0	0	0	0	0	1	0	0
N11	N11.HOG0004771	3	1	1	1	1	1	1	1	1	1	1	1	1	1	2
N11	N11.HOG0004772	0	1	1	1	1	0	1	1	0	0	1	1	1	1	0
N11	N11.HOG0004773	1	1	1	1	1	1	1	1	1	1	1	1	1	1	1
N11	N11.HOG0004774	1	1	1	1	1	1	1	1	1	1	1	1	1	1	1
N11	N11.HOG0004775	1	1	1	1	2	1	1	1	1	1	1	1	1	0	0
N11	N11.HOG0004776	1	1	1	1	1	1	1	1	1	1	1	1	1	1	1
N11	N11.HOG0004777	0	1	1	1	1	1	1	1	1	1	1	1	1	1	1
N11	N11.HOG0004778	1	1	1	2	1	4	1	1	1	1	1	2	1	1	1
N11	N11.HOG0004779	0	2	1	1	2	1	2	1	1	1	1	1	1	1	3
N11	N11.HOG0004780	1	1	1	1	1	1	1	1	1	1	1	1	1	1	1
N11	N11.HOG0004781	0	1	1	1	1	1	1	1	1	1	1	1	1	1	1
N11	N11.HOG0004782	1	1	1	1	1	1	2	1	1	1	1	0	2	2	2
N11	N11.HOG0004783	0	0	0	1	0	1	1	1	1	1	1	1	0	1	0
N11	N11.HOG0004784	1	1	0	0	2	0	0	0	0	0	0	0	1	0	1
N11	N11.HOG0004785	0	1	0	0	2	0	0	0	0	0	0	0	0	0	0
N11	N11.HOG0004786	0	0	0	0	0	0	0	0	0	0	0	0	1	0	0
N11	N11.HOG0004787	2	1	1	1	1	1	1	1	1	1	1	1	1	1	1
N11	N11.HOG0004788	0	1	1	1	1	1	1	1	1	1	1	1	1	1	1
N11	N11.HOG0004789	1	0	1	1	1	1	0	1	1	1	1	1	1	1	1
N11	N11.HOG0004790	0	1	0	0	0	0	0	0	0	0	0	0	0	0	0
N11	N11.HOG0004791	1	2	1	1	1	1	1	1	1	1	2	1	1	1	1
N11	N11.HOG0004792	1	2	1	2	2	2	2	1	1	2	2	2	3	2	2
N11	N11.HOG0004793	1	1	1	1	1	1	1	1	1	1	1	1	1	1	1
N11	N11.HOG0004794	0	1	0	0	1	0	0	0	0	0	0	0	0	0	0
N11	N11.HOG0004795	1	0	0	0	1	0	0	0	0	0	0	1	0	0	1
N11	N11.HOG0004796	0	0	1	0	0	1	1	1	1	1	1	0	1	1	0
N11	N11.HOG0004797	1	1	1	1	1	1	1	2	2	1	1	1	1	1	1
N11	N11.HOG0004798	1	1	1	1	1	1	1	1	1	1	1	1	1	1	1
N11	N11.HOG0004799	0	0	0	0	0	0	1	1	1	1	1	1	1	1	1
N11	N11.HOG0004800	1	1	1	1	1	1	0	1	1	1	1	1	1	1	1
N11	N11.HOG0004801	1	1	1	1	1	1	1	1	1	1	1	1	1	1	1
N11	N11.HOG0004802	1	0	1	1	1	1	1	2	2	2	2	2	1	1	1
N11	N11.HOG0004803	1	2	1	1	3	1	1	1	1	1	1	1	1	1	2
N11	N11.HOG0004804	0	0	0	0	0	0	0	0	0	0	0	0	0	0	1
N11	N11.HOG0004805	1	2	1	1	2	1	1	1	1	1	0	1	1	1	1
N11	N11.HOG0004806	1	1	2	2	0	2	1	1	1	1	1	1	1	1	1
N11	N11.HOG0004807	0	1	1	1	1	1	1	1	1	1	1	1	1	1	0
N11	N11.HOG0004808	0	1	0	0	2	0	1	0	0	0	0	0	1	0	0
N11	N11.HOG0004809	1	0	0	0	0	0	0	0	0	0	0	0	0	0	1
N11	N11.HOG0004810	1	0	0	0	0	0	0	0	0	0	0	0	0	0	0
N11	N11.HOG0004811	1	3	1	1	1	1	1	1	1	1	1	1	1	1	1
N11	N11.HOG0004812	0	0	0	0	0	0	0	0	0	0	0	0	0	1	0
N11	N11.HOG0004813	1	1	1	1	1	1	1	1	1	1	1	1	1	0	1
N11	N11.HOG0004814	0	1	0	0	1	0	0	0	0	0	0	0	0	0	0
N11	N11.HOG0004815	0	0	0	0	0	0	0	0	0	0	1	1	0	0	0
N11	N11.HOG0004816	0	1	0	0	1	0	0	0	0	0	0	0	0	0	0
N11	N11.HOG0004817	0	1	0	0	1	0	0	0	0	0	0	0	0	0	0
N11	N11.HOG0004818	1	0	1	1	0	1	1	1	1	1	0	0	1	1	1
N11	N11.HOG0004819	1	3	3	2	2	2	1	1	1	1	1	0	1	1	1
N11	N11.HOG0004820	1	3	1	1	1	1	2	1	1	1	1	1	1	1	1
N11	N11.HOG0004821	1	1	1	1	1	1	2	2	2	2	2	2	2	3	2
N11	N11.HOG0004822	1	1	1	1	1	1	1	1	1	1	1	1	1	1	1
N11	N11.HOG0004823	1	1	1	1	1	1	1	1	1	1	1	1	1	1	1
N11	N11.HOG0004824	0	0	0	0	0	0	1	1	1	0	0	0	0	0	0
N11	N11.HOG0004825	0	1	1	0	1	1	0	0	0	0	0	0	0	1	0
N11	N11.HOG0004826	1	1	0	1	1	0	0	0	0	0	0	0	1	0	1
N11	N11.HOG0004827	0	0	0	0	0	0	0	0	0	1	1	1	0	0	0
N11	N11.HOG0004828	0	1	1	1	1	1	1	1	1	1	1	1	1	1	1
N11	N11.HOG0004829	1	1	1	1	1	1	0	1	1	1	1	1	0	0	0
N11	N11.HOG0004830	1	1	1	1	1	1	1	1	1	1	1	1	1	1	1
N11	N11.HOG0004831	1	1	1	1	1	1	1	1	1	1	1	1	2	1	3
N11	N11.HOG0004832	2	1	1	1	1	1	1	1	1	1	1	1	1	1	1
N11	N11.HOG0004833	0	1	0	0	1	0	1	0	0	0	0	0	1	0	0
N11	N11.HOG0004834	1	1	1	1	1	1	1	1	1	1	1	1	0	1	1
N11	N11.HOG0004835	1	1	1	1	1	1	1	1	1	1	1	1	1	1	1
N11	N11.HOG0004836	2	0	0	0	1	0	1	0	0	0	0	0	0	0	0
N11	N11.HOG0004837	1	2	1	1	1	1	1	1	1	1	1	1	1	1	1
N11	N11.HOG0004838	1	1	1	1	1	1	1	1	1	1	1	0	1	1	1
N11	N11.HOG0004839	0	0	1	1	0	0	0	0	0	0	0	0	0	0	0
N11	N11.HOG0004840	1	0	2	1	1	1	2	1	2	1	1	1	2	1	2
N11	N11.HOG0004841	1	1	1	1	1	1	1	1	1	1	1	1	1	2	2
N11	N11.HOG0004842	1	1	1	1	1	1	1	1	1	1	1	1	1	1	1
N11	N11.HOG0004843	1	1	2	1	1	1	1	1	1	1	1	1	1	1	1
N11	N11.HOG0004844	1	1	2	1	1	1	1	1	1	1	1	1	1	1	1
N11	N11.HOG0004845	1	1	1	1	1	1	1	1	1	1	1	1	1	1	1
N11	N11.HOG0004846	1	1	1	1	1	1	2	1	1	1	1	1	1	5	1
N11	N11.HOG0004847	0	1	0	0	0	0	0	0	0	0	0	0	0	0	0
N11	N11.HOG0004848	1	3	1	1	1	1	1	1	1	1	1	1	1	1	1
N11	N11.HOG0004849	1	1	1	1	1	1	1	1	1	1	1	1	1	1	1
N11	N11.HOG0004850	1	0	1	1	0	1	1	1	1	1	1	1	0	1	1
N11	N11.HOG0004851	0	1	0	0	1	0	0	0	0	0	0	0	1	0	0
N11	N11.HOG0004852	0	0	0	0	1	0	0	0	0	0	0	0	0	0	0
N11	N11.HOG0004853	0	1	0	0	0	0	0	0	0	0	0	0	0	0	0
N11	N11.HOG0004854	0	0	0	0	1	0	0	0	0	0	0	0	0	0	0
N11	N11.HOG0004855	1	1	1	1	1	1	1	1	1	1	1	1	1	1	1
N11	N11.HOG0004856	1	2	1	1	1	1	1	1	1	1	1	1	1	1	1
N11	N11.HOG0004857	2	1	1	1	1	1	2	1	1	1	1	1	2	2	1
N11	N11.HOG0004858	0	1	0	0	1	0	0	0	0	0	0	0	0	0	0
N11	N11.HOG0004859	1	0	0	0	1	0	1	0	0	0	0	0	1	1	0
N11	N11.HOG0004860	1	1	1	1	1	1	0	1	1	1	1	1	0	0	1
N11	N11.HOG0004861	1	1	1	1	2	1	1	1	1	1	1	1	1	1	1
N11	N11.HOG0004862	0	0	0	0	0	0	0	0	0	0	0	0	0	0	1
N11	N11.HOG0004863	1	1	3	1	1	1	1	1	1	1	1	1	1	2	2
N11	N11.HOG0004864	0	0	0	0	0	1	0	0	0	0	0	0	0	0	0
N11	N11.HOG0004865	0	2	0	0	1	0	0	0	0	0	0	0	0	1	1
N11	N11.HOG0004866	0	0	0	0	1	0	0	0	0	0	0	0	0	1	0
N11	N11.HOG0004867	1	0	1	1	0	0	1	1	1	1	1	1	1	0	0
N11	N11.HOG0004868	1	2	1	1	1	1	1	1	1	1	1	1	2	1	1
N11	N11.HOG0004869	1	0	1	1	1	1	1	1	1	1	1	1	0	1	1
N11	N11.HOG0004870	1	0	0	0	0	0	1	1	0	0	0	0	0	1	1
N11	N11.HOG0004871	1	4	1	2	1	1	1	1	1	1	1	1	1	1	1
N11	N11.HOG0004872	0	1	0	1	1	1	1	1	2	1	1	1	2	1	0
N11	N11.HOG0004873	0	1	1	0	1	0	1	0	0	0	0	0	0	0	0
N11	N11.HOG0004874	0	1	0	0	1	0	0	0	0	0	0	0	0	0	0
N11	N11.HOG0004875	1	0	0	0	0	0	0	0	0	0	0	0	0	0	0
N11	N11.HOG0004876	0	3	1	1	1	1	2	1	1	1	1	1	1	1	1
N11	N11.HOG0004877	0	0	0	0	0	0	0	0	0	0	0	0	1	1	1
N11	N11.HOG0004878	0	1	1	1	1	1	1	1	1	1	1	1	0	0	0
N11	N11.HOG0004879	0	1	0	0	1	1	1	0	0	0	0	0	0	0	0
N11	N11.HOG0004880	0	0	0	0	1	0	0	0	0	0	0	0	0	0	0
N11	N11.HOG0004881	1	3	1	1	1	1	1	1	1	1	1	1	1	1	1
N11	N11.HOG0004882	0	0	2	1	2	1	2	1	2	1	2	2	2	2	2
N11	N11.HOG0004883	0	1	0	0	0	0	0	0	0	0	0	0	2	1	0
N11	N11.HOG0004884	0	1	0	0	1	0	0	0	0	0	0	0	1	1	0
N11	N11.HOG0004885	1	0	1	1	0	1	1	1	1	1	1	1	0	0	1
N11	N11.HOG0004886	1	1	1	1	1	1	1	1	1	1	1	1	2	1	1
N11	N11.HOG0004887	0	2	0	0	1	0	0	0	0	0	0	0	0	0	0
N11	N11.HOG0004888	1	1	1	1	2	1	1	1	1	1	1	1	1	1	1
N11	N11.HOG0004889	1	1	1	2	2	2	2	2	2	1	1	1	2	2	2
N11	N11.HOG0004890	1	1	1	1	1	1	2	1	1	1	1	1	1	1	1
N11	N11.HOG0004891	1	2	2	2	2	2	2	2	2	2	2	2	2	2	1
N11	N11.HOG0004892	1	4	1	1	1	1	1	1	1	1	1	1	1	1	1
N11	N11.HOG0004893	1	1	1	1	1	1	1	1	1	1	1	1	1	1	1
N11	N11.HOG0004894	1	0	0	0	0	0	0	0	0	0	0	0	0	0	0
N11	N11.HOG0004895	1	2	1	1	2	1	1	1	1	1	2	1	1	1	1
N11	N11.HOG0004896	0	2	0	0	0	0	0	0	0	0	0	0	0	0	0
N11	N11.HOG0004897	0	2	0	0	0	0	0	0	0	0	0	0	0	0	0
N11	N11.HOG0004898	0	0	1	1	1	1	1	1	1	1	1	1	1	1	1
N11	N11.HOG0004899	1	1	1	1	1	1	1	1	1	1	1	1	1	1	1
N11	N11.HOG0004900	1	1	1	1	1	1	1	1	1	1	1	1	1	1	1
N11	N11.HOG0004901	1	1	1	1	1	1	2	1	1	1	1	1	3	1	1
N11	N11.HOG0004902	0	0	1	1	0	1	0	1	1	1	1	1	0	0	0
N11	N11.HOG0004903	0	0	2	1	0	1	0	1	1	1	1	1	0	0	0
N11	N11.HOG0004904	1	2	1	1	1	1	2	1	1	1	1	1	1	2	1
N11	N11.HOG0004905	0	1	0	0	1	0	1	0	0	0	0	0	0	0	0
N11	N11.HOG0004906	0	1	2	1	1	1	1	1	1	0	0	1	1	1	1
N11	N11.HOG0004907	1	1	1	1	1	1	1	1	1	1	1	1	1	1	1
N11	N11.HOG0004908	0	0	0	0	0	0	1	1	0	0	0	0	0	0	0
N11	N11.HOG0004909	1	1	1	1	1	1	1	1	1	1	1	1	1	1	1
N11	N11.HOG0004910	1	2	2	2	2	2	2	2	2	2	2	2	2	1	1
N11	N11.HOG0004911	0	2	1	1	2	1	1	1	1	1	1	1	1	1	1
N11	N11.HOG0004912	0	0	0	0	1	1	0	0	0	1	1	1	0	0	0
N11	N11.HOG0004913	1	1	1	1	0	0	1	1	1	1	1	1	1	1	1
N11	N11.HOG0004914	1	0	1	1	1	1	1	1	1	1	1	1	1	1	1
N11	N11.HOG0004915	1	1	1	1	1	1	1	1	1	1	1	1	1	1	1
N11	N11.HOG0004916	1	1	1	1	1	1	1	1	1	1	1	1	1	1	1
N11	N11.HOG0004917	0	1	0	0	0	0	1	0	0	0	0	0	0	0	0
N11	N11.HOG0004918	0	0	0	0	0	0	1	0	0	0	0	0	0	0	0
N11	N11.HOG0004919	1	1	1	1	0	1	1	1	1	1	1	1	1	1	1
N11	N11.HOG0004920	1	1	1	1	1	1	1	1	1	1	1	1	1	1	1
N11	N11.HOG0004921	1	0	1	1	0	1	1	1	1	1	1	1	0	1	1
N11	N11.HOG0004922	0	2	0	0	0	0	0	0	0	0	0	0	0	0	0
N11	N11.HOG0004923	0	0	0	0	1	0	0	0	0	0	0	0	1	0	0
N11	N11.HOG0004924	0	1	0	0	1	0	0	0	0	0	0	0	1	0	0
N11	N11.HOG0004925	0	0	0	0	0	0	0	0	0	1	0	1	0	0	0
N11	N11.HOG0004926	0	1	0	0	1	0	1	0	0	0	1	0	0	0	0
N11	N11.HOG0004927	1	1	1	1	1	1	1	1	1	0	1	0	0	0	0
N11	N11.HOG0004928	1	1	1	1	1	1	1	1	1	1	1	1	1	1	1
N11	N11.HOG0004929	1	1	1	2	1	1	1	1	1	1	1	1	0	1	1
N11	N11.HOG0004930	1	1	3	3	0	2	1	1	1	1	1	1	1	1	1
N11	N11.HOG0004931	1	2	1	1	1	1	1	1	1	1	1	1	1	1	1
N11	N11.HOG0004932	1	1	1	1	1	1	1	1	1	1	1	1	1	1	1
N11	N11.HOG0004933	0	1	0	0	0	0	0	0	0	0	0	0	1	0	0
N11	N11.HOG0004934	1	2	1	1	2	2	1	1	1	1	1	1	1	1	1
N11	N11.HOG0004935	0	1	1	0	1	1	1	1	1	1	1	1	0	0	0
N11	N11.HOG0004936	1	1	1	1	1	1	1	1	1	1	1	1	2	1	0
N11	N11.HOG0004937	1	1	1	1	1	1	1	1	1	1	1	1	1	1	2
N11	N11.HOG0004938	1	1	1	1	1	1	2	1	1	2	2	2	1	2	2
N11	N11.HOG0004939	0	0	1	1	0	1	0	0	0	0	0	0	0	0	0
N11	N11.HOG0004940	1	1	1	1	1	1	1	1	1	1	1	1	1	1	1
N11	N11.HOG0004941	1	1	1	1	1	1	1	1	1	1	1	1	1	1	1
N11	N11.HOG0004942	0	0	0	0	0	0	0	0	0	0	0	0	0	0	1
N11	N11.HOG0004943	1	0	0	1	0	1	1	1	1	1	1	1	1	1	0
N11	N11.HOG0004944	0	0	0	0	1	0	0	0	0	0	0	0	0	0	0
N11	N11.HOG0004945	0	1	1	0	1	0	0	0	0	0	0	0	0	0	0
N11	N11.HOG0004946	0	1	0	0	1	0	0	0	0	0	0	0	0	0	0
N11	N11.HOG0004947	1	2	1	1	2	1	1	1	1	1	1	1	2	1	1
N11	N11.HOG0004948	0	1	0	0	1	0	0	0	0	0	0	0	0	0	0
N11	N11.HOG0004949	0	1	1	1	1	1	0	0	0	0	0	0	0	0	0
N11	N11.HOG0004950	1	0	0	0	0	0	1	0	0	0	0	0	0	0	0
N11	N11.HOG0004951	1	0	0	0	0	0	1	2	1	1	1	1	1	2	1
N11	N11.HOG0004952	0	0	1	0	1	0	1	1	1	1	0	0	1	0	0
N11	N11.HOG0004953	0	2	0	1	1	1	0	0	0	0	0	0	0	0	0
N11	N11.HOG0004954	0	1	0	0	0	0	0	0	0	0	0	0	0	0	0
N11	N11.HOG0004955	1	0	0	0	0	0	0	0	0	0	1	1	0	1	1
N11	N11.HOG0004956	1	1	1	1	1	1	1	1	1	1	1	1	1	1	1
N11	N11.HOG0004957	1	1	1	2	0	2	1	1	1	1	1	1	1	1	1
N11	N11.HOG0004958	1	1	1	1	1	1	1	1	1	1	1	1	1	1	1
N11	N11.HOG0004959	1	1	1	1	1	1	1	1	1	1	1	1	1	1	1
N11	N11.HOG0004960	1	1	1	1	1	1	1	1	1	1	1	1	1	1	1
N11	N11.HOG0004961	0	1	0	0	0	0	0	0	0	0	0	0	0	0	0
N11	N11.HOG0004962	0	1	0	0	0	0	0	0	0	0	0	0	0	0	0
N11	N11.HOG0004963	0	21	0	0	0	0	0	0	0	0	0	0	0	0	0
N11	N11.HOG0004964	0	0	0	0	0	0	0	0	0	1	1	1	0	0	0
N11	N11.HOG0004965	0	0	0	0	0	0	1	0	0	0	0	0	0	0	0
N11	N11.HOG0004966	0	0	1	0	0	1	0	0	0	0	0	0	0	0	0
N11	N11.HOG0004967	1	1	0	0	2	0	1	0	0	0	0	0	0	1	1
N11	N11.HOG0004968	0	1	1	1	1	1	0	0	0	0	0	0	0	0	0
N11	N11.HOG0004969	0	0	0	0	1	0	1	1	1	1	1	1	1	1	1
N11	N11.HOG0004970	1	0	0	0	0	0	0	0	0	0	0	0	0	0	0
N11	N11.HOG0004971	1	2	1	1	1	1	1	1	1	1	1	1	1	1	1
N11	N11.HOG0004972	1	1	1	1	1	1	1	1	1	1	1	1	1	1	1
N11	N11.HOG0004973	1	1	1	1	1	1	2	1	1	1	1	1	1	1	1
N11	N11.HOG0004974	0	2	1	1	1	0	1	1	1	1	1	1	1	1	1
N11	N11.HOG0004975	0	2	0	0	0	0	0	0	0	0	0	0	0	0	0
N11	N11.HOG0004976	1	1	1	1	1	1	1	1	1	1	1	1	2	3	1
N11	N11.HOG0004977	1	1	1	1	1	1	1	1	1	1	1	1	2	1	2
N11	N11.HOG0004978	1	2	1	1	1	1	3	1	1	1	1	1	1	1	1
N11	N11.HOG0004979	1	1	1	1	2	1	1	1	1	1	1	1	3	2	1
N11	N11.HOG0004980	1	0	1	1	1	1	1	1	1	1	1	1	1	1	1
N11	N11.HOG0004981	0	4	1	1	3	1	1	1	1	1	1	1	1	1	1
N11	N11.HOG0004982	1	1	1	1	1	1	2	1	1	1	1	1	1	1	2
N11	N11.HOG0004983	1	2	1	1	1	1	1	1	1	1	1	1	1	1	1
N11	N11.HOG0004984	1	2	1	1	1	1	1	1	1	1	1	1	1	1	3
N11	N11.HOG0004985	0	0	0	0	0	0	0	0	0	0	0	0	0	2	1
N11	N11.HOG0004986	1	1	1	1	1	1	1	1	1	1	1	1	2	1	1
N11	N11.HOG0004987	1	4	1	1	2	1	1	2	1	2	2	2	1	1	1
N11	N11.HOG0004988	0	0	1	1	0	1	0	1	1	1	1	1	0	0	0
N11	N11.HOG0004989	1	0	0	0	1	0	0	0	0	0	0	0	1	1	1
N11	N11.HOG0004990	0	1	0	0	0	0	0	0	0	0	0	0	0	0	0
N11	N11.HOG0004991	0	2	0	0	1	0	1	0	0	0	0	0	0	0	0
N11	N11.HOG0004992	1	1	1	1	1	1	2	1	1	1	1	1	1	1	1
N11	N11.HOG0004993	0	1	1	1	1	1	0	0	0	0	0	0	0	0	0
N11	N11.HOG0004994	1	0	0	0	0	0	1	0	0	0	0	0	0	0	0
N11	N11.HOG0004995	1	0	0	0	0	0	1	0	0	0	0	0	0	0	0
N11	N11.HOG0004996	0	0	0	0	0	0	0	1	1	1	1	1	1	1	1
N11	N11.HOG0004997	2	2	1	2	2	1	1	1	1	1	1	1	1	1	1
N11	N11.HOG0004998	1	1	1	1	3	1	1	1	1	1	1	0	1	1	1
N11	N11.HOG0004999	1	2	1	1	1	1	1	1	1	1	1	1	1	1	1
N11	N11.HOG0005000	0	2	0	0	0	0	0	0	0	0	0	0	0	1	0
N11	N11.HOG0005001	1	3	1	1	4	1	1	1	1	1	1	1	2	1	1
N11	N11.HOG0005002	0	2	1	1	2	1	1	1	1	1	1	1	1	1	1
N11	N11.HOG0005003	1	1	1	1	3	1	1	1	1	1	1	1	1	1	1
N11	N11.HOG0005004	1	1	1	1	1	1	1	1	1	1	2	2	1	1	1
N11	N11.HOG0005005	1	1	1	1	1	1	1	1	1	1	1	1	1	1	1
N11	N11.HOG0005006	1	4	1	1	2	1	1	1	1	1	1	1	1	1	2
N11	N11.HOG0005007	1	1	1	1	2	1	2	1	1	1	1	1	1	1	1
N11	N11.HOG0005008	0	1	1	1	1	1	1	1	1	1	1	1	1	1	1
N11	N11.HOG0005009	0	1	1	1	1	0	1	1	1	1	1	1	1	1	1
N11	N11.HOG0005010	1	1	1	1	1	1	1	1	1	1	1	1	1	1	1
N11	N11.HOG0005011	0	1	1	1	1	1	1	1	1	1	1	1	1	1	1
N11	N11.HOG0005012	1	1	1	1	1	1	1	1	1	1	1	1	1	1	1
N11	N11.HOG0005013	1	1	1	1	1	1	1	1	1	1	1	1	1	1	1
N11	N11.HOG0005014	1	2	1	1	2	1	1	1	1	1	1	1	1	1	1
N11	N11.HOG0005015	0	1	1	1	1	1	1	1	1	1	1	1	2	1	1
N11	N11.HOG0005016	1	1	1	1	1	1	1	1	1	1	1	1	1	1	1
N11	N11.HOG0005017	1	1	1	1	1	1	2	1	1	1	1	1	1	1	1
N11	N11.HOG0005018	1	1	1	1	1	1	1	1	1	1	1	1	1	1	1
N11	N11.HOG0005019	1	2	1	1	1	1	1	1	1	1	1	1	1	1	1
N11	N11.HOG0005020	1	2	1	1	2	1	1	1	1	1	1	1	1	1	1
N11	N11.HOG0005021	1	1	1	1	1	1	1	1	1	1	1	1	1	1	1
N11	N11.HOG0005022	0	1	1	1	1	1	1	1	1	1	1	1	0	1	0
N11	N11.HOG0005023	1	1	1	1	1	1	1	1	1	1	1	1	1	1	1
N11	N11.HOG0005024	1	1	1	1	1	1	1	1	2	1	1	1	1	1	1
N11	N11.HOG0005025	1	1	1	1	1	1	1	1	1	1	1	1	1	1	1
N11	N11.HOG0005026	0	1	0	0	1	0	0	0	0	0	0	0	0	0	0
N11	N11.HOG0005027	1	1	1	1	1	1	2	2	2	1	1	1	3	2	3
N11	N11.HOG0005028	1	2	1	1	0	1	0	1	1	1	1	1	0	0	1
N11	N11.HOG0005029	0	0	0	0	1	0	1	0	0	0	0	0	0	0	0
N11	N11.HOG0005030	0	0	0	0	1	0	1	0	0	0	0	0	1	1	0
N11	N11.HOG0005031	1	1	1	1	1	1	1	1	1	1	1	1	1	1	1
N11	N11.HOG0005032	1	0	1	1	2	1	1	1	1	1	1	1	1	2	2
N11	N11.HOG0005033	1	1	1	1	1	1	1	1	1	1	1	1	1	1	1
N11	N11.HOG0005034	1	2	1	1	1	1	1	1	1	1	1	1	1	1	1
N11	N11.HOG0005035	1	2	1	2	1	1	1	1	1	1	2	1	1	1	1
N11	N11.HOG0005036	1	1	1	1	1	1	1	1	1	1	1	1	1	1	1
N11	N11.HOG0005037	1	1	1	1	0	1	1	1	1	1	1	1	0	1	1
N11	N11.HOG0005038	0	1	0	0	1	0	0	0	0	0	0	0	1	0	0
N11	N11.HOG0005039	1	1	0	0	0	0	0	0	0	0	0	0	1	0	0
N11	N11.HOG0005040	0	1	0	0	1	0	1	0	0	0	0	0	0	0	0
N11	N11.HOG0005041	2	3	1	1	1	1	1	1	1	1	1	1	1	1	1
N11	N11.HOG0005042	2	2	0	1	1	1	1	1	1	1	1	1	1	1	2
N11	N11.HOG0005043	1	1	1	1	1	1	2	1	1	1	1	1	1	1	2
N11	N11.HOG0005044	1	1	1	1	1	1	1	1	1	1	1	1	1	1	1
N11	N11.HOG0005045	2	1	1	1	1	1	1	1	1	1	1	1	1	1	1
N11	N11.HOG0005046	1	1	1	1	1	1	1	1	1	1	1	1	1	1	1
N11	N11.HOG0005047	1	1	1	1	3	1	2	1	1	1	1	1	1	1	1
N11	N11.HOG0005048	0	0	1	1	0	1	0	0	0	0	0	0	0	0	1
N11	N11.HOG0005049	1	1	0	0	1	0	1	0	0	0	0	0	1	1	0
N11	N11.HOG0005050	0	0	0	0	1	0	1	0	0	1	0	1	1	1	0
N11	N11.HOG0005051	0	0	0	0	0	0	0	1	1	0	0	0	0	0	0
N11	N11.HOG0005052	1	1	1	1	1	1	2	1	1	1	1	1	1	1	2
N11	N11.HOG0005053	1	1	1	1	1	1	1	1	1	1	1	1	1	2	2
N11	N11.HOG0005054	1	1	1	1	1	1	1	1	1	1	1	1	1	1	1
N11	N11.HOG0005055	0	0	0	0	0	0	1	0	0	0	0	0	0	0	0
N11	N11.HOG0005056	3	0	0	0	0	0	0	0	0	0	0	0	0	0	0
N11	N11.HOG0005057	1	1	1	1	0	1	1	1	1	1	1	1	1	1	1
N11	N11.HOG0005058	1	1	1	1	1	10	1	1	1	1	1	1	1	1	1
N11	N11.HOG0005059	0	0	1	0	0	0	0	0	0	0	0	0	0	0	0
N11	N11.HOG0005060	1	1	1	1	1	1	1	1	1	1	1	1	1	1	1
N11	N11.HOG0005061	2	3	1	1	1	1	1	1	1	1	1	1	1	1	1
N11	N11.HOG0005062	1	1	0	0	0	0	1	0	0	0	0	0	0	0	0
N11	N11.HOG0005063	1	2	0	0	2	1	1	0	0	0	0	0	0	0	0
N11	N11.HOG0005064	0	0	0	1	0	0	0	1	1	1	1	1	1	1	1
N11	N11.HOG0005065	1	2	1	1	1	1	2	1	1	1	1	1	1	1	2
N11	N11.HOG0005066	0	1	0	0	2	0	0	0	0	0	0	0	1	1	1
N11	N11.HOG0005067	1	1	1	1	2	1	1	1	1	1	1	1	0	0	0
N11	N11.HOG0005068	1	2	1	1	3	1	1	1	1	1	1	1	1	1	1
N11	N11.HOG0005069	1	4	1	1	2	1	1	1	1	1	1	1	2	1	1
N11	N11.HOG0005070	1	1	1	1	1	1	2	1	1	1	1	1	1	2	1
N11	N11.HOG0005071	1	2	1	1	1	1	1	1	1	1	1	1	1	1	1
N11	N11.HOG0005072	0	1	0	1	2	1	0	0	0	0	0	0	0	0	0
N11	N11.HOG0005073	1	1	1	1	1	1	1	1	1	1	1	0	1	1	1
N11	N11.HOG0005074	0	1	1	1	1	1	1	1	1	1	1	1	0	0	0
N11	N11.HOG0005075	1	1	0	0	2	0	0	0	0	0	0	0	1	1	0
N11	N11.HOG0005076	0	1	0	0	1	0	0	0	0	0	0	0	0	0	0
N11	N11.HOG0005077	1	1	1	1	1	1	1	1	1	1	1	1	1	1	1
N11	N11.HOG0005078	1	2	1	1	2	3	1	1	1	1	1	1	1	1	1
N11	N11.HOG0005079	1	4	2	2	2	2	1	1	1	1	1	1	1	1	1
N11	N11.HOG0005080	0	0	0	0	2	0	0	0	0	0	0	0	0	0	0
N11	N11.HOG0005081	1	1	1	1	1	1	1	1	1	1	1	1	1	1	1
N11	N11.HOG0005082	1	1	1	1	1	1	1	1	1	1	1	1	1	1	1
N11	N11.HOG0005083	2	1	1	1	1	1	1	1	1	1	1	1	1	1	1
N11	N11.HOG0005084	1	0	0	0	0	0	0	0	0	0	0	0	0	0	0
N11	N11.HOG0005085	0	0	0	0	0	0	0	0	0	0	0	0	0	1	0
N11	N11.HOG0005086	1	0	0	0	0	0	0	0	0	1	1	1	0	0	0
N11	N11.HOG0005087	1	2	1	1	1	1	1	1	1	1	4	1	1	2	2
N11	N11.HOG0005088	1	1	1	1	1	1	1	1	1	2	2	2	2	2	2
N11	N11.HOG0005089	1	1	1	1	1	1	1	1	1	1	1	1	1	1	1
N11	N11.HOG0005090	0	1	0	0	1	0	0	0	0	0	0	0	0	0	0
N11	N11.HOG0005091	1	1	1	1	1	1	1	1	1	1	1	1	1	1	1
N11	N11.HOG0005092	1	1	1	1	1	1	1	1	1	1	1	1	1	1	1
N11	N11.HOG0005093	1	2	1	1	1	1	2	1	1	1	1	1	1	5	1
N11	N11.HOG0005094	0	2	1	1	1	1	1	1	1	1	1	1	1	1	1
N11	N11.HOG0005095	1	0	0	0	0	0	0	0	0	0	0	0	0	0	0
N11	N11.HOG0005096	0	1	1	1	1	1	1	1	1	1	1	1	1	1	1
N11	N11.HOG0005097	1	4	1	1	2	1	2	1	1	1	1	1	1	2	2
N11	N11.HOG0005098	1	1	1	1	1	1	1	1	1	1	1	1	1	1	1
N11	N11.HOG0005099	2	2	2	1	1	1	2	1	1	1	1	1	1	1	1
N11	N11.HOG0005100	0	1	0	0	1	0	0	1	1	0	1	0	0	1	0
N11	N11.HOG0005101	1	1	1	1	1	1	1	1	1	1	1	1	1	1	1
N11	N11.HOG0005102	2	2	1	1	2	1	1	1	1	1	1	1	1	1	2
N11	N11.HOG0005103	1	1	1	1	1	1	1	1	1	1	1	1	1	1	1
N11	N11.HOG0005104	1	1	1	1	1	1	1	1	1	1	1	1	1	1	1
N11	N11.HOG0005105	1	2	1	1	1	1	1	1	1	1	1	1	1	1	1
N11	N11.HOG0005106	1	1	1	12	0	1	1	1	1	1	1	1	0	1	1
N11	N11.HOG0005107	1	1	1	1	1	1	1	1	1	1	1	1	1	1	1
N11	N11.HOG0005108	1	1	1	1	1	1	1	1	1	1	1	1	1	1	1
N11	N11.HOG0005109	1	1	1	1	1	1	1	1	1	1	1	1	1	1	1
N11	N11.HOG0005110	0	0	0	0	0	0	0	0	0	0	0	0	1	1	0
N11	N11.HOG0005111	2	1	1	1	1	1	1	1	1	1	1	1	0	1	1
N11	N11.HOG0005112	0	0	1	1	0	1	1	1	1	1	1	1	0	1	1
N11	N11.HOG0005113	1	0	0	0	0	0	0	0	0	0	0	0	1	0	0
N11	N11.HOG0005114	0	2	0	0	1	0	0	0	0	0	0	0	0	0	0
N11	N11.HOG0005115	0	1	0	0	2	0	0	0	0	0	0	0	0	0	0
N11	N11.HOG0005116	1	1	1	1	1	1	1	1	1	1	1	1	1	1	1
N11	N11.HOG0005117	1	3	1	1	2	1	1	1	1	1	1	1	1	1	1
N11	N11.HOG0005118	1	1	1	1	1	1	1	1	1	1	1	1	1	1	1
N11	N11.HOG0005119	1	1	1	1	1	1	1	1	1	1	1	1	1	1	1
N11	N11.HOG0005120	1	1	1	1	1	1	1	1	1	1	1	1	1	1	1
N11	N11.HOG0005121	1	1	1	1	1	1	1	1	1	1	2	2	1	1	1
N11	N11.HOG0005122	1	1	1	1	1	1	2	1	1	1	1	1	1	1	1
N11	N11.HOG0005123	2	4	1	1	1	1	1	1	1	1	1	1	2	1	1
N11	N11.HOG0005124	0	1	1	1	1	1	1	1	1	1	1	1	1	1	1
N11	N11.HOG0005125	1	2	1	1	1	1	1	1	1	1	1	1	1	1	1
N11	N11.HOG0005126	0	2	0	0	1	0	0	0	0	0	0	0	0	0	0
N11	N11.HOG0005127	1	1	1	1	1	1	1	1	1	1	1	1	1	1	1
N11	N11.HOG0005128	1	1	1	1	1	1	1	1	1	1	1	1	1	1	0
N11	N11.HOG0005129	0	1	0	0	1	0	0	0	0	0	0	0	0	0	0
N11	N11.HOG0005130	1	1	1	1	2	1	1	1	1	1	1	1	1	1	1
N11	N11.HOG0005131	0	0	0	0	1	0	0	0	0	0	0	0	0	0	0
N11	N11.HOG0005132	0	1	0	1	1	0	1	0	0	0	0	0	0	1	1
N11	N11.HOG0005133	1	0	1	0	2	1	0	1	1	1	1	1	1	0	0
N11	N11.HOG0005134	1	1	1	1	1	1	1	1	1	1	1	1	1	1	1
N11	N11.HOG0005135	1	1	1	1	1	1	1	1	1	1	1	1	1	1	1
N11	N11.HOG0005136	0	1	1	1	1	1	1	1	1	1	1	1	1	1	1
N11	N11.HOG0005137	1	0	0	1	0	0	0	0	1	0	0	0	0	1	0
N11	N11.HOG0005138	0	2	1	0	1	1	1	1	0	1	1	1	1	0	1
N11	N11.HOG0005139	1	1	1	1	1	1	0	1	0	1	1	1	0	0	0
N11	N11.HOG0005140	2	1	2	2	1	2	3	2	2	1	2	2	2	2	2
N11	N11.HOG0005141	1	1	1	1	1	1	1	1	2	1	1	1	1	1	0
N11	N11.HOG0005142	1	1	1	1	1	1	1	1	1	1	1	1	3	3	2
N11	N11.HOG0005143	1	1	1	1	1	1	1	1	1	1	1	1	1	1	1
N11	N11.HOG0005144	1	1	1	1	1	1	1	1	1	1	1	1	1	1	1
N11	N11.HOG0005145	0	0	0	0	0	0	0	0	0	0	0	0	1	1	0
N11	N11.HOG0005146	1	0	0	0	0	0	0	0	0	0	0	0	0	0	0
N11	N11.HOG0005147	1	1	1	1	1	1	1	1	1	1	1	1	0	1	0
N11	N11.HOG0005148	0	0	0	0	0	0	0	0	0	0	0	0	0	0	1
N11	N11.HOG0005149	1	2	1	1	1	1	1	1	1	1	1	1	1	1	1
N11	N11.HOG0005150	1	1	1	1	2	1	1	1	1	1	1	1	1	1	1
N11	N11.HOG0005151	1	1	1	1	1	1	1	1	1	1	1	1	1	1	1
N11	N11.HOG0005152	1	0	1	1	1	1	1	1	1	1	1	1	1	1	1
N11	N11.HOG0005153	1	1	1	1	1	1	1	1	1	1	1	1	1	1	1
N11	N11.HOG0005154	1	1	1	1	1	1	1	1	1	1	1	1	1	1	1
N11	N11.HOG0005155	1	2	1	1	1	1	1	1	1	1	1	1	1	1	1
N11	N11.HOG0005156	0	1	1	14	1	1	0	1	1	1	1	1	0	1	1
N11	N11.HOG0005157	1	2	1	1	1	1	1	1	1	1	1	1	1	1	3
N11	N11.HOG0005158	1	0	1	1	0	1	1	1	1	1	1	1	1	1	1
N11	N11.HOG0005159	0	1	0	0	0	0	0	0	0	0	0	0	0	0	0
N11	N11.HOG0005160	0	1	0	0	1	0	0	0	0	0	0	0	0	0	0
N11	N11.HOG0005161	0	1	0	0	0	0	0	0	0	0	0	0	0	0	0
N11	N11.HOG0005162	0	1	0	0	1	0	0	0	0	0	0	0	0	0	0
N11	N11.HOG0005163	0	1	1	1	1	1	1	1	1	1	1	1	1	1	0
N11	N11.HOG0005164	0	1	1	1	1	1	1	1	1	1	1	1	1	1	1
N11	N11.HOG0005165	1	1	1	1	1	1	1	1	1	1	1	1	1	1	1
N11	N11.HOG0005166	1	2	1	1	2	1	2	1	1	1	1	1	3	2	1
N11	N11.HOG0005167	1	2	1	1	1	1	1	1	1	1	1	1	1	1	1
N11	N11.HOG0005168	1	1	1	1	2	1	1	1	1	1	1	1	1	1	1
N11	N11.HOG0005169	1	1	1	1	1	1	1	1	1	1	1	1	1	1	1
N11	N11.HOG0005170	0	1	0	0	1	0	1	0	0	0	0	0	0	1	0
N11	N11.HOG0005171	1	3	1	1	3	1	1	1	1	1	1	1	1	2	1
N11	N11.HOG0005172	0	0	0	0	0	0	0	0	0	0	0	0	0	1	0
N11	N11.HOG0005173	0	1	0	0	1	0	0	0	0	0	0	0	1	0	0
N11	N11.HOG0005174	0	1	0	0	0	0	0	0	0	0	0	0	0	0	0
N11	N11.HOG0005175	1	0	1	1	0	1	1	1	1	1	1	1	0	0	1
N11	N11.HOG0005176	1	1	1	1	1	2	1	1	1	1	1	1	1	1	1
N11	N11.HOG0005177	1	1	1	1	2	1	2	1	1	1	1	1	1	1	1
N11	N11.HOG0005178	1	1	1	1	1	1	1	1	1	1	1	1	1	2	1
N11	N11.HOG0005179	0	1	1	1	1	1	1	1	1	1	1	1	1	1	1
N11	N11.HOG0005180	0	2	1	1	1	1	1	1	1	1	1	1	1	1	1
N11	N11.HOG0005181	0	1	1	0	4	1	0	0	0	1	1	1	1	1	1
N11	N11.HOG0005182	0	0	0	0	2	0	0	0	0	0	0	0	0	0	0
N11	N11.HOG0005183	0	0	0	0	0	0	1	1	1	0	0	0	0	0	0
N11	N11.HOG0005184	0	0	0	1	0	0	0	0	0	0	0	0	0	0	0
N11	N11.HOG0005185	1	2	1	1	1	1	1	1	1	1	1	1	1	1	0
N11	N11.HOG0005186	0	0	1	1	0	1	0	0	0	0	0	0	0	0	0
N11	N11.HOG0005187	0	1	0	0	0	0	0	0	0	1	1	1	1	1	1
N11	N11.HOG0005188	0	2	0	0	1	0	0	0	0	0	0	0	0	0	0
N11	N11.HOG0005189	0	0	0	0	1	0	0	0	0	0	0	0	0	0	0
N11	N11.HOG0005190	0	0	0	0	0	0	1	1	1	0	0	0	0	0	0
N11	N11.HOG0005191	0	0	0	0	1	0	0	0	0	0	0	0	0	0	0
N11	N11.HOG0005192	1	1	1	1	2	1	1	1	1	1	1	1	1	1	1
N11	N11.HOG0005193	1	1	1	1	1	1	1	1	1	1	1	1	1	1	2
N11	N11.HOG0005194	1	1	1	1	1	1	1	1	1	1	1	1	1	1	1
N11	N11.HOG0005195	1	1	1	1	1	1	1	1	1	1	1	1	2	1	1
N11	N11.HOG0005196	1	1	1	1	1	1	1	1	1	1	1	1	1	1	1
N11	N11.HOG0005197	1	1	1	1	1	1	1	1	1	1	1	1	1	1	1
N11	N11.HOG0005198	1	1	1	1	1	1	1	1	1	1	1	1	1	1	1
N11	N11.HOG0005199	0	0	0	0	0	0	1	0	0	0	0	0	0	0	0
N11	N11.HOG0005200	1	1	1	1	1	1	1	1	1	1	1	1	1	1	1
N11	N11.HOG0005201	1	1	1	1	1	1	1	1	1	1	1	1	1	1	1
N11	N11.HOG0005202	0	0	1	1	0	1	1	1	1	1	1	1	0	0	1
N11	N11.HOG0005203	1	2	0	0	1	0	0	0	0	0	0	0	0	1	0
N11	N11.HOG0005204	0	4	0	0	1	0	0	0	0	0	0	0	1	0	0
N11	N11.HOG0005205	1	2	1	1	1	1	1	1	1	1	1	1	3	4	3
N11	N11.HOG0005206	1	2	1	1	2	1	1	1	1	1	1	1	1	1	2
N11	N11.HOG0005207	1	1	1	1	1	1	1	1	1	1	1	1	1	1	1
N11	N11.HOG0005208	1	2	1	1	1	1	2	1	1	1	1	1	1	1	1
N11	N11.HOG0005209	1	1	1	1	1	1	1	1	1	1	1	1	0	1	2
N11	N11.HOG0005210	1	2	1	1	2	1	2	1	1	1	1	1	1	1	1
N11	N11.HOG0005211	1	4	1	1	1	1	1	1	1	1	1	1	1	1	1
N11	N11.HOG0005212	1	1	1	1	1	1	1	1	1	1	1	1	1	1	1
N11	N11.HOG0005213	1	1	1	1	1	1	2	1	1	1	1	1	1	1	1
N11	N11.HOG0005214	1	1	1	1	2	3	1	1	1	1	1	1	1	1	1
N11	N11.HOG0005215	0	1	0	0	1	0	0	0	0	0	0	0	1	0	0
N11	N11.HOG0005216	1	1	1	1	1	1	1	1	1	1	1	1	1	1	1
N11	N11.HOG0005217	1	5	1	1	2	1	1	1	1	1	1	1	1	1	1
N11	N11.HOG0005218	1	1	1	1	1	1	1	1	1	1	1	1	1	1	1
N11	N11.HOG0005219	1	2	1	1	2	1	1	1	1	1	1	1	1	1	0
N11	N11.HOG0005220	1	1	1	1	1	1	1	1	1	1	1	1	1	1	1
N11	N11.HOG0005221	1	1	1	1	1	1	2	1	1	1	1	1	1	1	1
N11	N11.HOG0005222	2	0	1	1	1	1	1	1	1	1	1	1	1	1	1
N11	N11.HOG0005223	1	1	1	2	2	1	1	1	1	1	1	1	1	1	1
N11	N11.HOG0005224	1	1	1	1	1	1	2	1	1	1	1	1	1	2	1
N11	N11.HOG0005225	1	1	1	1	1	1	1	1	1	2	1	1	2	2	2
N11	N11.HOG0005226	0	0	0	0	0	0	1	0	0	0	0	0	0	0	0
N11	N11.HOG0005227	0	0	0	0	0	0	0	1	1	0	1	0	0	0	0
N11	N11.HOG0005228	0	0	0	0	0	0	0	0	0	1	0	1	0	0	1
N11	N11.HOG0005229	0	1	1	1	2	2	0	0	0	0	0	0	2	1	0
N11	N11.HOG0005230	1	1	1	1	1	1	1	1	1	1	1	1	1	1	1
N11	N11.HOG0005231	1	1	1	1	0	1	0	1	0	1	1	1	0	0	0
N11	N11.HOG0005232	1	1	1	1	1	1	1	1	1	1	1	1	0	2	1
N11	N11.HOG0005233	1	2	1	1	1	1	1	1	1	1	1	1	1	1	1
N11	N11.HOG0005234	0	1	1	1	1	1	1	1	1	1	1	1	1	1	1
N11	N11.HOG0005235	1	1	1	1	1	1	1	1	1	0	1	1	1	1	1
N11	N11.HOG0005236	1	1	0	1	2	1	1	1	1	1	1	1	1	1	1
N11	N11.HOG0005237	1	2	1	2	3	1	1	1	1	1	1	1	1	1	1
N11	N11.HOG0005238	0	2	1	1	2	1	1	1	1	1	1	1	1	1	1
N11	N11.HOG0005239	1	2	1	1	1	1	1	1	1	1	1	1	1	1	1
N11	N11.HOG0005240	0	0	0	0	1	0	0	0	0	0	0	0	0	0	0
N11	N11.HOG0005241	1	3	0	1	2	1	2	1	1	1	1	1	2	1	1
N11	N11.HOG0005242	0	1	0	0	1	0	0	0	0	0	0	0	0	0	0
N11	N11.HOG0005243	1	0	1	0	0	0	0	1	1	0	0	0	0	0	0
N11	N11.HOG0005244	0	1	0	0	0	0	0	0	0	0	0	0	0	0	0
N11	N11.HOG0005245	0	1	0	1	1	1	1	0	0	1	1	1	1	1	1
N11	N11.HOG0005246	1	1	1	1	1	1	1	1	1	1	1	1	1	1	1
N11	N11.HOG0005247	1	1	1	1	1	1	1	1	1	1	1	1	1	1	1
N11	N11.HOG0005248	0	1	1	1	0	1	1	1	1	1	1	1	1	1	1
N11	N11.HOG0005249	0	0	0	0	1	1	1	1	1	1	1	1	0	0	0
N11	N11.HOG0005250	1	2	1	1	1	1	1	1	1	1	1	1	1	1	1
N11	N11.HOG0005251	1	1	1	1	1	1	1	1	1	1	1	1	1	1	1
N11	N11.HOG0005252	1	0	1	1	1	1	1	1	1	1	1	1	1	1	1
N11	N11.HOG0005253	0	0	0	0	1	0	0	0	0	0	0	0	0	0	0
N11	N11.HOG0005254	1	1	1	1	1	2	1	1	1	1	1	1	3	1	1
N11	N11.HOG0005255	1	2	1	1	1	1	1	1	1	1	1	1	1	1	1
N11	N11.HOG0005256	1	1	1	1	2	1	1	1	1	1	1	1	1	1	1
N11	N11.HOG0005257	1	1	1	1	1	1	1	1	1	1	1	1	1	1	1
N11	N11.HOG0005258	1	1	1	1	1	1	1	1	1	1	1	1	1	1	1
N11	N11.HOG0005259	1	1	1	1	1	1	1	1	1	1	1	1	1	1	1
N11	N11.HOG0005260	1	2	1	1	1	1	1	1	1	1	1	1	1	1	2
N11	N11.HOG0005261	1	1	1	1	1	1	1	1	1	1	1	1	1	1	1
N11	N11.HOG0005262	1	1	1	1	1	1	1	1	1	1	1	1	1	1	1
N11	N11.HOG0005263	1	0	0	1	0	0	1	0	0	0	0	0	1	1	0
N11	N11.HOG0005264	1	1	1	1	1	1	1	1	1	1	1	1	1	1	1
N11	N11.HOG0005265	1	2	1	1	1	1	1	1	1	1	1	1	1	1	2
N11	N11.HOG0005266	1	2	1	1	2	1	1	1	1	1	1	1	1	1	1
N11	N11.HOG0005267	1	1	1	1	1	1	1	1	1	1	1	1	1	1	1
N11	N11.HOG0005268	2	1	1	1	1	1	1	1	1	1	1	1	1	1	1
N11	N11.HOG0005269	1	1	1	1	1	1	1	1	1	1	1	1	1	1	1
N11	N11.HOG0005270	1	2	1	1	1	1	1	1	1	1	1	1	1	1	1
N11	N11.HOG0005271	0	0	0	0	0	0	1	1	0	0	0	0	0	0	0
N11	N11.HOG0005272	1	0	1	1	0	1	1	1	1	1	1	1	1	1	1
N11	N11.HOG0005273	1	1	1	1	1	1	1	1	1	1	1	1	1	1	1
N11	N11.HOG0005274	0	0	0	0	0	0	1	1	1	1	1	1	1	1	1
N11	N11.HOG0005275	0	0	1	1	1	3	0	0	0	0	0	0	0	0	0
N11	N11.HOG0005276	0	0	0	0	1	0	0	0	0	0	0	0	0	0	0
N11	N11.HOG0005277	0	2	1	1	2	1	1	1	1	1	1	1	1	1	1
N11	N11.HOG0005278	0	1	1	1	1	1	2	1	1	1	1	1	1	1	1
N11	N11.HOG0005279	1	1	1	1	1	1	2	1	1	1	1	1	3	2	1
N11	N11.HOG0005280	2	1	1	1	1	1	1	1	1	1	1	1	1	1	1
N11	N11.HOG0005281	1	1	1	1	1	1	1	1	1	1	1	1	1	1	1
N11	N11.HOG0005282	2	1	1	1	1	1	1	1	1	1	1	1	2	1	1
N11	N11.HOG0005283	0	0	0	0	0	0	0	0	0	1	0	1	0	0	0
N11	N11.HOG0005284	1	2	1	1	1	1	1	0	0	0	1	0	1	1	1
N11	N11.HOG0005285	0	0	0	0	0	0	0	1	1	0	0	0	0	0	0
N11	N11.HOG0005286	2	1	1	1	2	1	1	1	1	1	1	1	1	1	3
N11	N11.HOG0005287	1	1	0	0	0	0	0	0	0	0	0	0	0	0	0
N11	N11.HOG0005288	0	0	1	1	2	1	0	0	0	0	1	0	0	1	0
N11	N11.HOG0005289	0	0	0	0	1	0	0	0	0	0	0	0	0	0	0
N11	N11.HOG0005290	0	1	0	0	1	0	0	0	0	0	0	0	0	0	0
N11	N11.HOG0005291	0	1	0	0	0	0	0	0	0	0	0	0	0	0	0
N11	N11.HOG0005292	1	1	1	2	1	2	1	1	1	2	1	2	2	2	2
N11	N11.HOG0005293	0	0	0	0	0	0	0	0	0	0	0	0	1	0	0
N11	N11.HOG0005294	0	0	0	0	0	0	1	0	0	0	0	0	0	0	0
N11	N11.HOG0005295	1	0	1	1	1	1	1	1	1	1	1	1	0	1	1
N11	N11.HOG0005296	1	1	1	1	3	1	1	1	1	1	1	1	1	1	1
N11	N11.HOG0005297	1	1	1	1	1	1	2	1	1	1	1	1	1	1	1
N11	N11.HOG0005298	1	1	1	1	1	1	1	1	1	1	1	1	1	1	1
N11	N11.HOG0005299	1	0	1	1	1	1	1	1	1	1	1	1	1	1	1
N11	N11.HOG0005300	0	3	1	1	2	1	1	1	1	1	1	1	2	2	1
N11	N11.HOG0005301	0	2	0	0	0	0	0	0	0	0	0	0	0	0	0
N11	N11.HOG0005302	1	3	1	1	1	1	1	1	1	1	1	1	1	1	1
N11	N11.HOG0005303	1	1	1	1	1	1	1	1	1	1	1	1	1	1	1
N11	N11.HOG0005304	1	1	1	1	1	1	0	1	1	1	1	1	1	1	1
N11	N11.HOG0005305	0	1	0	0	1	1	1	0	0	0	0	0	0	0	0
N11	N11.HOG0005306	1	1	1	1	1	1	1	1	1	1	1	1	1	1	1
N11	N11.HOG0005307	1	2	1	1	1	1	1	1	1	1	1	1	1	1	1
N11	N11.HOG0005308	1	0	1	1	1	1	1	1	1	1	1	1	1	1	1
N11	N11.HOG0005309	1	1	1	1	1	1	1	1	1	1	2	1	1	1	1
N11	N11.HOG0005310	1	1	1	1	1	1	1	1	1	1	1	1	1	1	1
N11	N11.HOG0005311	1	0	0	0	0	0	0	0	0	0	0	0	0	0	0
N11	N11.HOG0005312	1	1	1	1	1	1	1	1	1	1	1	1	1	1	1
N11	N11.HOG0005313	1	1	1	1	1	1	1	1	1	1	1	1	1	1	1
N11	N11.HOG0005314	1	1	1	1	1	1	0	1	1	1	1	1	1	1	1
N11	N11.HOG0005315	1	1	1	1	1	1	1	1	1	1	1	1	1	1	0
N11	N11.HOG0005316	1	1	1	1	1	1	1	1	1	1	1	1	1	1	2
N11	N11.HOG0005317	1	1	1	1	1	1	1	1	1	1	1	1	1	1	1
N11	N11.HOG0005318	1	2	1	1	2	1	1	1	1	1	1	1	1	1	1
N11	N11.HOG0005319	1	1	1	1	1	1	1	1	1	1	1	1	1	1	1
N11	N11.HOG0005320	0	1	0	0	1	0	0	0	0	0	0	0	1	0	0
N11	N11.HOG0005321	1	1	1	1	1	1	1	1	1	1	1	1	1	1	1
N11	N11.HOG0005322	0	0	0	0	0	0	0	1	1	0	1	0	0	0	0
N11	N11.HOG0005323	0	1	1	0	0	0	0	0	0	0	0	0	1	1	0
N11	N11.HOG0005324	0	1	0	0	1	0	1	0	0	1	0	1	1	1	1
N11	N11.HOG0005325	0	0	0	1	0	1	0	0	0	0	0	0	0	0	0
N11	N11.HOG0005326	0	0	1	1	0	1	0	0	0	0	0	0	0	0	0
N11	N11.HOG0005327	1	0	0	0	1	0	1	1	1	1	1	1	1	1	1
N11	N11.HOG0005328	0	1	0	0	0	0	0	0	0	0	0	0	0	0	0
N11	N11.HOG0005329	1	1	1	1	4	1	1	1	1	1	1	1	2	1	1
N11	N11.HOG0005330	0	0	0	0	0	0	1	0	0	0	0	0	0	0	0
N11	N11.HOG0005331	1	1	1	1	1	1	1	1	1	1	1	1	1	1	1
N11	N11.HOG0005332	1	0	1	3	0	1	1	1	1	1	1	1	1	1	1
N11	N11.HOG0005333	0	0	0	1	0	0	1	0	0	1	0	0	0	0	0
N11	N11.HOG0005334	1	1	1	1	1	0	1	1	1	1	1	1	1	1	1
N11	N11.HOG0005335	0	0	0	0	0	0	1	0	0	0	0	0	1	0	0
N11	N11.HOG0005336	0	0	0	0	0	0	0	0	0	0	0	0	0	0	1
N11	N11.HOG0005337	1	1	1	1	1	1	1	1	1	1	1	1	1	1	0
N11	N11.HOG0005338	2	1	1	2	1	1	1	1	1	1	1	1	0	1	1
N11	N11.HOG0005339	1	1	1	1	1	1	1	1	1	1	1	1	1	1	1
N11	N11.HOG0005340	1	1	1	1	1	1	1	1	1	1	1	1	1	1	1
N11	N11.HOG0005341	1	1	2	1	2	3	1	1	1	1	1	1	1	1	1
N11	N11.HOG0005342	1	1	1	1	2	1	1	1	1	1	1	1	1	1	1
N11	N11.HOG0005343	1	1	1	1	1	1	1	1	1	1	1	1	1	1	1
N11	N11.HOG0005344	1	1	1	1	1	1	1	1	1	1	1	1	1	1	1
N11	N11.HOG0005345	2	1	1	1	1	1	1	1	1	1	1	1	1	1	1
N11	N11.HOG0005346	1	1	1	1	1	1	1	1	1	1	1	1	1	1	1
N11	N11.HOG0005347	1	1	1	1	1	1	1	1	1	1	1	1	1	1	1
N11	N11.HOG0005348	1	1	1	1	1	1	2	1	1	1	1	1	2	1	1
N11	N11.HOG0005349	1	1	1	1	0	1	1	1	1	1	1	1	2	1	2
N11	N11.HOG0005350	1	1	1	1	1	1	1	1	1	1	1	1	1	2	1
N11	N11.HOG0005351	4	4	1	1	1	1	1	1	1	1	1	1	1	1	1
N11	N11.HOG0005352	1	1	1	1	1	1	1	1	1	1	1	1	1	1	2
N11	N11.HOG0005353	1	1	1	1	1	1	1	1	1	1	1	1	1	1	1
N11	N11.HOG0005354	1	2	1	1	1	1	1	1	1	1	1	1	1	2	1
N11	N11.HOG0005355	1	0	1	1	1	1	1	1	1	1	1	1	1	1	1
N11	N11.HOG0005356	1	3	1	1	2	1	1	1	1	1	1	1	1	1	1
N11	N11.HOG0005357	1	1	1	1	1	1	1	1	1	1	1	1	1	1	1
N11	N11.HOG0005358	1	1	1	1	1	1	1	1	1	1	1	1	1	1	1
N11	N11.HOG0005359	1	1	1	1	1	1	1	1	1	1	1	1	1	1	1
N11	N11.HOG0005360	1	1	1	1	1	1	1	1	1	1	1	1	1	1	1
N11	N11.HOG0005361	0	1	1	1	1	1	1	1	1	1	1	1	2	1	1
N11	N11.HOG0005362	1	0	1	1	1	1	1	1	1	1	1	1	1	1	1
N11	N11.HOG0005363	1	1	1	1	2	1	1	1	1	1	1	1	1	1	1
N11	N11.HOG0005364	1	1	1	1	1	1	1	1	1	1	1	1	1	1	1
N11	N11.HOG0005365	0	1	1	1	1	1	1	1	1	1	1	3	1	1	3
N11	N11.HOG0005366	0	1	0	0	0	0	0	0	0	0	0	0	0	0	0
N11	N11.HOG0005367	1	1	1	1	1	1	1	1	1	1	1	1	1	1	1
N11	N11.HOG0005368	1	2	1	1	1	1	1	1	1	1	1	1	1	1	1
N11	N11.HOG0005369	1	1	1	1	1	1	0	1	1	1	1	1	0	1	1
N11	N11.HOG0005370	1	2	1	1	1	1	2	1	1	1	1	1	1	1	1
N11	N11.HOG0005371	1	1	1	1	1	1	1	1	1	1	1	1	1	1	1
N11	N11.HOG0005372	1	2	1	1	2	1	1	1	1	1	1	1	1	1	1
N11	N11.HOG0005373	1	2	3	2	2	2	1	1	1	1	1	1	1	1	1
N11	N11.HOG0005374	1	2	1	1	1	1	1	1	1	1	1	1	1	1	1
N11	N11.HOG0005375	0	1	1	1	1	1	1	1	1	1	0	1	0	1	1
N11	N11.HOG0005376	0	0	0	0	0	0	0	0	0	1	1	1	0	1	1
N11	N11.HOG0005377	1	1	1	1	1	1	1	1	1	1	1	1	1	1	1
N11	N11.HOG0005378	1	1	1	1	1	1	1	1	1	1	1	1	1	1	1
N11	N11.HOG0005379	1	1	1	1	1	1	1	1	1	1	1	1	1	1	1
N11	N11.HOG0005380	1	2	1	1	2	1	2	1	1	1	1	1	1	1	1
N11	N11.HOG0005381	0	0	0	0	0	0	0	0	0	0	0	0	1	0	1
N11	N11.HOG0005382	1	1	1	1	1	1	2	1	1	1	1	1	1	1	0
N11	N11.HOG0005383	1	2	1	1	1	1	1	1	1	1	1	1	1	1	1
N11	N11.HOG0005384	1	2	1	1	1	1	1	1	1	1	1	1	1	1	1
N11	N11.HOG0005385	1	2	1	1	1	1	1	1	1	1	1	1	1	1	1
N11	N11.HOG0005386	1	3	2	1	1	1	1	1	1	1	1	1	1	1	1
N11	N11.HOG0005387	1	2	1	1	1	1	1	1	1	1	1	1	1	2	1
N11	N11.HOG0005388	1	2	1	1	2	1	2	1	1	1	1	1	1	1	1
N11	N11.HOG0005389	1	1	2	4	1	1	1	1	1	1	2	1	1	1	1
N11	N11.HOG0005390	1	1	1	1	1	1	1	1	1	1	1	1	1	1	1
N11	N11.HOG0005391	0	1	0	0	1	0	0	0	0	0	0	0	0	0	0
N11	N11.HOG0005392	1	1	1	1	1	1	0	1	1	1	1	1	1	1	0
N11	N11.HOG0005393	1	1	1	1	1	1	1	1	1	1	1	1	1	1	1
N11	N11.HOG0005394	1	1	1	1	1	1	1	1	1	1	1	1	1	1	1
N11	N11.HOG0005395	2	1	1	1	1	1	1	1	1	1	1	1	1	1	1
N11	N11.HOG0005396	1	1	1	1	1	1	1	1	1	1	1	1	1	1	1
N11	N11.HOG0005397	1	1	1	1	1	1	1	1	1	1	1	1	1	1	1
N11	N11.HOG0005398	2	1	1	1	1	1	1	1	1	1	1	1	1	1	0
N11	N11.HOG0005399	1	1	1	1	1	1	1	1	1	1	1	1	1	2	1
N11	N11.HOG0005400	1	1	1	1	1	1	1	1	1	1	0	1	1	1	1
N11	N11.HOG0005401	1	2	1	1	1	1	1	1	1	1	1	1	1	1	1
N11	N11.HOG0005402	0	0	0	0	0	0	0	0	0	0	0	0	0	1	0
N11	N11.HOG0005403	1	1	1	1	1	1	1	1	1	1	1	1	1	3	1
N11	N11.HOG0005404	0	0	0	0	0	0	0	0	0	0	0	0	0	2	0
N11	N11.HOG0005405	0	2	1	1	1	1	1	1	1	1	1	1	1	1	1
N11	N11.HOG0005406	1	1	1	1	1	1	1	1	1	1	1	1	1	1	1
N11	N11.HOG0005407	1	1	1	1	1	1	2	1	1	1	1	1	1	1	1
N11	N11.HOG0005408	1	1	1	1	1	1	1	1	1	1	1	1	2	2	1
N11	N11.HOG0005409	1	1	1	1	1	1	1	1	1	1	1	1	1	1	1
N11	N11.HOG0005410	2	1	1	1	1	1	1	1	1	1	1	1	1	1	1
N11	N11.HOG0005411	1	2	1	1	1	1	1	1	1	1	1	1	1	1	1
N11	N11.HOG0005412	1	1	1	1	1	1	2	1	1	1	1	1	1	1	1
N11	N11.HOG0005413	1	1	1	1	1	1	1	1	1	1	1	1	1	1	1
N11	N11.HOG0005414	1	1	1	1	1	1	1	1	1	1	1	1	1	1	1
N11	N11.HOG0005415	1	1	1	1	1	1	1	1	1	1	1	1	1	1	1
N11	N11.HOG0005416	1	1	1	1	1	1	1	1	1	1	1	1	1	1	1
N11	N11.HOG0005417	1	1	1	1	1	1	1	1	1	1	1	1	1	1	1
N11	N11.HOG0005418	1	1	1	1	1	1	1	1	1	1	1	1	1	1	1
N11	N11.HOG0005419	0	0	0	0	0	0	1	0	0	0	0	0	0	0	0
N11	N11.HOG0005420	0	2	1	1	3	1	1	1	1	1	1	1	1	1	1
N11	N11.HOG0005421	2	1	1	1	1	1	1	1	1	1	1	1	1	1	1
N11	N11.HOG0005422	1	1	1	1	1	1	1	1	1	1	1	1	1	1	1
N11	N11.HOG0005423	1	2	1	1	3	1	1	1	1	1	1	1	0	1	1
N11	N11.HOG0005424	1	1	1	2	1	1	1	1	1	1	1	1	1	2	1
N11	N11.HOG0005425	1	1	1	1	1	1	1	1	1	1	1	1	1	1	1
N11	N11.HOG0005426	1	3	1	2	1	1	1	1	1	1	1	1	1	1	1
N11	N11.HOG0005427	1	3	1	1	2	1	1	1	1	1	1	1	1	1	1
N11	N11.HOG0005428	0	1	0	0	1	1	0	0	0	0	0	0	1	0	0
N11	N11.HOG0005429	1	1	1	1	1	1	1	1	1	1	1	1	1	1	1
N11	N11.HOG0005430	1	1	1	1	1	1	1	1	1	1	1	1	1	1	1
N11	N11.HOG0005431	1	1	1	1	1	1	1	1	1	1	1	1	1	1	1
N11	N11.HOG0005432	1	1	1	1	1	1	1	1	1	1	1	1	1	1	2
N11	N11.HOG0005433	1	0	1	1	1	1	1	1	1	1	1	1	1	1	1
N11	N11.HOG0005434	0	0	0	0	0	1	0	0	0	0	0	0	0	0	0
N11	N11.HOG0005435	0	0	0	2	0	0	0	0	0	0	0	0	0	0	0
N11	N11.HOG0005436	0	1	0	1	1	0	3	1	1	1	1	1	1	2	0
N11	N11.HOG0005437	0	1	0	0	1	0	1	0	0	0	1	0	0	0	0
N11	N11.HOG0005438	0	0	1	1	0	1	0	0	0	0	0	0	0	0	0
N11	N11.HOG0005439	0	0	0	0	0	0	1	0	0	0	0	0	0	1	0
N11	N11.HOG0005440	0	0	0	0	0	0	1	1	1	2	2	0	0	1	0
N11	N11.HOG0005441	1	1	1	1	1	1	1	1	1	1	1	1	1	1	1
N11	N11.HOG0005442	1	1	1	1	1	1	1	1	1	1	1	1	1	1	1
N11	N11.HOG0005443	1	1	1	1	1	1	1	1	1	1	1	1	1	0	0
N11	N11.HOG0005444	0	1	0	0	0	0	0	0	0	0	0	0	0	1	1
N11	N11.HOG0005445	1	1	1	1	1	1	1	1	1	1	1	1	1	1	1
N11	N11.HOG0005446	1	1	1	1	1	1	1	1	1	1	1	1	1	1	1
N11	N11.HOG0005447	1	1	1	1	1	1	1	1	1	1	1	0	1	1	1
N11	N11.HOG0005448	1	0	0	0	0	0	1	0	0	0	0	0	0	0	0
N11	N11.HOG0005449	0	0	1	0	0	0	0	0	0	0	0	0	0	0	0
N11	N11.HOG0005450	1	0	1	1	1	1	1	1	1	1	0	1	1	1	1
N11	N11.HOG0005451	0	0	0	0	2	0	0	0	0	0	0	0	0	0	0
N11	N11.HOG0005452	0	2	1	1	1	1	0	0	0	0	0	0	0	0	0
N11	N11.HOG0005453	0	0	0	0	0	0	1	1	1	1	1	1	1	1	1
N11	N11.HOG0005454	2	0	0	0	0	0	1	1	1	1	1	1	1	1	2
N11	N11.HOG0005455	1	1	2	1	1	1	2	2	1	2	2	2	1	1	1
N11	N11.HOG0005456	1	1	1	1	1	1	1	1	1	1	1	1	2	1	1
N11	N11.HOG0005457	2	1	1	1	1	1	1	1	1	1	1	1	1	1	1
N11	N11.HOG0005458	1	1	1	1	1	1	1	1	1	1	1	1	1	1	1
N11	N11.HOG0005459	1	1	1	1	1	1	1	1	1	1	1	1	1	1	1
N11	N11.HOG0005460	1	1	1	1	1	1	1	1	1	1	1	1	1	1	1
N11	N11.HOG0005461	1	1	1	1	0	1	1	1	1	1	1	1	1	1	1
N11	N11.HOG0005462	0	1	0	0	1	0	0	0	0	0	0	0	0	0	0
N11	N11.HOG0005463	0	1	1	1	1	1	1	1	1	1	1	1	1	1	1
N11	N11.HOG0005464	1	2	1	1	2	1	1	1	1	1	1	1	1	1	1
N11	N11.HOG0005465	1	3	1	1	1	1	1	1	1	1	1	1	1	1	1
N11	N11.HOG0005466	1	1	1	1	1	1	1	1	1	1	1	1	1	1	2
N11	N11.HOG0005467	1	5	1	1	1	1	1	1	1	1	1	1	1	1	0
N11	N11.HOG0005468	0	1	1	1	1	1	1	1	1	1	1	1	1	1	1
N11	N11.HOG0005469	0	1	0	0	0	0	0	0	0	0	0	0	0	0	0
N11	N11.HOG0005470	1	1	1	1	0	1	1	1	1	1	1	1	2	1	1
N11	N11.HOG0005471	1	2	1	1	1	1	1	1	1	1	1	1	1	1	1
N11	N11.HOG0005472	1	0	0	0	0	0	0	0	0	0	0	0	0	0	0
N11	N11.HOG0005473	1	1	1	1	1	1	1	1	1	1	1	1	1	1	1
N11	N11.HOG0005474	1	4	1	1	1	1	1	1	1	1	1	1	1	1	1
N11	N11.HOG0005475	1	3	1	1	1	1	1	1	1	1	1	1	1	1	1
N11	N11.HOG0005476	1	1	1	1	0	1	1	1	1	1	1	0	1	1	1
N11	N11.HOG0005477	0	0	0	0	0	0	0	0	0	0	0	1	0	0	0
N11	N11.HOG0005478	1	1	1	1	1	1	1	1	1	1	1	1	0	1	1
N11	N11.HOG0005479	0	0	0	0	0	0	0	0	0	0	0	0	0	1	0
N11	N11.HOG0005480	1	2	1	1	2	1	1	1	1	1	1	1	1	1	1
N11	N11.HOG0005481	1	1	1	2	1	1	1	1	1	1	1	1	1	2	1
N11	N11.HOG0005482	2	1	1	1	1	1	1	1	1	1	1	1	1	1	1
N11	N11.HOG0005483	1	0	1	1	1	1	1	1	1	1	1	1	1	1	1
N11	N11.HOG0005484	1	1	1	1	1	1	1	1	1	1	1	2	1	1	1
N11	N11.HOG0005485	1	1	1	1	1	1	1	1	1	1	1	1	1	1	1
N11	N11.HOG0005486	0	0	0	0	0	0	0	0	0	1	1	1	1	1	0
N11	N11.HOG0005487	0	1	0	0	0	0	1	0	0	0	1	0	0	0	1
N11	N11.HOG0005488	0	0	0	0	0	0	0	1	1	0	0	0	0	0	0
N11	N11.HOG0005489	0	0	1	1	1	1	0	0	0	0	0	0	0	0	0
N11	N11.HOG0005490	1	2	1	1	2	2	1	1	1	1	1	1	1	1	1
N11	N11.HOG0005491	1	2	1	1	1	1	1	1	1	1	1	1	2	1	1
N11	N11.HOG0005492	1	1	1	1	1	1	1	1	1	1	1	1	1	1	1
N11	N11.HOG0005493	1	1	1	1	1	1	1	1	1	1	1	1	1	1	1
N11	N11.HOG0005494	1	1	1	1	1	1	1	1	1	1	1	1	1	1	1
N11	N11.HOG0005495	1	0	1	0	1	1	1	1	1	1	1	1	1	1	1
N11	N11.HOG0005496	1	1	1	1	1	1	1	2	1	1	1	1	1	1	1
N11	N11.HOG0005497	0	1	1	1	1	1	1	1	1	1	1	1	1	1	1
N11	N11.HOG0005498	1	1	1	1	1	1	1	1	1	1	1	1	2	1	1
N11	N11.HOG0005499	1	1	1	1	1	1	1	1	1	1	1	1	0	0	0
N11	N11.HOG0005500	1	4	1	1	2	1	1	1	1	1	1	1	1	1	1
N11	N11.HOG0005501	1	2	1	1	1	1	1	1	1	1	1	1	1	1	1
N11	N11.HOG0005502	3	1	1	1	1	1	1	1	1	1	1	1	2	1	1
N11	N11.HOG0005503	1	1	1	1	1	1	1	1	1	1	1	1	1	1	1
N11	N11.HOG0005504	1	0	1	1	2	2	1	1	1	1	1	1	1	1	1
N11	N11.HOG0005505	1	2	1	1	2	1	2	1	1	1	1	1	1	1	1
N11	N11.HOG0005506	1	1	1	1	1	1	1	1	1	1	1	1	1	1	1
N11	N11.HOG0005507	1	1	1	1	1	1	1	1	1	1	1	1	1	1	1
N11	N11.HOG0005508	1	2	1	1	1	1	1	1	1	1	1	1	1	1	1
N11	N11.HOG0005509	1	0	1	1	2	1	0	0	0	0	0	0	1	1	1
N11	N11.HOG0005510	0	2	0	0	0	0	1	0	0	0	0	0	0	0	0
N11	N11.HOG0005511	0	0	0	0	0	0	0	1	1	1	1	1	0	0	0
N11	N11.HOG0005512	1	1	3	1	1	1	1	1	1	1	1	1	1	1	1
N11	N11.HOG0005513	1	1	1	1	1	1	1	1	1	1	1	1	1	1	1
N11	N11.HOG0005514	1	5	1	1	1	1	1	1	1	1	1	1	1	1	1
N11	N11.HOG0005515	1	1	1	1	1	1	1	1	1	1	1	1	1	1	1
N11	N11.HOG0005516	1	1	1	1	1	1	1	1	1	1	1	1	1	1	1
N11	N11.HOG0005517	1	1	1	1	1	1	2	1	1	1	1	1	1	1	2
N11	N11.HOG0005518	1	1	1	1	1	1	1	1	1	1	1	1	1	1	1
N11	N11.HOG0005519	1	1	1	1	1	1	1	1	1	1	1	1	1	1	1
N11	N11.HOG0005520	1	2	1	1	1	1	1	1	1	1	1	1	1	2	1
N11	N11.HOG0005521	1	1	1	1	1	1	1	1	1	1	1	1	2	1	1
N11	N11.HOG0005522	1	3	1	1	1	1	2	1	1	1	1	1	1	1	1
N11	N11.HOG0005523	1	1	1	1	1	1	1	1	1	1	0	1	1	1	3
N11	N11.HOG0005524	2	1	0	1	1	0	1	1	1	1	1	1	1	1	1
N11	N11.HOG0005525	1	1	1	1	1	1	1	1	1	1	1	1	1	1	1
N11	N11.HOG0005526	2	2	1	1	1	1	1	1	1	1	1	1	1	1	2
N11	N11.HOG0005527	0	1	1	1	1	1	0	0	0	0	0	0	0	0	0
N11	N11.HOG0005528	0	0	0	0	0	0	1	1	1	1	1	1	1	1	1
N11	N11.HOG0005529	1	1	1	1	1	1	1	1	1	1	1	1	1	1	1
N11	N11.HOG0005530	2	1	1	1	1	1	1	1	1	1	1	1	1	1	2
N11	N11.HOG0005531	2	1	1	1	2	1	1	1	1	1	1	1	1	1	1
N11	N11.HOG0005532	1	0	1	1	1	1	1	1	1	2	1	1	1	1	1
N11	N11.HOG0005533	1	1	1	1	1	1	2	1	1	1	1	1	1	2	1
N11	N11.HOG0005534	1	1	1	1	1	1	1	1	1	1	1	1	1	1	1
N11	N11.HOG0005535	1	2	1	1	1	1	1	1	1	1	1	1	1	1	1
N11	N11.HOG0005536	2	2	1	1	1	1	2	1	1	1	1	1	1	1	1
N11	N11.HOG0005537	1	1	1	1	1	1	1	1	1	1	1	1	1	5	1
N11	N11.HOG0005538	1	1	1	1	1	1	1	1	1	1	1	1	1	1	1
N11	N11.HOG0005539	1	1	1	1	1	1	1	1	1	1	1	1	1	1	4
N11	N11.HOG0005540	1	2	1	1	1	1	1	1	1	1	1	1	1	1	1
N11	N11.HOG0005541	1	1	1	1	2	1	2	1	1	1	1	1	1	1	1
N11	N11.HOG0005542	1	1	1	1	1	1	1	1	1	1	1	1	1	1	1
N11	N11.HOG0005543	1	1	1	2	1	1	1	1	1	1	1	1	1	1	1
N11	N11.HOG0005544	1	1	1	1	1	1	1	1	1	1	1	1	1	1	1
N11	N11.HOG0005545	2	1	1	1	1	1	1	1	1	1	1	1	1	1	1
N11	N11.HOG0005546	1	1	1	1	1	1	2	1	1	1	1	1	2	1	2
N11	N11.HOG0005547	3	1	1	1	1	1	1	1	1	1	1	1	1	1	1
N11	N11.HOG0005548	1	0	1	1	1	1	1	1	1	1	1	1	1	1	1
N11	N11.HOG0005549	1	1	1	1	1	1	1	1	1	1	1	1	1	1	1
N11	N11.HOG0005550	1	1	1	1	1	1	1	1	1	1	1	1	1	1	1
N11	N11.HOG0005551	1	1	1	1	1	1	2	1	1	1	1	1	1	2	2
N11	N11.HOG0005552	1	1	0	0	1	0	1	0	0	0	0	0	1	1	0
N11	N11.HOG0005553	0	1	0	0	0	0	1	0	0	0	0	0	1	0	0
N11	N11.HOG0005554	0	0	1	1	0	1	0	1	1	1	1	1	0	0	1
N11	N11.HOG0005555	0	1	1	1	0	1	0	1	1	1	1	1	1	1	1
N11	N11.HOG0005556	1	0	0	0	1	0	1	0	0	0	0	0	0	0	0
N11	N11.HOG0005557	1	1	1	1	1	1	1	1	1	1	1	1	1	1	1
N11	N11.HOG0005558	1	1	1	1	3	1	1	1	1	1	1	1	1	1	1
N11	N11.HOG0005559	1	1	1	1	1	1	1	1	1	1	1	1	1	1	1
N11	N11.HOG0005560	1	2	1	1	1	1	1	1	1	1	1	1	1	1	1
N11	N11.HOG0005561	0	1	0	1	1	1	1	0	0	1	1	0	0	0	0
N11	N11.HOG0005562	3	1	1	1	1	1	1	1	1	1	1	1	1	1	1
N11	N11.HOG0005563	1	1	1	1	1	1	1	1	1	1	1	1	1	1	1
N11	N11.HOG0005564	1	1	0	0	1	1	1	1	1	1	1	1	1	1	1
N11	N11.HOG0005565	0	0	1	1	0	0	0	0	0	0	0	0	0	0	0
N11	N11.HOG0005566	1	1	1	1	1	1	1	1	1	1	1	1	1	1	1
N11	N11.HOG0005567	1	1	1	1	1	1	1	1	1	1	1	1	1	1	1
N11	N11.HOG0005568	1	1	1	1	1	1	1	1	1	1	1	1	1	1	1
N11	N11.HOG0005569	1	1	1	1	1	1	1	1	1	1	1	1	1	1	1
N11	N11.HOG0005570	1	3	1	1	1	1	1	1	1	1	1	1	1	1	1
N11	N11.HOG0005571	0	1	1	1	1	1	1	1	1	1	1	1	1	1	1
N11	N11.HOG0005572	1	1	1	1	1	1	1	1	1	1	1	0	1	0	1
N11	N11.HOG0005573	0	1	1	0	0	1	1	1	1	1	1	1	1	1	1
N11	N11.HOG0005574	0	1	1	1	1	1	1	1	1	1	1	1	1	1	1
N11	N11.HOG0005575	1	1	1	1	1	1	1	1	1	1	1	1	2	1	1
N11	N11.HOG0005576	2	1	1	1	1	1	2	1	1	1	1	1	1	1	1
N11	N11.HOG0005577	1	1	1	1	1	1	1	1	1	1	1	1	1	1	1
N11	N11.HOG0005578	1	2	1	1	2	2	1	2	1	1	1	1	1	0	1
N11	N11.HOG0005579	1	1	1	1	1	1	1	1	1	1	1	1	1	1	1
N11	N11.HOG0005580	0	0	0	0	0	0	0	0	0	0	0	0	1	0	0
N11	N11.HOG0005581	0	0	1	1	1	0	0	1	1	1	1	1	1	1	0
N11	N11.HOG0005582	1	1	1	1	1	1	1	1	1	1	1	1	1	1	1
N11	N11.HOG0005583	0	2	1	1	1	1	2	1	1	1	1	1	1	2	2
N11	N11.HOG0005584	1	1	1	1	1	1	1	1	1	1	1	1	1	1	1
N11	N11.HOG0005585	1	1	1	1	1	1	1	1	1	1	1	1	1	1	1
N11	N11.HOG0005586	1	0	1	1	0	1	0	0	0	1	0	0	1	1	1
N11	N11.HOG0005587	0	1	0	0	1	0	0	0	0	0	0	0	0	0	0
N11	N11.HOG0005588	0	1	0	0	1	0	1	1	1	0	1	1	0	0	0
N11	N11.HOG0005589	0	1	1	1	2	1	1	1	1	1	1	1	0	1	1
N11	N11.HOG0005590	1	1	1	1	1	1	1	1	1	1	1	1	1	1	1
N11	N11.HOG0005591	1	1	1	1	1	1	1	1	1	1	1	1	1	1	1
N11	N11.HOG0005592	1	1	1	1	1	1	1	1	1	1	1	1	1	1	1
N11	N11.HOG0005593	1	1	1	1	1	2	1	1	1	1	1	1	2	2	1
N11	N11.HOG0005594	1	1	1	1	1	1	1	1	1	1	1	1	1	1	1
N11	N11.HOG0005595	1	4	1	1	1	1	1	1	1	1	1	1	1	1	1
N11	N11.HOG0005596	1	2	1	4	1	1	1	1	1	1	1	1	1	1	1
N11	N11.HOG0005597	1	2	1	1	1	1	0	1	1	1	1	1	1	1	3
N11	N11.HOG0005598	1	0	1	1	0	1	1	1	1	1	1	1	1	1	1
N11	N11.HOG0005599	1	1	1	1	1	1	1	1	1	1	1	1	1	1	1
N11	N11.HOG0005600	1	2	1	1	2	1	1	1	1	1	1	1	1	1	1
N11	N11.HOG0005601	1	1	1	2	2	2	3	1	1	1	1	1	1	1	1
N11	N11.HOG0005602	1	1	1	1	1	1	1	1	1	1	1	1	1	1	1
N11	N11.HOG0005603	1	1	2	1	1	1	1	1	1	1	1	1	1	1	1
N11	N11.HOG0005604	1	2	1	1	2	1	1	1	1	1	1	1	1	1	1
N11	N11.HOG0005605	1	1	1	1	1	1	2	1	1	1	1	1	1	1	1
N11	N11.HOG0005606	1	1	1	1	1	1	1	1	1	1	1	1	1	1	1
N11	N11.HOG0005607	1	1	1	1	1	1	1	1	1	1	1	1	1	2	1
N11	N11.HOG0005608	1	2	1	1	1	1	1	1	1	1	1	1	1	1	1
N11	N11.HOG0005609	1	1	1	1	1	1	1	1	1	1	1	1	1	1	1
N11	N11.HOG0005610	1	1	1	1	1	1	1	1	1	1	1	1	1	1	1
N11	N11.HOG0005611	1	1	1	1	1	1	1	1	1	1	1	1	1	1	1
N11	N11.HOG0005612	1	1	1	1	2	1	1	1	1	1	1	1	1	1	1
N11	N11.HOG0005613	1	3	1	1	1	1	1	1	1	1	1	1	1	1	1
N11	N11.HOG0005614	1	1	1	1	0	1	1	1	1	1	1	1	1	1	1
N11	N11.HOG0005615	1	2	1	1	1	1	1	1	1	1	1	1	1	1	1
N11	N11.HOG0005616	0	1	1	1	1	1	1	1	1	1	1	1	1	1	1
N11	N11.HOG0005617	1	1	0	0	1	0	0	0	0	0	0	0	1	1	0
N11	N11.HOG0005618	1	1	1	1	1	1	1	1	1	1	1	1	1	1	0
N11	N11.HOG0005619	0	0	0	0	0	1	0	0	0	0	0	0	0	0	0
N11	N11.HOG0005620	1	1	1	1	1	1	1	1	1	1	1	0	1	1	1
N11	N11.HOG0005621	1	1	1	1	1	1	1	1	1	1	1	1	1	1	1
N11	N11.HOG0005622	1	1	1	1	1	1	1	1	1	1	1	1	1	1	1
N11	N11.HOG0005623	1	1	3	1	1	1	1	1	1	1	1	1	1	1	1
N11	N11.HOG0005624	1	0	1	1	1	1	1	1	1	1	1	0	1	1	1
N11	N11.HOG0005625	1	1	1	1	1	1	1	1	1	1	1	1	1	1	1
N11	N11.HOG0005626	1	1	1	1	2	1	1	1	1	1	1	1	1	1	1
N11	N11.HOG0005627	1	1	1	1	1	1	1	1	1	1	1	1	1	1	1
N11	N11.HOG0005628	1	0	1	1	1	1	1	1	1	1	1	1	1	1	1
N11	N11.HOG0005629	1	2	1	1	1	1	1	1	1	1	1	1	2	1	1
N11	N11.HOG0005630	0	1	1	1	1	1	1	1	1	1	1	1	2	2	1
N11	N11.HOG0005631	1	1	1	1	1	1	1	1	1	1	1	1	1	1	1
N11	N11.HOG0005632	1	1	1	1	1	1	1	1	1	1	1	1	1	1	1
N11	N11.HOG0005633	1	1	1	1	1	1	1	1	1	1	1	1	1	1	1
N11	N11.HOG0005634	1	0	1	1	1	1	1	1	1	1	1	1	1	1	1
N11	N11.HOG0005635	1	1	1	1	1	1	1	1	1	1	1	1	1	1	1
N11	N11.HOG0005636	1	3	1	1	1	1	1	1	1	1	1	1	1	1	1
N11	N11.HOG0005637	0	0	1	1	1	1	1	1	1	1	1	1	1	1	1
N11	N11.HOG0005638	1	1	1	1	2	2	1	1	1	1	1	1	1	1	2
N11	N11.HOG0005639	0	0	1	0	0	0	1	0	0	0	0	0	1	1	0
N11	N11.HOG0005640	1	1	0	1	1	1	1	1	1	1	1	1	1	0	0
N11	N11.HOG0005641	0	0	0	0	0	0	0	0	0	0	0	0	0	1	0
N11	N11.HOG0005642	1	1	1	1	1	1	2	1	1	1	1	1	2	2	2
N11	N11.HOG0005643	2	1	1	1	1	1	1	1	1	1	1	1	1	1	1
N11	N11.HOG0005644	1	1	1	1	2	1	1	1	1	1	1	1	2	2	1
N11	N11.HOG0005645	1	1	1	1	1	1	1	1	1	1	1	1	1	1	1
N11	N11.HOG0005646	1	2	1	1	1	1	1	1	1	1	1	1	1	1	1
N11	N11.HOG0005647	1	1	1	1	1	1	1	1	1	1	1	1	1	1	1
N11	N11.HOG0005648	1	1	1	1	1	1	1	1	1	1	1	1	2	1	2
N11	N11.HOG0005649	0	1	1	1	1	1	1	1	1	1	1	1	1	1	1
N11	N11.HOG0005650	1	1	1	1	1	1	1	1	1	1	1	1	1	1	1
N11	N11.HOG0005651	1	1	1	1	1	1	2	1	1	1	1	1	1	1	1
N11	N11.HOG0005652	1	1	1	1	1	1	2	1	1	1	1	1	1	1	2
N11	N11.HOG0005653	1	2	1	1	1	1	2	1	1	1	1	1	1	1	1
N11	N11.HOG0005654	3	2	1	1	2	1	1	1	1	1	1	1	1	1	1
N11	N11.HOG0005655	2	1	1	1	1	1	1	1	1	1	1	1	1	1	1
N11	N11.HOG0005656	0	0	0	0	1	0	0	0	0	0	0	0	0	0	0
N11	N11.HOG0005657	1	2	1	1	1	1	1	1	1	1	1	1	1	1	1
N11	N11.HOG0005658	1	1	1	1	1	1	1	1	1	1	1	1	1	1	1
N11	N11.HOG0005659	1	1	2	1	1	1	1	1	1	1	1	1	1	1	2
N11	N11.HOG0005660	0	0	0	0	1	0	0	0	0	0	0	0	0	0	0
N11	N11.HOG0005661	1	1	1	1	1	1	2	1	1	1	1	1	2	2	1
N11	N11.HOG0005662	0	0	0	0	0	0	0	0	0	1	1	1	0	0	0
N11	N11.HOG0005663	1	2	1	1	1	1	1	1	1	0	0	0	0	0	0
N11	N11.HOG0005664	0	0	0	0	0	0	0	0	0	0	0	0	1	1	1
N11	N11.HOG0005665	1	1	1	1	1	1	1	1	1	1	1	1	1	1	1
N11	N11.HOG0005666	1	1	1	1	1	1	1	1	1	1	1	1	2	1	1
N11	N11.HOG0005667	1	1	1	1	1	1	1	1	1	1	1	1	1	1	1
N11	N11.HOG0005668	0	1	1	1	1	2	2	1	1	1	1	1	2	1	1
N11	N11.HOG0005669	1	1	1	1	1	1	2	1	1	1	1	1	1	1	1
N11	N11.HOG0005670	1	6	1	1	1	0	1	1	1	1	1	1	1	1	1
N11	N11.HOG0005671	0	1	1	1	1	1	1	1	1	1	1	1	1	1	2
N11	N11.HOG0005672	1	0	0	0	0	0	0	0	0	0	0	0	0	0	0
N11	N11.HOG0005673	2	0	0	0	0	0	0	0	0	0	0	0	0	0	0
N11	N11.HOG0005674	2	1	1	1	1	1	1	1	1	1	1	2	1	1	1
N11	N11.HOG0005675	0	0	2	0	0	0	0	0	0	0	0	0	0	1	0
N11	N11.HOG0005676	1	1	1	1	1	1	1	1	1	1	1	1	1	1	1
N11	N11.HOG0005677	1	2	1	1	2	1	1	1	1	1	1	1	2	1	1
N11	N11.HOG0005678	2	2	1	1	1	1	1	1	1	1	1	1	1	1	1
N11	N11.HOG0005679	1	1	1	1	1	1	1	1	1	1	1	1	1	1	1
N11	N11.HOG0005680	0	0	0	0	0	0	0	0	0	0	0	0	1	0	0
N11	N11.HOG0005681	1	2	1	1	1	1	1	1	1	1	1	1	1	1	1
N11	N11.HOG0005682	1	0	0	0	0	0	1	1	1	1	1	1	1	1	1
N11	N11.HOG0005683	0	1	1	1	0	1	0	0	0	0	0	0	0	0	0
N11	N11.HOG0005684	0	0	0	0	0	0	1	1	1	1	1	1	1	1	1
N11	N11.HOG0005685	0	0	1	1	1	1	0	0	0	0	0	0	0	0	0
N11	N11.HOG0005686	1	1	1	1	1	1	1	1	1	1	1	1	1	1	1
N11	N11.HOG0005687	1	2	1	1	1	1	2	1	1	1	1	1	1	1	2
N11	N11.HOG0005688	1	1	1	1	1	1	1	1	1	1	1	1	1	1	1
N11	N11.HOG0005689	1	1	1	1	1	1	1	1	1	1	1	1	1	1	1
N11	N11.HOG0005690	1	1	1	1	0	1	1	1	1	1	1	1	1	1	1
N11	N11.HOG0005691	1	1	1	1	1	1	1	1	1	1	1	1	2	1	1
N11	N11.HOG0005692	1	1	1	1	1	1	2	1	1	1	1	1	2	1	1
N11	N11.HOG0005693	1	1	1	1	1	2	1	1	1	1	1	1	1	1	2
N11	N11.HOG0005694	1	1	1	1	3	1	1	1	1	1	1	1	1	1	1
N11	N11.HOG0005695	1	1	1	1	1	1	1	1	1	1	1	1	1	1	1
N11	N11.HOG0005696	1	1	1	1	1	1	1	1	1	1	1	1	1	1	1
N11	N11.HOG0005697	1	1	1	1	1	1	1	1	1	1	1	1	1	1	2
N11	N11.HOG0005698	1	1	1	1	1	1	1	1	1	1	1	1	1	1	1
N11	N11.HOG0005699	1	0	0	0	0	0	0	0	0	0	0	0	0	0	0
N11	N11.HOG0005700	1	1	1	1	1	1	1	1	1	1	1	1	1	1	1
N11	N11.HOG0005701	1	4	1	1	1	1	1	1	1	1	1	1	1	1	1
N11	N11.HOG0005702	1	1	1	1	1	1	1	1	1	1	1	1	0	1	1
N11	N11.HOG0005703	1	1	1	1	1	1	1	0	0	0	1	1	1	1	1
N11	N11.HOG0005704	1	0	1	1	0	0	1	0	0	1	0	0	1	1	1
N11	N11.HOG0005705	1	1	1	1	1	1	1	1	1	1	1	1	1	1	1
N11	N11.HOG0005706	1	1	1	1	1	1	1	1	1	1	1	1	1	1	1
N11	N11.HOG0005707	1	2	1	1	1	1	1	1	1	1	1	1	1	1	1
N11	N11.HOG0005708	1	1	1	1	1	1	1	1	1	1	1	1	1	1	1
N11	N11.HOG0005709	1	1	1	1	5	2	1	1	1	1	1	1	0	1	2
N11	N11.HOG0005710	1	1	1	1	1	1	1	1	1	1	1	1	1	1	1
N11	N11.HOG0005711	1	2	1	1	1	1	1	1	1	1	1	1	1	1	3
N11	N11.HOG0005712	2	2	1	1	1	1	1	1	1	1	1	1	1	1	1
N11	N11.HOG0005713	1	2	1	1	1	1	1	1	1	1	1	1	1	1	1
N11	N11.HOG0005714	1	1	1	1	1	1	0	1	1	1	1	1	1	1	1
N11	N11.HOG0005715	1	1	1	1	1	1	0	1	1	1	1	1	1	1	1
N11	N11.HOG0005716	0	0	2	0	0	0	0	0	0	0	0	0	0	0	0
N11	N11.HOG0005717	1	1	1	1	1	1	2	1	1	1	1	1	1	1	1
N11	N11.HOG0005718	0	1	1	1	1	1	2	1	1	1	1	1	1	2	2
N11	N11.HOG0005719	1	1	1	1	1	1	1	1	1	2	2	2	1	1	2
N11	N11.HOG0005720	2	1	1	1	2	1	1	1	1	1	1	1	1	1	3
N11	N11.HOG0005721	2	1	1	1	1	1	2	1	1	1	1	1	1	1	1
N11	N11.HOG0005722	1	1	1	1	1	1	1	1	1	1	1	1	1	1	1
N11	N11.HOG0005723	2	1	1	1	1	1	1	1	1	1	1	2	2	0	2
N11	N11.HOG0005724	1	1	1	1	1	1	1	2	1	1	1	1	2	2	2
N11	N11.HOG0005725	1	1	1	1	2	1	1	1	1	1	1	1	1	1	1
N11	N11.HOG0005726	1	1	1	1	1	1	2	1	1	1	1	1	1	1	1
N11	N11.HOG0005727	1	1	2	2	2	2	1	1	1	1	0	1	1	1	1
N11	N11.HOG0005728	1	1	1	1	1	1	1	1	1	1	1	1	1	1	1
N11	N11.HOG0005729	1	1	1	1	0	1	1	1	1	1	1	1	1	1	1
N11	N11.HOG0005730	0	1	0	0	0	0	0	0	0	0	0	0	0	0	0
N11	N11.HOG0005731	2	2	1	1	1	1	1	1	1	1	1	1	1	1	1
N11	N11.HOG0005732	1	1	1	1	1	1	1	1	1	1	1	1	1	1	1
N11	N11.HOG0005733	0	0	0	0	0	1	0	0	0	0	0	1	0	0	0
N11	N11.HOG0005734	1	0	1	1	1	1	1	1	1	1	1	1	1	1	0
N11	N11.HOG0005735	1	2	1	1	1	1	1	1	1	1	1	1	1	1	1
N11	N11.HOG0005736	1	2	1	1	1	1	1	1	1	1	1	1	2	1	1
N11	N11.HOG0005737	1	1	0	0	1	0	1	0	0	0	0	0	1	1	1
N11	N11.HOG0005738	0	1	1	1	1	1	1	1	1	1	1	1	0	0	0
N11	N11.HOG0005739	1	2	1	1	1	1	1	1	1	1	1	1	1	1	1
N11	N11.HOG0005740	1	1	1	1	1	1	1	1	1	1	1	1	1	1	1
N11	N11.HOG0005741	1	2	1	1	1	1	1	1	1	1	1	1	1	1	1
N11	N11.HOG0005742	2	1	1	1	1	1	1	1	1	1	1	1	2	1	1
N11	N11.HOG0005743	1	1	1	1	1	2	1	1	1	1	1	1	1	1	1
N11	N11.HOG0005744	1	1	1	1	1	1	1	1	1	1	1	1	1	1	1
N11	N11.HOG0005745	1	1	1	1	1	1	1	1	1	1	1	1	1	1	1
N11	N11.HOG0005746	1	1	1	1	1	1	1	1	1	1	1	1	1	3	1
N11	N11.HOG0005747	1	1	1	1	1	1	1	1	1	2	2	2	2	1	2
N11	N11.HOG0005748	2	1	1	1	1	1	1	1	1	2	2	2	1	1	1
N11	N11.HOG0005749	2	1	1	1	1	1	1	1	1	1	1	1	1	1	1
N11	N11.HOG0005750	1	1	1	1	1	1	1	1	1	1	1	1	1	1	1
N11	N11.HOG0005751	1	2	1	1	1	1	1	1	1	1	1	1	1	1	1
N11	N11.HOG0005752	1	1	1	1	1	1	0	1	1	1	1	1	1	1	1
N11	N11.HOG0005753	0	1	0	0	1	0	0	0	0	0	0	0	0	0	0
N11	N11.HOG0005754	0	0	0	0	0	0	1	0	0	0	0	0	0	0	0
N11	N11.HOG0005755	1	1	1	1	1	1	1	1	1	1	1	1	1	1	1
N11	N11.HOG0005756	1	1	1	1	1	1	1	1	1	1	1	1	1	1	1
N11	N11.HOG0005757	1	1	1	1	1	1	1	1	1	1	1	1	1	1	1
N11	N11.HOG0005758	1	1	1	1	1	1	1	1	1	1	1	1	1	1	1
N11	N11.HOG0005759	1	1	1	1	1	1	1	1	1	1	1	1	1	1	1
N11	N11.HOG0005760	1	1	1	1	4	1	1	1	1	1	1	1	1	1	1
N11	N11.HOG0005761	1	1	1	1	1	1	1	1	1	1	1	1	1	1	1
N11	N11.HOG0005762	1	1	1	1	1	1	1	1	1	1	1	1	1	1	1
N11	N11.HOG0005763	1	1	1	1	1	1	1	1	1	1	1	1	1	1	1
N11	N11.HOG0005764	0	0	0	0	2	0	0	0	0	0	0	0	0	0	0
N11	N11.HOG0005765	1	1	1	2	1	2	2	1	1	1	1	1	1	1	1
N11	N11.HOG0005766	1	1	1	1	1	1	1	1	1	1	1	1	1	1	1
N11	N11.HOG0005767	2	1	1	1	1	1	1	1	1	1	1	1	1	1	1
N11	N11.HOG0005768	1	3	1	1	1	1	1	1	1	1	1	1	1	1	1
N11	N11.HOG0005769	1	1	1	1	1	1	1	1	1	1	1	1	1	1	1
N11	N11.HOG0005770	1	1	1	1	1	1	1	1	1	1	1	1	1	1	1
N11	N11.HOG0005771	0	0	0	0	0	0	0	0	0	0	0	0	0	0	1
N11	N11.HOG0005772	1	1	1	1	1	1	1	1	1	1	1	1	1	1	1
N11	N11.HOG0005773	2	3	1	1	1	1	1	1	1	1	1	1	1	1	1
N11	N11.HOG0005774	1	0	1	0	1	1	1	1	1	1	1	1	1	1	1
N11	N11.HOG0005775	1	1	1	1	1	1	1	1	1	1	1	1	1	4	1
N11	N11.HOG0005776	1	3	2	2	2	2	1	1	1	1	1	1	1	1	1
N11	N11.HOG0005777	2	1	1	1	1	1	1	1	1	1	1	1	1	1	1
N11	N11.HOG0005778	0	1	0	0	1	1	0	0	0	1	0	1	0	1	0
N11	N11.HOG0005779	0	1	0	1	0	0	0	0	0	0	1	0	1	0	1
N11	N11.HOG0005780	0	0	0	0	0	0	1	1	1	0	0	0	0	0	0
N11	N11.HOG0005781	1	1	1	1	0	1	2	1	1	1	1	1	1	1	1
N11	N11.HOG0005782	1	1	1	1	1	1	2	1	1	1	1	1	1	2	1
N11	N11.HOG0005783	1	1	1	1	1	1	1	1	1	1	1	1	1	1	1
N11	N11.HOG0005784	1	1	1	1	1	1	1	1	1	1	1	1	1	1	1
N11	N11.HOG0005786	1	1	1	1	1	1	1	1	1	1	1	1	1	1	1
N11	N11.HOG0005787	1	1	1	1	1	1	1	1	1	1	1	1	1	1	1
N11	N11.HOG0005788	1	1	1	1	1	1	1	1	1	1	1	1	1	1	1
N11	N11.HOG0005789	0	1	1	1	0	1	1	1	1	1	1	1	0	0	0
N11	N11.HOG0005790	1	0	0	0	1	0	0	0	0	0	0	0	1	1	1
N11	N11.HOG0005791	0	0	0	0	1	0	0	0	0	0	0	0	0	0	0
N11	N11.HOG0005792	0	0	0	0	1	0	0	0	0	0	0	0	0	0	0
N11	N11.HOG0005793	1	1	1	1	1	1	1	1	1	1	1	1	1	1	1
N11	N11.HOG0005794	1	1	1	1	1	1	1	1	1	1	1	1	1	1	1
N11	N11.HOG0005795	1	1	1	1	1	1	1	1	1	1	1	1	1	2	1
N11	N11.HOG0005796	1	2	1	1	1	1	2	1	1	1	1	1	1	1	1
N11	N11.HOG0005797	1	1	1	1	1	1	1	1	1	1	1	1	1	1	1
N11	N11.HOG0005798	0	0	0	0	1	0	0	0	0	0	0	0	0	0	0
N11	N11.HOG0005799	1	1	1	1	1	1	1	1	1	1	1	1	2	1	1
N11	N11.HOG0005800	1	1	1	6	1	1	1	1	1	1	1	1	1	1	1
N11	N11.HOG0005801	1	1	1	1	1	1	1	1	1	1	1	1	1	1	2
N11	N11.HOG0005802	0	1	1	1	1	1	1	1	1	1	1	1	1	1	1
N11	N11.HOG0005803	1	3	2	1	2	1	1	1	1	1	1	1	1	1	1
N11	N11.HOG0005804	1	1	1	1	1	1	1	1	1	1	1	1	1	1	1
N11	N11.HOG0005805	1	2	1	1	2	1	1	1	1	1	1	1	1	1	1
N11	N11.HOG0005806	1	1	1	1	1	1	1	1	1	1	1	1	1	2	1
N11	N11.HOG0005807	1	2	1	1	1	1	1	1	1	1	1	1	1	1	1
N11	N11.HOG0005808	1	1	1	1	1	1	1	1	1	1	1	1	1	1	1
N11	N11.HOG0005809	1	1	1	1	0	1	2	1	1	1	1	1	1	1	1
N11	N11.HOG0005810	1	1	0	1	1	1	1	1	1	1	1	1	1	1	1
N11	N11.HOG0005811	1	1	1	1	2	1	1	1	1	1	1	1	1	1	1
N11	N11.HOG0005812	1	2	1	2	2	2	2	2	2	2	2	2	1	2	0
N11	N11.HOG0005813	1	1	1	1	1	1	1	1	1	1	1	1	1	1	1
N11	N11.HOG0005814	1	2	1	1	1	1	1	1	1	1	1	1	1	1	1
N11	N11.HOG0005815	1	1	1	1	1	1	1	1	1	1	1	1	1	1	1
N11	N11.HOG0005816	1	1	1	1	1	1	1	1	1	1	1	1	1	1	1
N11	N11.HOG0005817	1	1	1	1	1	1	1	1	1	1	1	1	0	1	1
N11	N11.HOG0005818	0	1	1	0	1	0	0	0	0	0	0	0	0	0	0
N11	N11.HOG0005819	1	1	1	1	1	1	1	1	1	1	1	1	1	1	1
N11	N11.HOG0005820	1	1	2	1	1	1	1	1	1	1	1	1	1	1	1
N11	N11.HOG0005821	1	1	1	1	1	1	1	1	1	1	1	1	1	1	1
N11	N11.HOG0005822	1	1	1	1	1	1	1	1	1	1	1	1	0	1	1
N11	N11.HOG0005823	0	2	1	1	1	1	1	1	1	1	1	1	1	1	1
N11	N11.HOG0005824	0	2	1	1	2	1	0	1	1	1	1	1	2	2	1
N11	N11.HOG0005825	0	0	1	1	1	1	2	1	1	1	1	1	2	3	1
N11	N11.HOG0005826	2	1	1	1	1	1	1	1	1	1	1	1	1	1	1
N11	N11.HOG0005827	2	1	1	1	1	1	1	1	1	1	1	1	1	1	1
N11	N11.HOG0005828	1	1	1	1	1	1	1	1	1	1	1	1	2	1	1
N11	N11.HOG0005829	1	1	1	1	1	1	1	1	1	1	1	1	1	1	1
N11	N11.HOG0005830	1	0	1	1	1	1	1	1	1	1	1	1	1	1	1
N11	N11.HOG0005831	1	1	1	1	1	1	1	1	1	1	1	1	1	1	1
N11	N11.HOG0005832	1	2	1	1	2	1	1	1	1	1	1	1	1	1	1
N11	N11.HOG0005833	1	0	0	0	0	0	0	0	0	0	0	0	0	0	0
N11	N11.HOG0005834	0	1	1	1	1	1	1	1	1	1	1	1	1	1	1
N11	N11.HOG0005835	1	1	1	1	1	1	1	1	1	1	1	1	1	1	0
N11	N11.HOG0005836	0	0	0	0	1	0	1	0	0	0	0	0	0	0	1
N11	N11.HOG0005837	1	1	1	1	1	1	1	1	1	1	1	1	1	1	1
N11	N11.HOG0005838	1	3	1	1	1	1	1	1	1	1	1	1	1	1	1
N11	N11.HOG0005839	1	2	1	1	1	1	1	1	1	1	1	1	1	1	1
N11	N11.HOG0005840	1	1	1	1	1	1	1	1	1	1	1	1	1	1	1
N11	N11.HOG0005841	0	1	1	1	1	1	1	1	1	1	1	1	1	1	1
N11	N11.HOG0005842	0	1	0	0	1	0	0	0	0	0	0	0	0	0	0
N11	N11.HOG0005843	0	1	0	1	0	0	1	0	0	0	0	0	0	0	0
N11	N11.HOG0005844	0	1	0	0	0	0	1	0	0	0	0	0	0	0	1
N11	N11.HOG0005845	1	1	1	1	1	1	1	1	1	1	1	1	1	1	1
N11	N11.HOG0005846	2	1	1	1	1	1	1	1	1	1	1	1	2	1	1
N11	N11.HOG0005847	3	1	1	1	1	1	1	1	1	1	1	1	2	1	1
N11	N11.HOG0005848	1	3	1	1	1	1	2	1	1	1	1	1	2	1	1
N11	N11.HOG0005849	1	1	1	1	1	1	1	1	1	1	1	1	1	1	1
N11	N11.HOG0005850	1	1	1	1	1	1	2	1	1	1	1	2	1	1	2
N11	N11.HOG0005851	1	2	1	1	1	1	2	1	1	1	1	1	1	2	1
N11	N11.HOG0005852	1	1	1	1	6	1	1	1	1	1	1	1	1	1	1
N11	N11.HOG0005853	1	1	1	1	1	1	1	1	1	1	1	1	1	1	1
N11	N11.HOG0005854	1	1	1	1	1	1	1	1	1	1	1	1	1	1	1
N11	N11.HOG0005855	1	2	1	1	2	1	1	1	1	1	1	1	1	1	1
N11	N11.HOG0005856	3	1	1	1	1	1	1	1	1	1	1	1	0	1	1
N11	N11.HOG0005857	2	2	1	1	1	1	1	1	1	1	1	1	1	1	1
N11	N11.HOG0005858	1	1	1	1	1	1	1	1	1	1	1	1	1	1	1
N11	N11.HOG0005859	1	1	1	1	1	1	2	1	1	1	1	1	1	1	1
N11	N11.HOG0005860	1	0	1	1	0	1	1	1	1	1	1	1	1	1	1
N11	N11.HOG0005861	0	1	0	0	1	0	0	0	0	0	0	0	0	0	0
N11	N11.HOG0005862	0	1	0	0	1	0	0	0	0	0	0	0	0	0	0
N11	N11.HOG0005863	1	1	1	1	1	1	1	1	1	1	1	1	1	1	1
N11	N11.HOG0005864	1	1	1	1	3	1	1	1	1	1	1	1	1	1	1
N11	N11.HOG0005865	1	1	1	1	1	1	1	1	1	1	1	1	1	1	1
N11	N11.HOG0005866	1	1	1	1	1	1	1	1	1	1	1	1	1	1	1
N11	N11.HOG0005867	1	1	2	1	1	1	1	1	1	1	1	1	1	1	1
N11	N11.HOG0005868	0	0	0	0	0	0	1	0	0	0	0	0	0	0	0
N11	N11.HOG0005869	0	0	0	0	0	0	1	0	0	0	0	0	0	0	0
N11	N11.HOG0005870	0	1	1	1	1	1	0	1	1	1	1	1	1	1	1
N11	N11.HOG0005871	1	2	1	1	1	1	1	1	1	1	1	1	1	1	1
N11	N11.HOG0005872	1	1	1	1	1	1	1	1	1	1	1	1	1	1	1
N11	N11.HOG0005873	2	1	1	1	1	1	1	1	1	1	1	1	1	1	1
N11	N11.HOG0005874	1	1	1	1	1	1	2	1	1	1	1	1	1	1	1
N11	N11.HOG0005875	1	1	1	1	1	1	1	1	1	1	1	1	1	1	1
N11	N11.HOG0005876	1	1	1	1	1	1	1	1	1	1	1	1	1	1	1
N11	N11.HOG0005877	1	2	1	1	1	1	1	1	1	1	1	1	1	1	0
N11	N11.HOG0005878	1	1	1	1	1	1	1	1	1	1	1	1	1	1	1
N11	N11.HOG0005879	1	1	1	1	1	1	2	1	1	1	1	1	1	1	1
N11	N11.HOG0005880	1	1	1	1	1	1	1	1	1	1	1	1	1	1	1
N11	N11.HOG0005881	1	1	1	1	1	1	1	1	1	1	1	1	1	1	1
N11	N11.HOG0005882	1	1	1	1	2	1	1	1	1	1	1	1	1	1	1
N11	N11.HOG0005883	1	1	1	1	1	1	1	1	1	1	1	1	1	1	1
N11	N11.HOG0005884	1	1	1	1	1	1	1	1	1	1	1	1	1	1	1
N11	N11.HOG0005885	1	1	1	1	1	1	1	1	1	1	1	1	1	1	1
N11	N11.HOG0005886	1	2	1	1	1	1	1	1	1	1	1	1	1	1	1
N11	N11.HOG0005887	1	2	1	1	1	1	1	1	1	1	1	1	2	1	1
N11	N11.HOG0005888	0	1	0	0	1	0	0	0	0	0	0	0	0	0	0
N11	N11.HOG0005889	0	1	1	1	1	1	1	1	1	1	1	1	1	1	1
N11	N11.HOG0005890	1	1	1	1	1	1	1	1	1	1	1	2	2	2	1
N11	N11.HOG0005891	1	1	1	1	1	1	1	1	1	1	1	1	1	1	1
N11	N11.HOG0005892	1	1	1	1	1	1	1	1	1	1	1	1	1	1	1
N11	N11.HOG0005893	1	2	1	1	1	1	1	1	1	1	1	1	1	1	1
N11	N11.HOG0005894	1	1	1	1	2	1	1	1	1	1	1	1	1	1	2
N11	N11.HOG0005895	1	1	1	1	4	1	1	1	1	1	1	1	1	1	1
N11	N11.HOG0005896	0	1	0	0	1	0	0	0	0	0	0	0	1	1	0
N11	N11.HOG0005897	1	1	1	1	1	1	1	1	1	1	1	1	0	0	1
N11	N11.HOG0005898	3	2	1	1	1	1	1	1	1	1	1	1	1	1	1
N11	N11.HOG0005899	0	1	1	1	1	1	1	1	1	1	1	1	1	1	1
N11	N11.HOG0005900	1	1	1	1	1	1	1	1	1	1	1	1	1	1	1
N11	N11.HOG0005901	1	1	1	1	1	1	1	1	1	1	1	1	1	1	1
N11	N11.HOG0005902	1	1	1	3	1	1	1	1	1	1	1	1	1	1	1
N11	N11.HOG0005903	1	0	1	1	1	1	1	0	0	1	0	0	1	1	1
N11	N11.HOG0005904	0	1	0	0	0	0	0	1	1	0	1	1	0	0	0
N11	N11.HOG0005905	0	1	0	0	0	0	0	0	0	0	0	0	0	0	0
N11	N11.HOG0005906	1	1	1	1	1	1	1	1	1	1	1	1	1	1	1
N11	N11.HOG0005907	0	0	1	1	1	1	1	1	1	1	1	1	1	1	1
N11	N11.HOG0005908	1	1	1	1	1	1	1	1	1	1	1	1	1	1	1
N11	N11.HOG0005909	2	1	1	1	1	1	1	1	1	1	1	1	1	1	1
N11	N11.HOG0005910	1	1	1	1	1	1	1	1	1	1	1	1	1	1	1
N11	N11.HOG0005911	1	1	1	1	1	1	1	1	1	1	1	1	1	1	1
N11	N11.HOG0005912	1	2	1	1	1	1	1	1	1	1	1	1	1	1	1
N11	N11.HOG0005913	1	2	1	1	1	1	1	1	1	1	1	1	1	1	1
N11	N11.HOG0005914	1	1	1	1	1	1	1	1	1	1	1	1	1	1	1
N11	N11.HOG0005915	1	1	1	1	1	1	1	1	1	1	1	1	1	1	1
N11	N11.HOG0005916	1	1	1	1	1	1	1	1	1	1	1	1	1	1	1
N11	N11.HOG0005917	1	1	1	1	1	1	1	1	1	1	1	1	1	5	1
N11	N11.HOG0005918	0	1	1	1	1	1	1	1	1	1	1	1	1	1	1
N11	N11.HOG0005919	4	1	1	1	1	1	1	1	1	1	1	1	1	1	1
N11	N11.HOG0005920	1	1	1	1	1	1	1	1	1	1	1	1	1	1	1
N11	N11.HOG0005921	1	1	1	1	1	1	1	1	1	1	1	1	1	1	1
N11	N11.HOG0005922	1	2	0	0	1	1	1	1	1	1	1	1	0	1	1
N11	N11.HOG0005923	2	0	1	1	1	1	1	1	1	1	1	0	2	3	2
N11	N11.HOG0005924	1	1	1	1	2	1	1	1	1	1	1	1	1	1	1
N11	N11.HOG0005925	1	1	1	1	1	1	1	1	1	1	1	1	1	1	2
N11	N11.HOG0005926	1	1	1	1	1	1	1	1	1	1	2	2	1	1	1
N11	N11.HOG0005927	1	1	1	1	1	1	1	1	1	1	1	1	1	1	1
N11	N11.HOG0005928	1	1	1	1	1	1	1	0	0	1	1	1	1	1	1
N11	N11.HOG0005929	1	1	1	1	1	1	1	1	1	1	1	1	1	1	1
N11	N11.HOG0005930	1	1	1	2	1	1	1	1	1	1	1	1	1	1	1
N11	N11.HOG0005931	0	1	1	1	1	1	1	1	1	1	1	1	1	4	1
N11	N11.HOG0005932	1	1	1	1	1	1	1	1	1	1	1	1	1	1	1
N11	N11.HOG0005933	1	1	1	0	1	1	1	1	1	1	1	1	4	2	1
N11	N11.HOG0005934	1	1	0	1	1	0	1	1	1	1	1	1	1	1	1
N11	N11.HOG0005935	1	3	1	1	1	1	2	1	1	1	1	1	1	1	1
N11	N11.HOG0005936	1	1	1	0	1	1	2	0	1	0	0	0	0	1	0
N11	N11.HOG0005937	1	0	0	1	1	0	0	0	0	1	1	1	1	1	1
N11	N11.HOG0005938	1	1	1	1	1	1	1	1	1	1	1	1	1	1	1
N11	N11.HOG0005939	1	1	1	1	1	1	2	1	1	1	1	1	1	1	1
N11	N11.HOG0005940	1	1	1	1	1	1	1	1	1	1	1	1	1	1	2
N11	N11.HOG0005941	1	1	1	1	1	1	1	1	1	1	1	1	1	1	1
N11	N11.HOG0005942	1	1	1	1	1	1	1	1	1	1	1	1	1	1	1
N11	N11.HOG0005943	2	2	1	1	2	1	1	1	1	1	1	1	1	1	1
N11	N11.HOG0005944	1	1	1	1	1	1	1	1	1	1	1	0	1	1	1
N11	N11.HOG0005945	1	1	1	1	1	1	1	1	1	1	1	1	1	1	1
N11	N11.HOG0005946	1	4	1	1	1	1	1	1	1	1	1	1	1	1	1
N11	N11.HOG0005947	1	1	1	1	1	1	1	1	1	1	1	1	1	1	1
N11	N11.HOG0005948	1	1	1	1	1	1	1	1	1	1	1	1	2	1	1
N11	N11.HOG0005949	1	1	1	1	1	1	1	1	1	1	1	1	1	1	1
N11	N11.HOG0005950	1	1	1	1	1	1	1	1	1	1	1	1	1	1	1
N11	N11.HOG0005951	1	1	1	1	1	1	1	1	1	1	1	1	1	1	1
N11	N11.HOG0005952	1	1	1	1	1	1	2	1	1	1	1	1	1	1	1
N11	N11.HOG0005953	1	1	1	2	1	1	1	1	1	1	1	1	1	1	1
N11	N11.HOG0005954	0	0	0	0	0	0	1	0	0	0	0	0	0	1	0
N11	N11.HOG0005955	0	1	1	1	1	1	1	1	1	1	1	1	1	1	1
N11	N11.HOG0005956	1	1	1	1	1	1	1	1	1	1	1	1	1	1	1
N11	N11.HOG0005957	2	1	1	1	1	1	1	1	1	1	1	1	1	1	1
N11	N11.HOG0005958	1	1	1	1	1	1	2	1	1	1	1	1	2	1	1
N11	N11.HOG0005959	1	1	1	1	1	1	1	1	1	1	1	1	1	1	1
N11	N11.HOG0005960	1	1	1	1	1	1	1	1	1	1	1	1	1	1	1
N11	N11.HOG0005961	1	1	1	1	1	1	1	1	1	1	1	1	1	1	0
N11	N11.HOG0005962	1	1	1	1	1	1	1	1	1	1	1	1	1	1	1
N11	N11.HOG0005963	1	1	1	1	1	1	1	1	1	1	1	1	1	1	1
N11	N11.HOG0005964	0	1	0	0	0	0	0	0	0	0	0	0	0	0	0
N11	N11.HOG0005965	1	1	1	1	1	1	1	1	1	1	1	1	1	1	1
N11	N11.HOG0005966	1	1	1	1	1	1	1	1	1	2	2	2	1	2	2
N11	N11.HOG0005967	1	0	1	1	1	1	1	1	1	1	1	1	1	2	1
N11	N11.HOG0005968	1	1	1	1	1	1	1	1	1	1	1	1	1	1	1
N11	N11.HOG0005969	1	1	1	1	2	1	1	1	1	1	1	1	1	1	1
N11	N11.HOG0005970	1	1	1	1	1	1	1	1	1	1	1	1	1	1	1
N11	N11.HOG0005971	1	0	0	0	0	0	0	0	0	0	0	0	0	0	0
N11	N11.HOG0005972	0	1	1	1	1	1	1	1	1	2	1	3	1	1	2
N11	N11.HOG0005973	1	1	1	1	1	1	1	1	1	1	1	1	1	1	1
N11	N11.HOG0005974	1	1	1	1	0	1	1	1	1	1	1	1	1	1	1
N11	N11.HOG0005975	1	1	1	1	1	1	1	1	1	1	1	1	1	1	1
N11	N11.HOG0005976	1	1	1	1	1	0	1	1	1	1	1	1	1	1	1
N11	N11.HOG0005977	2	1	1	1	2	1	2	1	1	1	1	1	1	1	1
N11	N11.HOG0005978	1	3	2	1	1	1	1	1	1	1	1	1	1	1	1
N11	N11.HOG0005979	2	1	1	1	1	1	1	1	1	1	1	1	1	1	1
N11	N11.HOG0005980	1	1	0	0	0	1	1	1	1	1	1	1	1	2	1
N11	N11.HOG0005981	1	1	1	1	1	1	1	1	1	1	1	1	1	1	1
N11	N11.HOG0005982	1	2	1	1	1	1	1	1	1	1	1	1	1	1	1
N11	N11.HOG0005983	1	1	1	1	1	1	1	1	1	1	1	1	1	1	1
N11	N11.HOG0005984	1	1	1	1	1	1	1	1	1	1	1	1	1	1	1
N11	N11.HOG0005985	1	1	0	0	1	1	1	0	0	0	0	0	1	1	1
N11	N11.HOG0005986	0	1	1	1	1	0	0	1	1	1	1	1	0	0	0
N11	N11.HOG0005987	1	1	1	1	1	1	1	1	1	1	1	1	0	1	1
N11	N11.HOG0005988	1	1	1	1	1	1	1	1	1	1	1	1	1	1	2
N11	N11.HOG0005989	1	1	1	1	1	1	1	1	1	1	1	1	1	1	1
N11	N11.HOG0005990	1	0	1	1	1	1	1	1	1	1	1	1	1	1	0
N11	N11.HOG0005991	1	2	1	1	1	1	1	1	1	1	1	1	3	1	1
N11	N11.HOG0005992	1	1	1	1	1	1	1	1	1	1	1	1	1	1	1
N11	N11.HOG0005993	1	1	1	1	1	1	1	1	1	1	1	1	1	1	2
N11	N11.HOG0005994	1	2	1	1	1	1	1	1	1	1	1	1	1	1	1
N11	N11.HOG0005995	1	1	1	1	1	1	1	1	1	1	1	1	1	1	1
N11	N11.HOG0005996	1	1	1	1	1	1	1	1	1	1	1	1	1	1	3
N11	N11.HOG0005997	1	1	1	1	1	1	1	1	1	1	1	1	1	1	1
N11	N11.HOG0005998	1	1	1	1	1	1	1	1	1	1	1	1	1	1	1
N11	N11.HOG0005999	1	1	1	1	1	1	1	1	1	1	1	1	1	1	1
N11	N11.HOG0006000	1	1	1	1	1	1	1	1	1	1	1	1	1	1	1
N11	N11.HOG0006001	1	1	1	1	1	1	1	1	1	1	1	1	1	1	1
N11	N11.HOG0006002	1	1	1	1	1	1	1	1	1	1	1	1	1	1	1
N11	N11.HOG0006003	1	1	1	1	1	1	1	1	1	1	1	1	1	1	1
N11	N11.HOG0006004	1	1	1	1	1	1	1	1	1	1	1	1	1	1	1
N11	N11.HOG0006005	1	2	1	1	1	1	1	1	1	1	1	1	1	1	1
N11	N11.HOG0006006	1	1	1	1	1	1	1	1	1	1	1	1	1	1	1
N11	N11.HOG0006007	1	0	0	0	0	1	0	1	1	1	1	0	0	1	1
N11	N11.HOG0006008	0	0	0	0	1	0	0	0	0	0	0	0	0	0	0
N11	N11.HOG0006009	0	1	1	1	0	0	1	0	0	0	0	0	1	0	0
N11	N11.HOG0006010	0	0	0	0	0	0	1	0	0	0	0	0	0	0	0
N11	N11.HOG0006011	1	2	1	1	1	1	1	1	1	1	1	1	1	1	1
N11	N11.HOG0006012	1	2	2	1	1	1	1	1	1	1	1	1	1	1	2
N11	N11.HOG0006013	1	1	1	1	1	1	1	1	1	1	1	1	1	1	1
N11	N11.HOG0006014	2	1	1	1	1	1	1	1	1	1	1	1	1	1	1
N11	N11.HOG0006015	1	2	1	1	1	1	1	1	1	1	1	1	1	1	1
N11	N11.HOG0006016	1	1	1	1	1	1	1	1	1	1	1	1	1	1	1
N11	N11.HOG0006017	1	1	1	1	1	1	2	1	1	1	1	1	1	1	1
N11	N11.HOG0006018	1	1	1	1	1	1	1	1	1	1	1	1	1	1	1
N11	N11.HOG0006019	1	2	1	1	1	1	1	1	1	1	1	1	1	1	1
N11	N11.HOG0006020	1	1	1	1	1	1	1	1	1	1	1	1	1	1	1
N11	N11.HOG0006021	1	2	1	1	1	1	1	1	1	1	1	1	1	1	1
N11	N11.HOG0006022	1	1	1	1	1	1	1	1	1	1	1	1	1	1	1
N11	N11.HOG0006023	0	1	1	1	1	1	1	1	1	1	1	1	1	1	1
N11	N11.HOG0006024	0	2	1	1	1	1	0	1	1	1	1	1	0	0	0
N11	N11.HOG0006025	1	1	1	1	1	1	1	1	1	1	1	1	1	1	1
N11	N11.HOG0006026	1	1	1	1	1	1	1	1	1	1	1	1	1	1	1
N11	N11.HOG0006027	1	1	1	1	1	1	1	1	1	1	1	1	1	1	1
N11	N11.HOG0006028	1	1	1	1	2	1	2	1	1	1	1	1	1	2	1
N11	N11.HOG0006029	1	1	1	1	1	1	2	1	2	1	1	1	1	1	1
N11	N11.HOG0006030	1	1	1	1	1	1	1	1	1	1	1	1	1	1	1
N11	N11.HOG0006031	1	1	1	1	1	1	1	1	1	1	1	1	1	1	1
N11	N11.HOG0006032	1	1	1	1	1	1	1	1	1	1	1	1	1	1	1
N11	N11.HOG0006033	1	1	1	1	1	1	1	1	1	1	1	1	1	1	1
N11	N11.HOG0006034	1	1	1	1	2	1	1	1	1	1	1	1	1	1	1
N11	N11.HOG0006035	1	1	1	1	1	1	1	1	1	1	1	1	0	1	1
N11	N11.HOG0006036	1	1	1	1	1	1	1	1	1	1	1	1	1	1	1
N11	N11.HOG0006037	2	1	1	1	1	1	1	1	1	1	1	1	1	1	1
N11	N11.HOG0006038	1	1	1	1	1	1	1	1	1	1	1	1	1	1	1
N11	N11.HOG0006039	2	1	1	1	1	1	1	1	1	1	1	1	1	1	1
N11	N11.HOG0006040	1	1	1	1	1	1	1	1	1	1	1	1	1	1	1
N11	N11.HOG0006041	1	2	1	1	1	1	1	1	1	1	1	1	1	1	1
N11	N11.HOG0006042	1	1	1	1	1	1	1	1	1	1	1	1	1	1	1
N11	N11.HOG0006043	2	1	1	1	1	1	2	1	1	1	1	1	2	1	1
N11	N11.HOG0006044	1	2	1	1	1	1	1	1	1	1	1	1	1	1	1
N11	N11.HOG0006045	1	1	1	1	1	1	2	1	1	2	2	2	1	1	1
N11	N11.HOG0006046	1	1	1	1	1	1	1	1	1	1	1	1	1	1	1
N11	N11.HOG0006047	1	1	1	1	1	1	1	1	1	1	1	1	1	1	1
N11	N11.HOG0006048	1	1	1	1	1	1	1	1	1	1	1	1	1	1	1
N11	N11.HOG0006049	1	1	1	1	1	1	1	1	1	1	1	1	1	1	1
N11	N11.HOG0006050	0	0	0	0	1	0	0	0	0	0	0	0	0	0	0
N11	N11.HOG0006051	1	1	1	1	1	1	1	1	1	1	1	1	1	1	1
N11	N11.HOG0006052	1	1	0	1	0	1	1	1	1	1	1	1	1	1	1
N11	N11.HOG0006053	0	0	1	0	0	0	0	0	0	0	0	0	0	0	0
N11	N11.HOG0006054	1	1	1	1	1	1	1	1	1	1	1	1	1	2	1
N11	N11.HOG0006055	1	1	1	1	1	1	1	1	1	1	1	1	1	1	1
N11	N11.HOG0006056	1	1	1	2	2	2	1	1	1	1	1	1	1	1	1
N11	N11.HOG0006057	1	0	1	3	0	2	1	1	1	1	1	1	1	0	1
N11	N11.HOG0006058	1	1	1	1	1	1	1	1	1	1	1	1	2	1	1
N11	N11.HOG0006059	1	1	1	1	1	1	1	1	1	1	1	1	0	1	1
N11	N11.HOG0006060	1	2	1	1	1	1	1	1	1	1	1	1	1	1	1
N11	N11.HOG0006061	1	2	1	1	2	1	1	1	1	1	1	1	1	1	1
N11	N11.HOG0006062	1	1	1	1	1	1	1	1	1	1	1	1	1	1	1
N11	N11.HOG0006063	1	1	1	1	1	1	1	1	1	1	1	1	1	1	1
N11	N11.HOG0006064	0	0	0	0	1	0	0	0	0	0	0	0	0	0	0
N11	N11.HOG0006065	1	1	1	2	3	1	1	1	1	1	1	1	1	1	0
N11	N11.HOG0006066	1	1	1	1	1	1	1	1	1	1	1	1	1	1	1
N11	N11.HOG0006067	1	1	1	1	1	1	1	1	1	1	1	1	1	1	1
N11	N11.HOG0006068	1	1	1	1	1	1	1	1	1	1	1	1	1	1	1
N11	N11.HOG0006069	0	3	1	1	1	1	1	1	1	2	2	1	1	1	1
N11	N11.HOG0006070	1	2	1	1	1	1	1	1	1	1	1	1	1	1	1
N11	N11.HOG0006071	1	1	1	1	1	1	1	1	1	1	1	1	1	1	1
N11	N11.HOG0006072	1	1	1	1	1	1	1	1	1	1	1	1	1	1	1
N11	N11.HOG0006073	0	1	0	0	0	0	0	0	0	0	0	0	0	0	1
N11	N11.HOG0006074	1	1	1	1	1	1	1	1	1	1	1	1	1	1	1
N11	N11.HOG0006075	1	1	1	1	1	1	1	1	1	1	1	1	1	1	2
N11	N11.HOG0006076	1	1	1	1	1	1	1	1	1	1	1	1	1	1	1
N11	N11.HOG0006077	1	1	1	1	1	1	1	1	1	1	1	1	1	1	1
N11	N11.HOG0006078	1	1	1	1	1	1	1	1	1	1	1	1	1	1	1
N11	N11.HOG0006079	1	1	1	1	1	1	1	1	1	1	1	1	1	1	1
N11	N11.HOG0006080	1	1	1	1	0	1	2	1	1	1	1	1	1	1	1
N11	N11.HOG0006081	1	1	1	1	1	1	1	1	1	1	1	1	1	1	1
N11	N11.HOG0006082	1	2	0	1	2	1	1	1	1	1	0	1	1	1	1
N11	N11.HOG0006083	1	0	1	1	1	1	1	1	1	1	1	1	2	1	1
N11	N11.HOG0006084	1	1	1	1	1	1	1	1	1	1	1	1	1	1	1
N11	N11.HOG0006085	1	1	1	1	1	1	1	1	1	1	1	1	1	1	1
N11	N11.HOG0006086	1	1	1	1	1	1	2	1	1	1	1	1	1	1	1
N11	N11.HOG0006087	1	2	1	1	1	1	1	1	1	1	1	1	1	1	1
N11	N11.HOG0006088	1	1	1	1	1	1	1	1	1	1	1	1	1	1	1
N11	N11.HOG0006089	1	2	1	1	1	1	1	1	1	1	1	1	1	1	1
N11	N11.HOG0006090	1	1	1	1	1	1	1	1	1	1	1	1	1	1	1
N11	N11.HOG0006091	1	1	1	1	1	1	1	1	1	1	1	1	1	1	1
N11	N11.HOG0006092	1	1	1	1	1	1	1	1	1	1	1	1	1	1	1
N11	N11.HOG0006093	1	2	1	1	1	1	1	1	1	1	1	1	1	1	2
N11	N11.HOG0006094	1	1	1	1	2	1	1	1	1	1	1	1	1	1	1
N11	N11.HOG0006095	1	1	1	1	1	1	1	1	1	1	1	1	1	1	1
N11	N11.HOG0006096	0	1	1	1	1	1	1	1	1	1	1	1	1	1	1
N11	N11.HOG0006097	1	1	1	1	1	1	1	1	1	1	1	1	1	1	1
N11	N11.HOG0006098	2	1	1	1	1	1	1	1	1	1	1	1	1	1	1
N11	N11.HOG0006099	1	2	1	1	1	1	1	1	1	1	1	1	1	1	1
N11	N11.HOG0006100	1	1	1	1	1	1	1	1	1	1	1	1	1	1	1
N11	N11.HOG0006101	1	1	1	1	1	1	1	1	1	1	1	1	1	1	1
N11	N11.HOG0006102	1	0	1	1	1	1	1	1	1	1	1	1	1	1	1
N11	N11.HOG0006103	1	1	1	1	1	1	1	1	1	1	1	1	1	1	1
N11	N11.HOG0006104	1	1	1	1	1	1	1	1	1	1	1	1	1	1	2
N11	N11.HOG0006105	0	1	1	1	0	1	1	1	1	1	1	1	1	1	1
N11	N11.HOG0006106	0	0	0	0	0	0	0	0	0	0	0	0	1	0	0
N11	N11.HOG0006107	1	1	1	1	1	1	1	1	1	1	1	1	1	1	1
N11	N11.HOG0006108	0	0	1	1	1	1	2	1	1	1	1	1	1	1	1
N11	N11.HOG0006109	0	1	2	2	2	2	1	1	1	1	1	2	1	1	1
N11	N11.HOG0006110	1	1	1	1	1	1	1	1	1	1	1	1	1	1	1
N11	N11.HOG0006111	1	1	2	2	2	2	2	2	2	2	2	2	1	1	2
N11	N11.HOG0006112	1	0	1	1	1	1	1	1	1	1	1	1	1	1	2
N11	N11.HOG0006113	1	2	1	1	1	1	1	1	1	1	1	1	1	1	1
N11	N11.HOG0006114	1	1	1	1	1	1	1	1	1	1	1	1	1	1	1
N11	N11.HOG0006115	1	1	1	1	1	1	1	1	1	1	1	1	1	1	1
N11	N11.HOG0006116	1	1	1	1	1	1	1	1	1	1	1	1	1	1	1
N11	N11.HOG0006117	1	0	1	0	1	1	1	1	1	1	1	1	1	1	1
N11	N11.HOG0006118	1	1	1	1	1	1	2	1	1	1	1	1	1	2	1
N11	N11.HOG0006119	1	1	1	1	1	1	1	1	1	1	1	1	1	1	1
N11	N11.HOG0006120	1	1	1	1	1	1	1	1	1	1	1	1	1	1	1
N11	N11.HOG0006121	1	1	1	1	1	1	1	1	1	1	1	1	0	1	1
N11	N11.HOG0006122	1	1	1	1	1	1	1	1	1	1	1	1	1	1	1
N11	N11.HOG0006123	1	2	1	1	2	1	1	1	1	1	1	1	1	1	1
N11	N11.HOG0006124	1	1	1	1	1	1	1	1	1	1	1	1	1	1	1
N11	N11.HOG0006125	1	1	1	1	1	1	1	1	1	1	1	1	1	1	1
N11	N11.HOG0006126	1	2	1	1	1	1	1	1	1	1	1	1	1	1	1
N11	N11.HOG0006127	1	0	1	1	0	1	1	1	1	1	2	1	1	1	1
N11	N11.HOG0006128	0	1	0	0	0	0	0	0	0	0	0	0	0	0	0
N11	N11.HOG0006129	1	2	1	1	1	1	1	1	1	1	1	1	1	1	1
N11	N11.HOG0006130	1	2	1	1	1	1	1	1	1	1	1	1	1	1	1
N11	N11.HOG0006131	1	1	1	1	1	1	1	1	1	1	1	1	1	2	1
N11	N11.HOG0006132	1	1	1	1	1	1	2	1	1	1	1	1	1	1	1
N11	N11.HOG0006133	1	1	1	1	1	1	2	1	1	1	1	1	1	2	1
N11	N11.HOG0006134	1	1	1	1	1	1	2	1	1	1	1	1	1	1	2
N11	N11.HOG0006135	1	1	1	1	1	1	1	1	1	1	1	1	1	1	1
N11	N11.HOG0006136	1	1	1	1	1	1	1	1	1	1	1	1	1	1	1
N11	N11.HOG0006137	1	1	1	1	1	1	2	1	1	1	1	1	1	1	1
N11	N11.HOG0006138	0	1	1	1	1	1	1	1	1	1	1	1	2	2	1
N11	N11.HOG0006139	1	1	1	1	2	1	1	1	1	1	1	1	1	1	1
N11	N11.HOG0006140	2	1	1	1	1	1	1	1	1	1	1	1	1	1	1
N11	N11.HOG0006141	1	1	1	2	1	1	1	1	1	1	1	1	1	1	1
N11	N11.HOG0006142	1	4	1	1	1	1	1	1	1	1	1	1	1	1	1
N11	N11.HOG0006143	1	1	1	1	1	1	1	1	1	1	1	1	1	1	1
N11	N11.HOG0006144	0	0	1	0	0	1	0	1	1	0	0	0	0	1	0
N11	N11.HOG0006145	0	2	0	0	1	0	0	0	0	0	0	0	0	0	1
N11	N11.HOG0006146	0	0	0	1	0	0	0	0	0	0	0	0	1	0	0
N11	N11.HOG0006147	1	1	1	1	1	1	1	1	1	1	1	1	1	1	1
N11	N11.HOG0006148	0	0	0	0	1	0	0	0	0	0	0	0	0	0	0
N11	N11.HOG0006149	1	1	1	1	1	1	1	1	1	1	1	1	1	1	1
N11	N11.HOG0006150	0	0	0	0	0	1	0	0	0	0	0	0	1	0	0
N11	N11.HOG0006151	0	1	1	1	1	1	1	1	1	1	1	1	0	1	1
N11	N11.HOG0006152	1	2	1	1	1	1	1	1	1	1	1	1	1	1	1
N11	N11.HOG0006153	0	1	1	1	1	1	1	1	1	1	1	1	2	2	1
N11	N11.HOG0006154	1	1	1	1	1	1	1	1	1	1	1	1	1	1	1
N11	N11.HOG0006155	1	3	1	1	1	1	1	1	1	1	1	1	1	1	1
N11	N11.HOG0006156	1	0	1	1	1	1	1	1	1	1	1	1	1	1	1
N11	N11.HOG0006157	1	1	1	1	1	1	1	1	1	1	1	1	1	1	1
N11	N11.HOG0006158	1	1	1	1	1	1	1	1	1	1	1	1	1	1	1
N11	N11.HOG0006159	1	2	1	1	2	1	1	1	1	1	1	1	1	1	1
N11	N11.HOG0006160	1	1	1	1	1	1	1	1	1	1	1	1	1	1	1
N11	N11.HOG0006161	1	1	1	1	1	1	1	1	1	1	1	1	1	1	1
N11	N11.HOG0006162	1	1	1	1	1	1	1	1	1	1	1	1	1	1	1
N11	N11.HOG0006163	1	1	1	1	1	1	1	1	1	1	1	2	1	1	1
N11	N11.HOG0006164	1	1	1	1	1	1	1	1	1	1	1	1	1	1	1
N11	N11.HOG0006165	1	1	1	1	1	1	1	1	1	1	1	1	1	1	1
N11	N11.HOG0006166	1	1	1	1	0	1	1	1	1	1	1	1	1	1	1
N11	N11.HOG0006167	1	1	2	1	1	1	1	1	1	1	1	1	1	1	1
N11	N11.HOG0006168	1	1	1	1	1	1	1	1	1	1	1	1	1	1	1
N11	N11.HOG0006169	1	1	1	1	1	1	1	1	1	1	1	1	2	1	1
N11	N11.HOG0006170	1	1	1	1	0	1	1	1	1	1	1	1	0	1	1
N11	N11.HOG0006171	1	1	1	1	1	1	1	1	1	1	1	1	1	1	1
N11	N11.HOG0006172	1	1	1	1	1	1	1	1	0	1	1	1	1	1	1
N11	N11.HOG0006173	1	0	1	1	1	1	1	1	1	1	1	1	1	3	1
N11	N11.HOG0006174	1	1	1	1	1	1	1	1	1	1	1	1	1	1	1
N11	N11.HOG0006175	1	1	1	1	1	1	1	1	1	1	1	1	1	1	1
N11	N11.HOG0006176	1	1	1	1	1	1	1	1	1	1	1	1	1	1	2
N11	N11.HOG0006177	3	2	1	1	1	1	1	1	1	1	1	1	1	1	1
N11	N11.HOG0006178	1	1	1	1	1	1	1	1	1	1	1	1	1	1	1
N11	N11.HOG0006179	1	1	1	1	1	1	1	1	1	1	1	1	1	1	1
N11	N11.HOG0006180	1	1	1	1	1	1	1	1	1	1	1	1	1	0	1
N11	N11.HOG0006181	1	1	1	1	1	1	1	1	1	1	1	1	1	1	1
N11	N11.HOG0006182	1	1	1	1	2	1	1	1	1	1	1	1	1	1	1
N11	N11.HOG0006183	1	1	1	1	1	2	1	1	1	1	1	1	1	1	1
N11	N11.HOG0006184	2	1	1	1	1	1	1	1	1	1	1	1	1	1	1
N11	N11.HOG0006185	1	1	1	1	1	1	2	1	1	1	1	1	1	1	1
N11	N11.HOG0006186	1	1	1	1	1	1	1	1	1	1	1	1	1	1	1
N11	N11.HOG0006187	1	1	1	1	1	1	1	1	1	1	1	1	1	2	1
N11	N11.HOG0006188	1	1	1	1	1	1	1	1	1	1	1	1	1	1	1
N11	N11.HOG0006189	1	2	1	1	1	2	1	1	1	1	1	1	1	1	1
N11	N11.HOG0006190	1	2	1	1	1	1	1	1	1	1	1	1	1	1	1
N11	N11.HOG0006191	1	1	1	1	2	1	1	1	1	1	1	1	1	1	1
N11	N11.HOG0006192	1	1	1	1	1	1	1	1	1	1	1	1	1	1	1
N11	N11.HOG0006193	1	1	1	1	1	1	1	1	1	1	1	1	1	1	1
N11	N11.HOG0006194	1	1	1	1	1	1	1	1	1	1	1	1	1	1	1
N11	N11.HOG0006195	1	3	1	1	1	1	1	1	1	1	1	1	1	1	1
N11	N11.HOG0006196	1	1	1	1	1	1	1	1	1	1	1	1	1	1	1
N11	N11.HOG0006197	1	1	2	2	2	2	1	1	1	1	1	1	1	1	1
N11	N11.HOG0006198	1	1	1	1	1	1	1	1	1	1	1	1	1	1	1
N11	N11.HOG0006199	1	2	1	1	1	1	1	1	1	1	1	1	1	1	1
N11	N11.HOG0006200	1	1	1	1	1	1	1	1	1	1	1	1	1	1	1
N11	N11.HOG0006201	0	1	1	1	1	1	1	1	1	1	1	1	1	1	1
N11	N11.HOG0006202	1	1	1	1	1	1	1	1	1	1	1	1	1	1	1
N11	N11.HOG0006203	1	2	1	1	1	1	1	1	1	1	1	1	1	1	1
N11	N11.HOG0006204	1	1	1	1	1	1	1	1	1	1	1	1	1	1	1
N11	N11.HOG0006205	1	1	1	1	1	1	1	1	1	1	1	1	1	1	1
N11	N11.HOG0006206	1	1	1	1	1	1	1	1	1	1	1	1	1	1	1
N11	N11.HOG0006207	1	2	1	1	1	1	1	1	1	1	1	1	1	1	1
N11	N11.HOG0006208	1	2	1	1	1	1	2	1	1	1	1	1	1	1	1
N11	N11.HOG0006209	1	1	1	1	1	1	1	1	1	1	1	1	1	1	1
N11	N11.HOG0006210	1	1	1	1	1	1	1	1	1	1	1	1	1	1	1
N11	N11.HOG0006211	1	0	1	1	1	1	1	1	1	1	1	1	1	1	1
N11	N11.HOG0006212	1	1	1	1	2	1	1	1	1	1	1	1	1	1	3
N11	N11.HOG0006213	0	2	1	1	1	1	1	1	1	1	1	1	1	1	1
N11	N11.HOG0006214	1	2	1	1	1	1	1	1	1	1	1	1	1	1	1
N11	N11.HOG0006215	1	1	1	1	1	1	1	1	1	1	1	1	1	1	1
N11	N11.HOG0006216	1	1	1	1	1	1	1	1	1	1	1	1	1	1	1
N11	N11.HOG0006217	1	1	1	1	2	1	1	1	1	1	1	1	1	1	1
N11	N11.HOG0006218	1	1	1	1	1	1	1	1	1	1	1	1	1	1	1
N11	N11.HOG0006219	1	1	1	1	1	1	1	1	1	1	1	1	1	1	1
N11	N11.HOG0006220	0	0	0	0	0	1	0	0	0	0	0	0	0	0	0
N11	N11.HOG0006221	1	1	1	1	1	1	1	1	1	1	1	1	1	1	1
N11	N11.HOG0006222	0	1	1	1	1	1	1	1	1	1	1	3	1	1	3
N11	N11.HOG0006223	1	2	1	1	1	1	1	1	1	1	1	1	1	1	1
N11	N11.HOG0006224	1	1	1	1	1	1	1	1	1	1	1	1	1	1	1
N11	N11.HOG0006225	1	1	1	1	1	1	1	1	1	1	1	1	1	1	1
N11	N11.HOG0006226	1	1	1	1	1	1	1	1	1	1	1	1	1	1	1
N11	N11.HOG0006227	1	2	1	1	2	1	1	1	1	1	1	1	1	1	1
N11	N11.HOG0006228	1	1	1	1	1	1	1	1	1	1	1	1	0	1	1
N11	N11.HOG0006229	1	1	1	1	1	1	1	1	1	1	1	1	1	2	1
N11	N11.HOG0006230	1	1	1	1	1	1	1	1	1	1	1	1	1	1	1
N11	N11.HOG0006231	1	1	1	1	1	1	1	1	1	1	1	1	1	1	1
N11	N11.HOG0006232	1	1	1	1	1	1	1	1	1	1	1	1	1	1	1
N11	N11.HOG0006233	1	2	1	1	1	1	1	1	1	1	1	1	1	1	1
N11	N11.HOG0006234	1	1	1	1	1	1	1	1	1	1	1	1	1	1	1
N11	N11.HOG0006235	1	1	1	1	1	1	1	1	1	1	1	1	1	1	1
N11	N11.HOG0006236	1	1	1	1	1	1	1	1	1	1	1	1	1	1	1
N11	N11.HOG0006237	1	2	1	1	1	1	1	1	1	1	1	1	1	1	1
N11	N11.HOG0006238	1	1	1	1	1	1	1	1	1	1	1	1	1	1	1
N11	N11.HOG0006239	1	0	1	1	1	1	1	1	1	1	1	1	1	1	1
N11	N11.HOG0006240	1	2	1	1	1	1	1	1	1	1	1	1	1	1	1
N11	N11.HOG0006241	1	1	1	1	1	1	1	1	1	1	1	1	1	1	1
N11	N11.HOG0006242	1	1	1	1	1	1	1	1	1	1	1	1	1	1	1
N11	N11.HOG0006243	1	1	1	1	2	1	1	1	1	1	1	1	1	1	1
N11	N11.HOG0006244	1	1	1	1	1	1	1	1	1	1	1	1	1	1	1
N11	N11.HOG0006245	1	0	1	1	0	1	1	1	1	1	1	1	1	1	1
N11	N11.HOG0006246	1	1	1	1	1	1	2	1	1	1	1	1	1	1	1
N11	N11.HOG0006247	1	1	1	1	1	1	1	1	1	1	1	1	1	1	1
N11	N11.HOG0006248	0	0	0	0	0	0	0	0	0	0	0	0	1	0	0
N11	N11.HOG0006249	1	2	1	1	1	1	2	1	1	1	1	1	1	1	0
N11	N11.HOG0006250	1	2	1	1	1	1	1	1	1	1	1	1	1	1	1
N11	N11.HOG0006251	1	0	1	1	2	1	1	1	1	1	1	1	1	1	1
N11	N11.HOG0006252	1	1	1	1	1	1	1	1	1	1	1	1	1	1	1
N11	N11.HOG0006253	1	1	1	1	1	1	1	1	1	1	1	1	0	1	1
N11	N11.HOG0006254	1	1	1	1	1	2	1	1	1	1	1	1	1	1	1
N11	N11.HOG0006255	0	1	1	1	1	1	1	1	1	1	1	1	1	1	1
N11	N11.HOG0006256	1	2	1	1	1	1	1	1	1	1	1	1	1	1	1
N11	N11.HOG0006257	2	1	1	1	1	1	1	1	1	1	1	1	1	1	2
N11	N11.HOG0006258	1	1	1	1	1	1	1	1	1	1	1	1	1	1	1
N11	N11.HOG0006259	1	2	1	1	1	1	1	1	1	1	1	1	1	1	1
N11	N11.HOG0006260	1	1	1	1	1	1	1	1	1	1	1	1	1	1	1
N11	N11.HOG0006261	0	1	1	1	1	1	1	1	1	1	1	1	1	1	1
N11	N11.HOG0006262	1	1	1	1	1	1	1	1	1	1	1	1	1	1	2
N11	N11.HOG0006263	1	1	1	1	1	1	1	1	1	1	1	1	1	1	1
N11	N11.HOG0006264	1	1	1	1	1	1	1	1	1	1	1	1	1	1	1
N11	N11.HOG0006265	1	1	1	1	1	1	1	1	1	1	1	1	1	1	1
N11	N11.HOG0006266	1	1	1	1	2	1	2	1	1	1	1	1	1	1	1
N11	N11.HOG0006267	1	1	1	1	1	1	1	1	1	1	1	1	1	1	1
N11	N11.HOG0006268	1	1	1	1	1	1	1	1	1	1	1	1	1	1	1
N11	N11.HOG0006269	1	2	1	1	1	1	1	1	1	1	1	1	1	1	1
N11	N11.HOG0006270	0	1	1	1	0	1	1	1	1	1	1	1	1	1	1
N11	N11.HOG0006271	1	0	0	0	1	0	0	0	0	0	0	0	0	0	0
N11	N11.HOG0006272	1	1	1	1	1	1	1	1	1	1	1	1	1	1	1
N11	N11.HOG0006273	1	1	1	1	1	1	1	1	1	1	1	1	1	1	1
N11	N11.HOG0006274	1	1	1	1	1	1	1	1	1	1	1	1	1	1	1
N11	N11.HOG0006275	1	1	1	1	3	1	1	1	1	1	1	1	1	1	1
N11	N11.HOG0006276	1	1	1	1	1	1	1	1	1	1	1	1	1	1	1
N11	N11.HOG0006277	0	0	0	0	0	0	1	0	0	0	0	0	0	0	0
N11	N11.HOG0006278	0	1	0	0	0	0	0	0	0	0	0	0	0	0	0
N11	N11.HOG0006279	1	1	1	1	1	1	0	1	1	1	1	1	1	1	1
N11	N11.HOG0006280	1	3	1	1	1	1	1	1	1	1	1	1	1	1	1
N11	N11.HOG0006281	1	1	1	1	1	1	1	1	1	1	1	1	1	1	1
N11	N11.HOG0006282	1	1	1	1	1	1	1	1	1	1	1	1	1	1	1
N11	N11.HOG0006283	1	1	1	1	1	1	1	1	1	1	1	1	1	1	1
N11	N11.HOG0006284	1	1	1	1	1	1	1	1	1	1	1	1	1	1	1
N11	N11.HOG0006285	1	1	1	1	1	1	1	1	1	1	1	1	1	1	1
N11	N11.HOG0006286	1	1	1	1	1	1	1	1	1	1	1	1	1	1	1
N11	N11.HOG0006287	1	1	1	1	1	1	1	1	1	1	1	1	1	1	1
N11	N11.HOG0006288	1	1	1	1	1	1	1	1	1	1	1	1	1	1	1
N11	N11.HOG0006289	1	1	1	1	1	1	1	1	1	1	1	1	1	1	1
N11	N11.HOG0006290	1	1	1	1	2	1	1	1	1	1	1	1	1	1	1
N11	N11.HOG0006291	1	1	1	1	1	1	1	1	1	1	1	1	1	1	1
N11	N11.HOG0006292	1	1	1	1	1	1	1	1	1	1	1	1	1	1	1
N11	N11.HOG0006293	1	1	1	1	1	1	1	1	1	1	1	1	1	1	1
N11	N11.HOG0006294	1	1	1	1	1	1	1	1	1	1	1	1	1	1	1
N11	N11.HOG0006295	1	1	1	1	1	1	1	1	1	1	1	1	1	1	1
N11	N11.HOG0006296	0	0	0	0	1	0	0	0	0	0	0	0	0	0	0
N11	N11.HOG0006297	1	1	1	1	2	1	1	1	1	1	1	1	1	1	1
N11	N11.HOG0006298	1	1	1	1	1	1	1	1	1	1	1	1	1	1	1
N11	N11.HOG0006299	1	1	1	1	1	1	1	1	1	1	1	1	1	1	1
N11	N11.HOG0006300	0	2	1	1	1	1	1	1	1	1	1	1	1	1	1
N11	N11.HOG0006301	0	1	1	1	1	1	1	1	1	1	1	1	1	1	1
N11	N11.HOG0006302	1	1	1	1	1	1	1	1	1	1	1	1	1	1	1
N11	N11.HOG0006303	1	1	1	1	1	1	1	1	1	1	1	1	1	2	1
N11	N11.HOG0006304	1	1	1	1	1	1	1	1	1	1	1	1	1	1	1
N11	N11.HOG0006305	1	1	1	1	1	1	1	1	1	1	1	1	1	1	1
N11	N11.HOG0006306	1	1	1	1	1	1	1	1	1	1	1	1	1	1	1
N11	N11.HOG0006307	1	1	1	1	1	1	1	1	1	1	1	1	1	1	1
N11	N11.HOG0006308	1	2	1	1	1	1	1	1	1	1	1	1	1	1	2
N11	N11.HOG0006309	1	1	1	1	1	1	1	1	1	1	1	1	1	1	2
N11	N11.HOG0006310	1	0	0	0	0	0	0	0	0	0	0	0	0	0	0
N11	N11.HOG0006311	0	1	0	0	0	0	0	0	0	0	0	0	0	0	0
N11	N11.HOG0006312	0	1	1	1	2	1	1	1	1	1	1	1	1	1	1
N11	N11.HOG0006313	1	1	1	1	3	1	1	1	1	1	1	1	1	1	1
N11	N11.HOG0006314	1	1	1	1	1	1	1	1	1	1	1	1	1	1	1
N11	N11.HOG0006315	1	1	1	1	1	1	1	1	1	1	1	1	1	1	1
N11	N11.HOG0006316	1	3	1	1	1	1	1	1	1	1	1	1	1	2	1
N11	N11.HOG0006317	2	1	1	1	1	1	1	1	1	1	1	1	1	2	1
N11	N11.HOG0006318	2	2	1	1	0	1	1	1	1	1	1	1	1	1	0
N11	N11.HOG0006319	1	1	1	1	1	1	1	1	1	1	1	1	1	1	1
N11	N11.HOG0006320	1	1	1	1	1	1	1	1	1	1	1	1	1	1	1
N11	N11.HOG0006321	1	2	1	1	1	1	1	1	1	1	1	1	1	1	1
N11	N11.HOG0006322	1	1	1	1	1	1	1	1	1	1	1	1	1	1	1
N11	N11.HOG0006323	1	4	1	1	1	1	1	1	1	1	1	1	1	1	1
N11	N11.HOG0006324	1	1	1	1	1	1	1	1	1	1	1	1	1	1	1
N11	N11.HOG0006325	1	1	1	1	1	1	1	1	1	1	1	1	1	1	1
N11	N11.HOG0006326	1	2	1	1	1	1	1	1	1	1	1	1	1	1	1
N11	N11.HOG0006327	1	1	1	1	1	2	1	1	1	1	1	1	1	1	1
N11	N11.HOG0006328	1	2	1	1	1	1	1	1	1	1	1	1	1	1	1
N11	N11.HOG0006329	0	1	1	1	1	1	1	1	1	1	1	1	0	1	1
N11	N11.HOG0006330	1	1	1	1	1	1	1	1	1	1	1	1	1	1	1
N11	N11.HOG0006331	0	1	1	1	1	1	1	1	1	1	1	0	1	1	1
N11	N11.HOG0006332	0	0	0	0	0	0	1	0	0	0	0	1	0	0	0
N11	N11.HOG0006333	0	0	1	1	1	1	0	0	0	0	0	0	0	0	0
N11	N11.HOG0006334	0	0	0	0	0	0	1	1	1	1	1	1	1	1	1
N11	N11.HOG0006335	3	0	0	0	0	0	0	0	0	0	0	0	0	0	0
N11	N11.HOG0006336	0	1	1	1	1	1	2	1	2	2	2	2	1	1	1
N11	N11.HOG0006337	0	1	1	1	1	1	1	1	1	1	1	1	2	2	1
N11	N11.HOG0006338	1	1	1	1	1	1	1	1	1	1	1	1	1	1	1
N11	N11.HOG0006339	1	1	1	1	0	1	1	1	1	1	1	1	1	1	0
N11	N11.HOG0006340	0	0	0	0	1	0	0	0	0	0	0	0	0	0	0
N11	N11.HOG0006341	0	0	0	0	1	0	0	0	0	0	0	0	0	0	1
N11	N11.HOG0006342	1	1	1	1	1	1	1	1	1	1	1	1	1	1	1
N11	N11.HOG0006343	1	2	1	1	1	1	1	1	1	1	1	1	1	1	2
N11	N11.HOG0006344	1	1	1	1	1	1	1	1	1	1	1	1	1	1	1
N11	N11.HOG0006345	2	1	1	1	1	1	1	1	1	1	1	1	1	1	1
N11	N11.HOG0006346	1	1	1	1	1	1	1	1	1	1	1	1	1	1	1
N11	N11.HOG0006347	1	1	1	1	1	1	1	1	1	1	1	1	1	1	1
N11	N11.HOG0006348	1	1	1	1	3	1	1	1	1	1	1	1	1	1	1
N11	N11.HOG0006349	1	1	1	1	1	1	1	1	1	1	1	1	1	1	1
N11	N11.HOG0006350	1	1	1	1	1	1	1	1	1	1	1	1	1	1	1
N11	N11.HOG0006351	1	0	1	1	1	1	1	1	1	2	2	2	1	1	1
N11	N11.HOG0006352	1	1	1	1	1	0	1	1	1	1	1	1	1	1	1
N11	N11.HOG0006353	1	1	1	1	1	1	2	1	1	1	1	1	1	1	1
N11	N11.HOG0006354	1	1	1	1	1	1	1	1	1	1	1	1	1	1	1
N11	N11.HOG0006355	1	1	1	1	1	1	1	1	1	1	1	1	1	1	1
N11	N11.HOG0006356	1	2	1	1	1	1	1	1	1	1	1	1	1	1	1
N11	N11.HOG0006357	1	0	1	1	1	1	1	1	1	1	1	0	1	1	1
N11	N11.HOG0006358	1	1	1	1	1	1	1	1	1	1	1	1	1	2	1
N11	N11.HOG0006359	1	1	1	1	1	1	1	1	1	1	2	1	1	1	1
N11	N11.HOG0006360	0	1	1	1	1	1	1	0	0	0	0	0	0	0	0
N11	N11.HOG0006361	0	1	1	1	1	0	1	1	2	1	1	0	1	1	1
N11	N11.HOG0006362	1	4	1	1	1	1	1	1	1	1	1	1	1	1	1
N11	N11.HOG0006363	1	1	1	1	1	1	1	1	1	1	1	1	1	1	1
N11	N11.HOG0006364	1	1	1	1	1	1	1	1	1	1	1	1	1	1	1
N11	N11.HOG0006365	1	4	1	1	1	1	1	1	1	1	1	1	1	1	1
N11	N11.HOG0006366	1	1	1	1	1	1	1	1	1	1	1	1	1	1	1
N11	N11.HOG0006367	0	0	0	0	1	0	0	0	0	0	0	0	0	0	0
N11	N11.HOG0006368	1	1	1	1	1	1	1	1	1	1	1	1	1	1	1
N11	N11.HOG0006369	1	2	1	1	1	1	1	1	1	1	1	1	1	1	1
N11	N11.HOG0006370	1	1	1	1	1	1	1	1	1	1	1	1	1	2	1
N11	N11.HOG0006371	1	1	1	1	1	1	1	1	1	1	1	1	1	1	1
N11	N11.HOG0006372	1	2	1	1	1	1	1	1	1	1	1	1	1	2	2
N11	N11.HOG0006373	1	4	1	1	2	1	1	1	1	0	0	1	1	1	1
N11	N11.HOG0006374	1	1	1	1	1	1	1	1	1	1	1	1	1	1	1
N11	N11.HOG0006375	1	1	1	1	1	1	1	1	1	1	1	1	1	1	1
N11	N11.HOG0006376	1	2	1	1	1	1	1	1	1	1	1	1	1	1	1
N11	N11.HOG0006377	0	1	1	1	1	1	1	1	1	1	1	1	1	1	1
N11	N11.HOG0006378	1	1	1	1	1	1	1	1	1	1	1	1	1	1	1
N11	N11.HOG0006379	0	1	1	1	1	1	1	1	1	1	1	1	1	1	2
N11	N11.HOG0006380	1	1	1	1	1	1	1	1	1	1	1	1	1	1	2
N11	N11.HOG0006381	1	1	1	1	1	1	1	1	1	1	1	1	1	1	1
N11	N11.HOG0006382	1	2	1	1	2	1	1	1	1	1	1	1	1	1	1
N11	N11.HOG0006383	0	1	1	1	1	1	1	1	1	1	1	1	1	1	1
N11	N11.HOG0006384	0	1	1	1	1	1	1	1	1	1	1	1	1	1	1
N11	N11.HOG0006385	1	1	1	1	1	1	1	1	1	1	1	1	1	1	1
N11	N11.HOG0006386	1	1	1	1	1	1	1	1	1	1	1	1	1	1	2
N11	N11.HOG0006387	1	1	1	1	1	1	1	1	1	1	1	1	1	1	1
N11	N11.HOG0006388	1	1	1	1	1	1	1	1	1	1	1	1	1	1	1
N11	N11.HOG0006389	1	1	1	1	0	1	1	1	1	1	1	1	1	1	1
N11	N11.HOG0006390	1	2	1	1	1	1	2	1	1	1	1	1	1	1	1
N11	N11.HOG0006391	1	1	1	1	1	1	1	1	1	1	1	1	1	5	1
N11	N11.HOG0006392	1	1	1	1	1	1	1	1	1	1	1	1	1	4	1
N11	N11.HOG0006393	1	1	1	1	1	1	1	1	1	1	1	1	1	1	1
N11	N11.HOG0006394	1	0	1	1	1	1	1	1	1	1	1	1	1	1	1
N11	N11.HOG0006395	1	1	1	1	0	1	1	1	1	1	1	1	1	1	1
N11	N11.HOG0006396	1	1	1	1	1	1	1	1	1	1	1	1	1	1	1
N11	N11.HOG0006397	1	1	1	1	1	1	1	1	1	1	1	1	1	1	1
N11	N11.HOG0006398	1	1	1	1	1	1	1	1	1	1	1	1	1	1	1
N11	N11.HOG0006399	1	1	1	1	1	1	1	1	1	1	1	1	1	1	1
N11	N11.HOG0006400	1	2	1	1	1	1	1	1	1	1	1	1	1	1	1
N11	N11.HOG0006401	1	1	1	1	1	1	1	1	1	1	1	1	1	1	1
N11	N11.HOG0006402	1	1	1	1	1	1	1	1	1	1	1	1	1	1	1
N11	N11.HOG0006403	1	1	1	1	1	1	2	1	1	1	1	1	1	1	1
N11	N11.HOG0006404	1	0	1	1	1	1	1	1	1	1	1	1	0	1	1
N11	N11.HOG0006405	1	1	1	1	2	1	1	1	1	1	1	1	1	1	1
N11	N11.HOG0006406	1	1	1	1	1	1	1	1	1	1	1	1	1	4	1
N11	N11.HOG0006407	1	1	1	1	1	1	1	1	1	1	1	1	1	2	1
N11	N11.HOG0006408	1	1	1	1	1	1	1	1	1	1	1	1	1	1	1
N11	N11.HOG0006409	1	1	1	1	1	1	1	1	1	1	1	1	1	1	1
N11	N11.HOG0006410	1	1	1	1	2	1	1	1	1	1	1	1	1	1	1
N11	N11.HOG0006411	1	1	1	1	2	1	1	1	1	1	1	1	0	1	2
N11	N11.HOG0006412	1	0	1	1	0	1	0	1	1	1	1	1	1	1	1
N11	N11.HOG0006413	1	1	1	1	1	1	1	1	1	1	1	1	1	1	1
N11	N11.HOG0006414	1	1	1	1	1	1	1	1	1	1	1	1	1	1	1
N11	N11.HOG0006415	1	1	1	1	1	1	1	1	1	1	1	1	1	1	1
N11	N11.HOG0006416	1	1	1	1	1	1	1	1	1	1	1	1	1	1	1
N11	N11.HOG0006417	0	1	1	1	1	1	1	1	1	1	1	1	1	1	1
N11	N11.HOG0006418	1	1	1	1	1	1	1	1	1	1	1	1	1	1	1
N11	N11.HOG0006419	1	1	1	1	1	1	1	1	1	1	1	1	1	1	1
N11	N11.HOG0006420	1	2	1	1	1	1	1	1	1	1	1	1	1	1	1
N11	N11.HOG0006421	1	1	1	1	2	1	1	1	1	1	1	1	1	1	1
N11	N11.HOG0006422	1	1	1	1	1	1	1	1	1	1	1	1	1	1	1
N11	N11.HOG0006423	1	1	1	1	1	2	1	1	1	1	1	1	1	1	1
N11	N11.HOG0006424	2	2	1	1	1	1	1	1	1	1	1	1	1	1	1
N11	N11.HOG0006425	1	1	1	1	1	1	1	1	1	1	1	1	1	1	2
N11	N11.HOG0006426	1	1	1	1	1	1	1	1	1	1	1	1	1	1	1
N11	N11.HOG0006427	1	1	1	1	1	1	1	1	1	1	1	1	1	1	1
N11	N11.HOG0006428	0	1	1	1	1	1	0	1	1	1	1	1	2	2	0
N11	N11.HOG0006429	1	1	1	1	1	1	2	1	3	1	1	1	1	1	1
N11	N11.HOG0006430	1	1	1	1	1	1	1	1	1	1	1	1	1	1	1
N11	N11.HOG0006431	1	1	1	1	1	1	1	1	1	1	1	1	1	1	1
N11	N11.HOG0006432	1	1	1	1	1	1	1	1	1	1	1	1	1	1	1
N11	N11.HOG0006433	1	1	1	1	1	1	1	1	1	1	1	1	1	1	2
N11	N11.HOG0006434	1	1	1	1	1	1	1	1	1	1	1	1	1	1	1
N11	N11.HOG0006435	1	1	1	1	1	1	1	1	1	1	1	1	1	1	1
N11	N11.HOG0006436	1	1	1	1	1	1	1	1	1	1	1	1	1	1	1
N11	N11.HOG0006437	1	1	1	1	1	1	1	1	1	1	1	1	1	1	1
N11	N11.HOG0006438	1	1	1	1	1	1	1	1	1	1	1	1	0	1	1
N11	N11.HOG0006439	1	1	1	1	1	1	1	1	1	1	1	1	1	1	1
N11	N11.HOG0006440	1	1	1	1	1	1	1	1	1	1	1	1	1	1	1
N11	N11.HOG0006441	1	0	1	1	2	1	1	1	1	1	1	1	1	1	1
N11	N11.HOG0006442	1	1	1	1	1	1	1	1	1	1	1	1	1	1	1
N11	N11.HOG0006443	1	2	1	1	1	1	1	1	1	1	1	1	1	1	1
N11	N11.HOG0006444	1	1	1	1	1	1	1	1	1	1	1	1	1	1	1
N11	N11.HOG0006445	1	1	1	1	1	1	1	1	2	1	1	1	1	2	2
N11	N11.HOG0006446	1	2	1	1	1	1	1	1	1	1	1	1	1	1	1
N11	N11.HOG0006447	1	1	1	1	1	1	1	1	1	1	1	1	1	1	1
N11	N11.HOG0006448	1	1	1	1	1	1	1	1	1	1	1	1	1	1	1
N11	N11.HOG0006449	1	1	1	1	1	1	1	1	1	1	1	1	1	1	1
N11	N11.HOG0006450	1	1	1	1	1	1	1	1	1	1	1	1	1	1	1
N11	N11.HOG0006451	1	1	1	1	1	1	1	1	1	1	1	1	1	1	1
N11	N11.HOG0006452	1	1	1	1	1	1	1	1	1	1	1	1	1	1	3
N11	N11.HOG0006453	1	1	1	1	1	1	1	1	1	1	1	1	1	1	1
N11	N11.HOG0006454	1	1	1	1	1	1	1	1	1	1	1	1	1	1	1
N11	N11.HOG0006455	1	1	1	1	1	1	1	1	1	1	1	1	1	1	1
N11	N11.HOG0006456	1	0	1	1	1	1	1	1	1	1	1	1	1	2	2
N11	N11.HOG0006457	1	1	1	1	1	1	1	1	1	1	1	1	1	1	1
N11	N11.HOG0006458	1	1	1	1	1	1	1	1	1	1	1	1	1	1	1
N11	N11.HOG0006459	1	1	1	1	1	1	1	1	0	1	1	1	1	1	1
N11	N11.HOG0006460	1	3	1	1	1	1	1	1	1	1	1	1	1	1	1
N11	N11.HOG0006461	0	0	1	1	1	1	1	1	1	1	1	1	1	1	1
N11	N11.HOG0006462	0	1	1	1	1	1	1	1	1	1	1	1	1	1	1
N11	N11.HOG0006463	1	1	1	1	1	1	1	1	1	1	1	1	1	2	2
N11	N11.HOG0006464	1	1	1	1	1	1	1	1	1	1	1	1	1	1	1
N11	N11.HOG0006465	1	3	1	1	1	1	2	1	1	1	1	1	1	1	1
N11	N11.HOG0006466	1	1	1	1	1	1	1	1	1	1	1	1	1	1	1
N11	N11.HOG0006467	1	1	1	1	0	1	1	1	1	1	1	1	1	1	1
N11	N11.HOG0006468	1	1	1	1	1	1	1	1	1	1	1	1	1	1	1
N11	N11.HOG0006469	1	1	1	1	1	1	1	1	1	1	1	1	1	1	1
N11	N11.HOG0006470	1	2	1	1	1	1	1	1	1	1	1	1	1	1	1
N11	N11.HOG0006471	1	1	1	1	1	1	1	1	1	1	1	1	1	1	1
N11	N11.HOG0006472	1	1	1	1	1	1	1	1	1	1	1	1	2	2	1
N11	N11.HOG0006473	2	1	1	1	1	1	1	1	1	1	1	1	1	1	1
N11	N11.HOG0006474	1	1	1	1	1	1	1	1	1	1	1	1	1	1	1
N11	N11.HOG0006475	0	0	1	1	1	1	0	1	1	1	1	1	1	0	1
N11	N11.HOG0006476	0	1	0	0	0	0	0	0	0	0	0	0	0	0	0
N11	N11.HOG0006477	1	1	1	1	1	1	1	1	1	1	1	1	1	1	1
N11	N11.HOG0006478	0	1	1	1	1	1	1	1	1	1	1	1	1	1	1
N11	N11.HOG0006479	1	2	1	1	1	1	0	0	0	0	0	0	0	0	0
N11	N11.HOG0006480	1	0	0	0	0	0	1	1	1	1	1	1	1	1	1
N11	N11.HOG0006481	1	1	1	1	1	1	1	1	1	1	1	1	1	1	1
N11	N11.HOG0006482	1	1	1	1	1	1	1	1	1	1	1	1	1	1	1
N11	N11.HOG0006483	0	1	0	0	0	0	0	0	0	0	0	0	0	0	0
N11	N11.HOG0006484	1	0	1	1	0	1	1	1	1	1	1	1	1	1	1
N11	N11.HOG0006485	1	1	1	1	1	1	1	1	1	1	1	1	1	1	1
N11	N11.HOG0006486	1	2	1	1	1	1	1	1	1	1	1	1	1	1	1
N11	N11.HOG0006487	1	1	1	1	3	1	1	1	1	1	1	1	1	1	1
N11	N11.HOG0006488	1	1	1	1	1	1	1	1	1	1	1	1	1	1	1
N11	N11.HOG0006489	1	1	1	1	1	1	1	1	1	1	1	1	1	1	1
N11	N11.HOG0006490	1	1	1	1	1	1	1	1	1	1	1	1	1	1	1
N11	N11.HOG0006491	1	1	1	1	1	1	1	1	1	1	1	1	1	1	1
N11	N11.HOG0006492	1	1	1	1	1	1	1	1	1	1	1	1	1	1	1
N11	N11.HOG0006493	1	1	1	1	1	1	1	1	1	1	1	1	1	1	1
N11	N11.HOG0006494	1	2	1	1	1	1	1	1	1	1	1	1	1	1	1
N11	N11.HOG0006495	1	1	1	1	1	1	1	1	1	1	1	1	1	1	1
N11	N11.HOG0006496	1	2	1	1	1	1	1	1	1	1	1	1	1	1	1
N11	N11.HOG0006497	1	1	1	1	1	1	1	1	1	1	1	1	1	1	1
N11	N11.HOG0006498	1	1	1	1	1	1	1	1	1	1	1	1	1	1	1
N11	N11.HOG0006499	1	0	1	1	1	1	1	1	1	1	1	1	0	1	1
N11	N11.HOG0006500	1	1	0	1	1	0	1	1	1	1	1	1	1	1	1
N11	N11.HOG0006501	1	1	1	1	1	1	0	1	1	1	1	1	1	1	1
N11	N11.HOG0006502	0	1	2	1	1	1	1	1	1	1	1	1	0	0	1
N11	N11.HOG0006503	1	1	1	1	1	1	1	1	1	1	1	1	1	1	1
N11	N11.HOG0006504	2	1	1	1	0	1	1	1	1	1	1	1	1	1	1
N11	N11.HOG0006505	2	1	1	1	1	1	1	1	1	1	1	1	1	1	1
N11	N11.HOG0006506	0	0	1	1	1	1	1	1	1	1	1	1	1	2	1
N11	N11.HOG0006507	1	1	2	1	1	1	1	1	1	1	1	1	1	1	1
N11	N11.HOG0006508	1	1	1	1	1	1	1	1	1	1	1	1	1	1	1
N11	N11.HOG0006509	1	1	1	1	1	1	1	1	1	1	1	1	1	1	1
N11	N11.HOG0006510	1	1	1	1	1	1	1	1	1	1	1	1	2	2	2
N11	N11.HOG0006511	1	1	1	1	1	1	1	1	1	1	1	1	1	1	1
N11	N11.HOG0006512	1	1	1	1	1	1	1	1	1	1	1	1	1	1	1
N11	N11.HOG0006513	1	1	1	1	1	1	1	1	1	1	1	1	1	1	1
N11	N11.HOG0006514	1	1	1	1	1	1	1	1	1	1	1	1	1	1	1
N11	N11.HOG0006515	1	1	1	1	1	1	1	1	1	1	1	1	1	1	1
N11	N11.HOG0006516	1	1	1	1	1	1	1	1	1	1	1	1	1	1	1
N11	N11.HOG0006517	1	1	1	1	1	1	1	1	1	1	1	1	1	1	1
N11	N11.HOG0006518	1	1	1	1	1	1	1	1	1	1	1	1	1	1	1
N11	N11.HOG0006519	0	1	1	1	1	1	1	1	1	1	1	1	1	1	1
N11	N11.HOG0006520	1	1	1	1	1	1	1	1	1	1	1	1	1	1	1
N11	N11.HOG0006521	0	1	1	1	1	1	1	1	1	1	1	1	1	1	1
N11	N11.HOG0006522	1	0	0	0	0	0	0	0	0	0	0	0	0	0	1
N11	N11.HOG0006523	1	3	1	1	1	1	1	1	1	1	1	1	1	1	1
N11	N11.HOG0006524	1	1	1	1	1	1	1	1	1	1	1	1	1	1	1
N11	N11.HOG0006525	1	1	1	1	1	1	1	1	1	1	1	1	1	1	1
N11	N11.HOG0006526	1	1	1	1	0	1	1	1	1	1	1	1	1	1	1
N11	N11.HOG0006527	1	1	1	1	1	1	1	1	1	1	1	1	1	1	1
N11	N11.HOG0006528	1	1	1	1	1	1	1	1	1	1	1	1	1	1	1
N11	N11.HOG0006529	1	1	1	1	1	1	1	1	1	1	1	1	0	1	1
N11	N11.HOG0006530	1	1	1	1	1	1	1	1	1	1	1	1	1	1	1
N11	N11.HOG0006531	1	1	1	1	1	1	1	1	1	1	1	1	2	1	2
N11	N11.HOG0006532	1	2	1	1	1	1	2	1	1	1	1	1	1	1	1
N11	N11.HOG0006533	1	1	1	1	1	1	1	1	1	1	1	1	1	1	1
N11	N11.HOG0006534	1	1	1	1	1	1	1	1	1	1	1	1	1	1	1
N11	N11.HOG0006535	1	2	1	1	3	1	1	1	1	1	1	1	1	1	1
N11	N11.HOG0006536	1	1	1	1	1	1	1	1	1	1	1	1	1	1	1
N11	N11.HOG0006537	1	1	1	1	1	1	1	1	1	1	1	1	1	1	1
N11	N11.HOG0006538	1	2	1	1	1	1	1	1	1	1	1	1	1	1	1
N11	N11.HOG0006539	1	1	1	1	1	1	1	1	1	1	1	1	1	1	1
N11	N11.HOG0006540	1	1	1	1	1	1	1	1	1	1	1	1	1	1	1
N11	N11.HOG0006541	1	1	1	1	1	1	1	1	1	1	1	1	1	1	1
N11	N11.HOG0006542	1	1	1	1	1	1	1	1	1	1	1	1	1	2	1
N11	N11.HOG0006543	1	2	1	1	1	1	1	1	1	1	1	1	1	1	1
N11	N11.HOG0006544	1	1	1	1	1	1	1	1	1	1	1	1	1	1	1
N11	N11.HOG0006545	1	1	1	1	0	1	1	1	1	1	1	1	1	1	1
N11	N11.HOG0006546	1	0	1	1	1	1	1	1	1	1	1	1	1	1	2
N11	N11.HOG0006547	0	2	1	2	1	1	1	1	1	1	1	1	1	1	1
N11	N11.HOG0006548	0	0	1	1	1	1	0	1	1	1	1	1	1	1	0
N11	N11.HOG0006549	1	1	0	0	0	0	1	0	0	0	0	0	0	0	1
N11	N11.HOG0006550	1	2	1	1	1	1	1	1	1	1	1	1	1	1	1
N11	N11.HOG0006551	1	1	1	1	1	1	1	1	1	1	1	1	1	1	1
N11	N11.HOG0006552	1	2	1	1	1	1	1	1	1	1	1	1	1	1	1
N11	N11.HOG0006553	1	1	1	1	1	1	1	1	1	1	1	1	1	1	1
N11	N11.HOG0006554	1	1	1	1	1	1	1	1	1	1	1	1	1	1	1
N11	N11.HOG0006555	1	1	1	1	1	1	1	1	1	1	1	1	1	1	1
N11	N11.HOG0006556	1	1	1	1	1	1	1	1	1	1	1	1	1	1	1
N11	N11.HOG0006557	1	1	1	1	1	1	1	1	1	1	1	1	1	1	1
N11	N11.HOG0006558	1	1	1	1	1	1	1	1	1	1	1	1	1	1	2
N11	N11.HOG0006559	1	3	1	1	1	1	2	1	1	1	1	1	1	1	1
N11	N11.HOG0006560	1	1	1	1	1	1	1	1	1	1	1	1	1	1	1
N11	N11.HOG0006561	0	0	0	0	0	0	0	0	0	1	1	1	0	0	0
N11	N11.HOG0006562	0	1	0	0	1	0	0	0	0	0	0	0	1	0	0
N11	N11.HOG0006563	1	1	1	0	1	0	1	0	0	0	0	0	0	1	1
N11	N11.HOG0006564	0	0	0	1	0	1	0	1	1	0	0	0	0	0	0
N11	N11.HOG0006565	1	2	1	1	1	1	1	1	1	1	1	1	1	1	1
N11	N11.HOG0006566	1	1	1	1	1	1	1	1	1	1	1	1	1	3	1
N11	N11.HOG0006567	1	1	1	1	1	1	1	1	1	1	1	1	1	1	1
N11	N11.HOG0006568	1	1	1	1	1	1	1	1	1	1	1	1	1	1	1
N11	N11.HOG0006569	1	2	1	1	1	1	1	1	1	1	1	1	1	1	1
N11	N11.HOG0006570	1	1	1	1	1	1	1	1	1	1	1	1	1	1	1
N11	N11.HOG0006571	0	1	1	1	1	1	1	1	1	1	1	1	0	0	0
N11	N11.HOG0006572	1	1	1	1	1	1	1	1	1	1	1	1	1	1	2
N11	N11.HOG0006573	1	1	1	1	1	1	1	1	1	1	1	1	1	1	1
N11	N11.HOG0006574	1	1	1	1	1	1	1	1	1	1	1	1	1	1	1
N11	N11.HOG0006575	1	1	1	1	1	2	2	1	1	1	1	1	1	1	0
N11	N11.HOG0006576	1	1	1	1	1	1	1	1	1	1	1	1	1	1	1
N11	N11.HOG0006577	1	1	1	1	1	1	1	1	1	1	1	1	1	1	1
N11	N11.HOG0006578	1	1	1	1	1	1	1	1	1	1	1	1	1	1	1
N11	N11.HOG0006579	2	1	1	1	1	1	1	1	1	1	1	1	1	1	1
N11	N11.HOG0006580	2	1	1	1	1	1	1	1	1	1	1	1	1	1	1
N11	N11.HOG0006581	1	1	1	1	1	1	1	1	1	1	1	1	1	1	1
N11	N11.HOG0006582	1	2	1	1	1	1	1	1	0	1	1	1	1	1	1
N11	N11.HOG0006583	1	2	1	1	1	1	1	1	1	1	1	1	1	1	1
N11	N11.HOG0006584	1	1	1	1	2	1	1	1	1	1	1	1	1	1	1
N11	N11.HOG0006585	1	1	1	1	1	1	1	1	1	1	1	1	1	1	2
N11	N11.HOG0006586	1	1	1	1	1	1	1	1	1	1	1	1	1	1	1
N11	N11.HOG0006587	1	2	0	1	1	1	1	1	1	1	1	0	0	1	1
N11	N11.HOG0006588	1	1	1	1	1	1	1	1	1	1	1	1	1	1	1
N11	N11.HOG0006589	1	1	1	1	1	1	1	1	1	1	1	1	1	1	1
N11	N11.HOG0006590	1	1	1	1	1	1	1	1	1	1	1	1	1	1	1
N11	N11.HOG0006591	1	1	1	1	1	1	1	1	1	1	1	1	1	1	1
N11	N11.HOG0006592	1	1	1	1	1	1	1	1	1	1	1	1	1	1	1
N11	N11.HOG0006593	1	1	1	1	1	1	1	1	1	1	1	1	1	1	1
N11	N11.HOG0006594	1	1	1	1	1	1	1	1	1	1	1	1	1	1	1
N11	N11.HOG0006595	1	2	1	1	1	1	1	1	1	1	1	1	1	1	1
N11	N11.HOG0006596	1	1	1	1	1	1	1	1	1	1	1	1	1	1	1
N11	N11.HOG0006597	1	1	1	1	0	1	1	1	1	1	1	1	1	1	1
N11	N11.HOG0006598	0	1	0	0	1	0	0	0	0	0	0	0	0	0	0
N11	N11.HOG0006599	1	1	1	1	1	1	1	1	1	1	1	1	1	1	2
N11	N11.HOG0006600	1	1	1	1	1	1	2	1	1	1	1	1	1	1	1
N11	N11.HOG0006601	1	2	1	1	2	1	1	1	1	1	1	2	1	1	1
N11	N11.HOG0006602	1	2	1	1	1	1	1	1	1	1	1	1	1	1	1
N11	N11.HOG0006603	1	1	1	1	1	1	1	1	1	1	1	1	1	1	1
N11	N11.HOG0006604	1	1	1	1	1	1	1	1	1	1	1	1	1	1	1
N11	N11.HOG0006605	1	1	1	1	1	1	1	1	1	1	1	1	1	1	1
N11	N11.HOG0006606	1	1	1	1	1	1	1	1	1	1	1	1	1	1	1
N11	N11.HOG0006607	1	1	1	1	1	1	1	1	1	1	1	1	1	1	1
N11	N11.HOG0006608	1	1	1	1	1	1	1	1	1	1	1	1	1	1	0
N11	N11.HOG0006609	1	1	1	1	1	1	1	1	1	1	1	1	1	1	1
N11	N11.HOG0006610	1	1	1	1	1	1	2	1	1	1	1	1	1	1	1
N11	N11.HOG0006611	1	0	1	1	1	1	1	1	1	1	1	1	1	1	1
N11	N11.HOG0006612	1	1	1	1	1	1	1	1	1	1	1	1	1	1	1
N11	N11.HOG0006613	1	1	1	1	1	1	1	1	1	1	1	1	1	1	1
N11	N11.HOG0006614	1	1	1	1	1	1	1	1	1	1	1	1	1	1	1
N11	N11.HOG0006615	1	1	1	1	1	1	1	1	1	1	1	1	1	1	1
N11	N11.HOG0006616	1	1	1	1	1	1	1	1	1	1	1	1	1	1	1
N11	N11.HOG0006617	1	1	1	1	1	1	1	1	1	1	1	1	1	1	1
N11	N11.HOG0006618	1	1	1	1	1	1	1	1	1	1	1	1	1	1	1
N11	N11.HOG0006619	1	1	1	1	1	1	1	1	1	1	1	1	1	1	1
N11	N11.HOG0006620	0	2	1	1	2	1	1	1	1	1	1	1	1	1	1
N11	N11.HOG0006621	1	2	1	1	1	1	1	1	1	1	1	1	1	1	1
N11	N11.HOG0006622	1	1	1	1	1	1	1	1	1	1	1	1	1	1	1
N11	N11.HOG0006623	1	1	1	1	1	1	1	1	1	1	1	1	1	1	1
N11	N11.HOG0006624	1	1	1	1	1	1	1	1	1	1	1	1	1	1	1
N11	N11.HOG0006625	1	1	1	1	2	1	1	1	1	1	1	1	1	1	1
N11	N11.HOG0006626	1	1	1	1	1	1	1	1	1	1	1	1	1	1	1
N11	N11.HOG0006627	1	2	1	1	1	1	1	1	1	1	1	1	1	1	1
N11	N11.HOG0006628	1	2	1	1	1	2	1	1	1	1	1	1	1	1	1
N11	N11.HOG0006629	1	1	1	1	1	1	1	1	1	1	1	1	1	1	1
N11	N11.HOG0006630	1	1	1	1	1	1	1	1	1	1	1	1	1	1	1
N11	N11.HOG0006631	1	1	1	1	1	1	1	1	1	1	1	1	2	1	1
N11	N11.HOG0006632	1	2	1	1	1	1	1	1	1	2	1	2	1	1	1
N11	N11.HOG0006633	1	3	1	1	1	1	1	1	1	1	1	1	1	1	1
N11	N11.HOG0006634	1	1	1	1	1	1	1	1	1	1	1	1	1	1	1
N11	N11.HOG0006635	1	1	1	1	1	1	1	1	1	1	1	1	1	1	1
N11	N11.HOG0006636	1	1	1	1	1	1	1	1	1	1	1	1	1	1	1
N11	N11.HOG0006637	1	1	1	1	1	1	1	1	1	1	1	1	1	1	1
N11	N11.HOG0006638	1	1	1	1	1	1	1	1	1	1	1	1	1	1	1
N11	N11.HOG0006639	1	0	1	1	1	1	1	1	1	1	1	1	1	1	1
N11	N11.HOG0006640	1	1	1	1	1	1	1	1	2	1	1	1	1	1	1
N11	N11.HOG0006641	1	1	1	0	1	1	1	1	1	1	1	1	1	1	1
N11	N11.HOG0006642	1	2	1	1	1	1	1	1	1	1	1	1	1	1	1
N11	N11.HOG0006643	1	1	1	1	1	1	1	1	1	1	1	1	1	1	1
N11	N11.HOG0006644	1	1	1	1	1	1	1	1	1	1	1	1	1	1	1
N11	N11.HOG0006645	1	1	1	1	1	1	1	1	1	1	1	1	1	1	1
N11	N11.HOG0006646	0	0	0	0	0	0	0	0	0	0	0	0	1	0	0
N11	N11.HOG0006647	1	1	1	1	1	1	1	1	1	1	1	1	1	1	1
N11	N11.HOG0006648	0	0	0	0	0	0	1	0	0	0	0	0	1	0	0
N11	N11.HOG0006649	1	1	1	1	1	0	1	1	1	1	1	1	0	1	1
N11	N11.HOG0006650	1	2	1	1	1	1	1	1	1	1	1	1	1	1	1
N11	N11.HOG0006651	1	1	1	1	1	1	1	1	1	1	1	1	1	1	1
N11	N11.HOG0006652	1	2	1	1	1	1	1	1	1	1	1	1	1	1	1
N11	N11.HOG0006653	1	1	1	1	1	1	1	1	1	1	1	1	1	1	1
N11	N11.HOG0006654	1	2	1	1	1	1	1	1	1	1	1	1	0	1	1
N11	N11.HOG0006655	1	1	1	1	2	1	1	1	1	1	1	1	1	1	1
N11	N11.HOG0006656	1	1	1	1	1	1	1	1	1	1	1	1	1	1	1
N11	N11.HOG0006657	1	1	1	1	1	1	1	1	1	1	1	1	1	1	1
N11	N11.HOG0006658	1	2	1	1	1	1	1	1	1	1	1	1	1	1	1
N11	N11.HOG0006659	1	1	1	1	1	1	1	1	1	1	1	1	1	1	1
N11	N11.HOG0006660	1	1	1	1	1	1	1	1	1	1	1	1	1	1	1
N11	N11.HOG0006661	1	1	1	1	1	1	1	1	1	1	1	1	1	1	1
N11	N11.HOG0006662	1	1	1	1	1	1	1	1	1	1	1	1	1	1	1
N11	N11.HOG0006663	1	1	1	1	1	1	1	1	1	1	1	1	1	1	1
N11	N11.HOG0006664	1	1	1	1	1	1	1	1	1	1	1	1	1	1	1
N11	N11.HOG0006665	1	1	1	1	1	1	1	1	1	1	1	1	1	1	1
N11	N11.HOG0006666	1	1	1	1	1	1	1	1	1	1	0	1	1	1	1
N11	N11.HOG0006667	1	1	1	1	1	1	1	1	1	1	1	1	2	1	1
N11	N11.HOG0006668	2	1	1	1	1	1	1	1	1	1	1	1	1	1	1
N11	N11.HOG0006669	1	1	1	1	0	1	1	0	0	1	1	1	1	1	1
N11	N11.HOG0006670	0	0	0	0	1	0	0	1	1	0	0	0	0	0	0
N11	N11.HOG0006671	1	3	1	1	1	1	1	1	1	1	1	1	1	1	1
N11	N11.HOG0006672	1	1	1	1	1	1	1	1	1	1	1	1	1	1	1
N11	N11.HOG0006673	1	1	1	1	1	1	1	1	1	1	1	1	1	1	1
N11	N11.HOG0006674	2	1	1	1	1	1	1	1	1	1	1	1	1	1	1
N11	N11.HOG0006675	1	3	1	1	1	1	1	1	1	1	1	1	1	1	1
N11	N11.HOG0006676	1	1	1	1	1	1	1	1	1	1	1	1	1	1	1
N11	N11.HOG0006677	2	1	1	1	1	1	1	1	1	1	1	1	1	1	1
N11	N11.HOG0006678	1	4	1	1	1	1	1	1	1	1	1	1	1	1	1
N11	N11.HOG0006679	0	1	1	1	1	1	1	1	1	3	2	1	1	1	1
N11	N11.HOG0006680	1	1	1	1	1	1	1	1	1	1	1	1	1	1	1
N11	N11.HOG0006681	2	1	1	1	1	1	1	1	1	1	1	1	1	1	1
N11	N11.HOG0006682	1	1	1	1	1	1	1	1	1	1	1	1	1	1	1
N11	N11.HOG0006683	0	1	1	1	1	1	1	1	1	1	1	1	2	1	1
N11	N11.HOG0006684	1	1	1	1	1	1	1	1	1	1	1	1	1	1	1
N11	N11.HOG0006685	1	1	1	1	1	1	2	1	1	1	1	1	1	1	1
N11	N11.HOG0006686	1	2	1	1	1	1	1	1	1	1	1	1	1	1	1
N11	N11.HOG0006687	1	1	1	1	1	1	0	1	1	1	1	1	1	1	1
N11	N11.HOG0006688	1	1	1	1	1	1	1	1	1	1	1	1	1	1	1
N11	N11.HOG0006689	1	1	1	1	1	1	1	1	1	1	1	1	1	1	1
N11	N11.HOG0006690	1	1	1	1	1	1	1	1	1	1	1	1	1	1	1
N11	N11.HOG0006691	0	1	1	1	1	1	1	1	1	1	1	1	1	1	1
N11	N11.HOG0006692	1	1	1	1	1	1	1	1	1	1	1	1	1	1	1
N11	N11.HOG0006693	1	1	1	1	1	1	1	1	1	1	1	1	1	1	1
N11	N11.HOG0006694	1	1	1	1	1	1	1	1	1	1	1	1	1	1	1
N11	N11.HOG0006695	1	1	1	1	1	1	1	1	1	1	1	1	1	1	1
N11	N11.HOG0006696	1	1	1	1	1	1	1	1	1	1	1	1	7	1	1
N11	N11.HOG0006697	1	1	1	1	1	1	1	1	1	1	1	1	1	1	2
N11	N11.HOG0006698	1	1	1	1	1	1	1	1	1	1	1	1	1	1	1
N11	N11.HOG0006699	1	1	1	1	1	1	1	1	1	1	1	1	1	1	1
N11	N11.HOG0006700	1	2	1	1	1	1	1	1	1	1	1	1	1	1	1
N11	N11.HOG0006701	1	2	1	1	1	1	1	1	1	1	1	1	1	1	1
N11	N11.HOG0006702	1	1	2	1	1	1	1	1	1	1	1	1	1	1	2
N11	N11.HOG0006703	1	1	1	1	1	1	1	1	1	1	1	1	1	1	2
N11	N11.HOG0006704	1	1	1	3	1	1	1	1	1	1	1	1	1	1	1
N11	N11.HOG0006705	0	1	1	1	1	1	1	1	1	1	1	1	1	1	1
N11	N11.HOG0006706	1	1	1	1	1	1	1	1	1	1	1	1	1	1	1
N11	N11.HOG0006707	1	0	0	0	0	0	0	0	0	0	0	0	0	0	0
N11	N11.HOG0006708	1	1	1	1	1	1	1	1	1	1	1	1	1	1	1
N11	N11.HOG0006709	1	1	1	1	1	1	1	1	1	1	1	1	1	1	1
N11	N11.HOG0006710	1	1	1	1	0	1	1	1	1	1	1	1	1	1	1
N11	N11.HOG0006711	2	0	1	1	1	1	1	1	1	1	1	1	1	1	1
N11	N11.HOG0006712	1	2	1	1	1	1	1	1	1	1	1	1	1	1	1
N11	N11.HOG0006713	1	1	1	1	1	1	1	1	1	1	1	1	1	1	2
N11	N11.HOG0006714	1	1	1	1	1	1	1	1	1	2	2	2	1	1	1
N11	N11.HOG0006715	1	2	1	1	1	1	1	1	1	1	1	1	1	1	1
N11	N11.HOG0006716	1	1	1	1	1	1	1	1	1	1	1	1	1	1	1
N11	N11.HOG0006717	0	1	1	1	1	1	1	1	1	1	1	1	1	1	1
N11	N11.HOG0006718	1	1	1	1	1	1	1	1	1	1	1	1	1	1	1
N11	N11.HOG0006719	2	1	1	1	1	1	1	1	1	1	1	1	1	1	1
N11	N11.HOG0006720	1	1	1	1	1	1	1	1	1	1	1	1	1	1	1
N11	N11.HOG0006721	1	1	1	1	1	1	1	1	1	1	1	1	1	1	1
N11	N11.HOG0006722	1	1	1	1	1	1	1	1	1	1	1	1	1	1	1
N11	N11.HOG0006723	1	1	1	1	1	1	1	1	1	1	1	1	1	1	1
N11	N11.HOG0006724	1	1	1	1	1	1	1	1	1	1	1	1	1	1	1
N11	N11.HOG0006725	1	1	1	1	1	1	1	2	2	1	1	1	1	1	1
N11	N11.HOG0006726	1	2	1	1	1	1	1	1	1	1	1	1	1	1	1
N11	N11.HOG0006727	1	2	1	1	1	1	1	1	1	1	1	1	1	1	1
N11	N11.HOG0006728	1	1	1	1	1	1	1	1	1	1	1	1	1	1	1
N11	N11.HOG0006729	1	0	1	1	1	1	1	1	1	1	1	1	1	1	1
N11	N11.HOG0006730	1	1	1	1	1	1	1	1	1	1	1	1	1	1	1
N11	N11.HOG0006731	1	2	1	1	1	1	1	1	1	1	1	1	2	1	1
N11	N11.HOG0006732	1	1	1	1	1	1	1	1	1	1	1	1	2	2	1
N11	N11.HOG0006733	2	1	1	1	1	1	1	1	1	1	1	1	1	1	1
N11	N11.HOG0006734	1	1	1	1	1	1	1	1	1	1	1	1	1	2	1
N11	N11.HOG0006735	0	1	1	1	1	1	2	2	1	1	1	0	0	0	0
N11	N11.HOG0006736	1	1	1	1	1	1	1	1	1	1	1	1	1	1	1
N11	N11.HOG0006737	1	1	1	1	2	1	1	1	1	1	1	1	1	1	1
N11	N11.HOG0006738	1	1	1	1	1	1	1	1	1	1	1	1	1	1	1
N11	N11.HOG0006739	1	1	1	1	1	1	1	1	1	1	1	1	1	1	1
N11	N11.HOG0006740	1	1	1	1	1	1	1	1	1	1	1	1	1	1	1
N11	N11.HOG0006741	1	1	1	1	0	1	1	1	1	1	1	1	1	1	1
N11	N11.HOG0006742	1	1	1	1	1	1	1	1	1	1	1	1	1	1	1
N11	N11.HOG0006743	1	1	1	1	1	1	1	1	1	1	1	1	1	1	1
N11	N11.HOG0006744	1	1	1	1	1	1	1	1	1	1	1	1	1	1	1
N11	N11.HOG0006745	1	2	1	1	1	1	1	1	1	1	1	1	1	1	1
N11	N11.HOG0006746	1	2	1	1	1	1	1	1	1	1	1	1	1	1	1
N11	N11.HOG0006747	1	1	1	1	1	1	1	1	1	1	1	1	1	1	1
N11	N11.HOG0006748	1	1	1	1	1	1	1	1	1	1	1	1	1	1	1
N11	N11.HOG0006749	1	1	1	1	1	1	1	1	1	1	1	1	2	1	1
N11	N11.HOG0006750	1	1	1	1	1	1	1	1	1	1	1	1	1	1	1
N11	N11.HOG0006751	1	2	1	1	1	1	1	1	1	1	1	1	1	1	1
N11	N11.HOG0006752	1	1	1	1	1	1	1	1	1	1	1	1	1	1	1
N11	N11.HOG0006753	0	0	0	0	0	0	0	0	0	0	1	0	0	0	0
N11	N11.HOG0006754	0	1	1	1	1	1	1	1	1	1	1	1	0	1	1
N11	N11.HOG0006755	1	1	1	1	1	1	1	1	1	1	1	1	1	1	1
N11	N11.HOG0006756	0	2	1	1	1	1	2	1	1	1	1	1	1	1	1
N11	N11.HOG0006757	1	1	1	1	1	1	1	1	1	1	1	1	1	1	1
N11	N11.HOG0006758	1	2	1	1	1	1	1	1	1	1	1	1	1	1	1
N11	N11.HOG0006759	1	1	1	1	1	1	1	1	1	1	1	1	1	1	1
N11	N11.HOG0006760	1	1	1	1	1	1	1	1	1	1	1	1	1	1	1
N11	N11.HOG0006761	1	1	1	3	1	1	1	1	1	1	1	1	1	1	1
N11	N11.HOG0006762	1	1	1	1	1	1	1	1	1	1	1	1	1	1	1
N11	N11.HOG0006763	1	1	1	1	1	1	1	1	1	1	1	1	1	1	1
N11	N11.HOG0006764	1	1	1	1	1	1	1	1	1	1	1	1	1	1	1
N11	N11.HOG0006765	1	1	1	1	1	1	1	1	1	1	1	1	1	1	1
N11	N11.HOG0006766	1	1	1	1	1	1	1	1	1	1	1	1	1	1	1
N11	N11.HOG0006767	1	1	1	1	2	1	1	1	1	1	1	1	1	1	1
N11	N11.HOG0006768	1	1	1	1	2	1	1	1	1	1	1	1	1	1	2
N11	N11.HOG0006769	1	1	1	1	1	1	1	1	1	1	1	1	1	1	0
N11	N11.HOG0006770	1	1	1	1	1	1	1	1	1	1	1	1	1	1	1
N11	N11.HOG0006771	1	1	1	1	1	1	1	1	1	1	1	1	1	1	1
N11	N11.HOG0006772	1	1	1	1	1	1	1	1	1	1	1	1	1	1	1
N11	N11.HOG0006773	1	1	1	1	1	1	1	1	1	1	1	1	0	1	1
N11	N11.HOG0006774	1	1	1	1	1	1	1	1	1	1	1	1	1	1	1
N11	N11.HOG0006775	1	1	1	1	1	1	1	1	1	1	1	1	1	1	1
N11	N11.HOG0006776	1	1	1	1	1	1	1	1	1	1	1	1	1	1	2
N11	N11.HOG0006777	1	1	1	1	1	1	1	1	1	1	1	1	1	1	1
N11	N11.HOG0006778	1	1	1	1	1	1	1	1	1	1	1	1	1	1	1
N11	N11.HOG0006779	1	1	1	1	1	0	2	1	1	1	1	1	1	1	2
N11	N11.HOG0006780	1	1	1	1	1	1	1	1	1	1	1	1	1	1	1
N11	N11.HOG0006781	1	1	1	1	1	1	1	1	1	1	1	1	1	0	1
N11	N11.HOG0006782	1	1	1	1	1	1	1	1	1	1	1	1	1	1	1
N11	N11.HOG0006783	1	1	1	1	1	1	1	1	1	1	1	1	1	1	2
N11	N11.HOG0006784	1	1	1	1	1	1	1	1	1	1	1	1	1	1	1
N11	N11.HOG0006785	1	1	1	1	1	1	1	1	1	1	1	1	1	1	1
N11	N11.HOG0006786	1	1	1	1	1	1	1	1	1	1	1	1	1	1	2
N11	N11.HOG0006787	1	1	1	1	1	1	1	1	1	1	1	1	1	1	2
N11	N11.HOG0006788	1	1	1	1	1	1	1	1	1	1	1	1	1	1	1
N11	N11.HOG0006789	1	2	1	1	1	1	1	1	1	1	1	1	1	1	1
N11	N11.HOG0006790	0	1	1	1	1	1	1	1	1	1	1	1	1	1	1
N11	N11.HOG0006791	1	1	1	1	1	1	1	1	1	1	1	1	1	1	1
N11	N11.HOG0006792	1	1	1	1	1	1	1	1	1	1	1	1	1	1	1
N11	N11.HOG0006793	1	1	1	1	1	1	1	1	1	1	1	1	1	1	1
N11	N11.HOG0006794	1	1	1	1	1	1	1	1	1	1	1	1	1	1	1
N11	N11.HOG0006795	1	1	1	1	1	1	1	1	1	1	1	1	1	2	1
N11	N11.HOG0006796	1	1	1	1	1	1	1	1	1	1	1	1	1	1	1
N11	N11.HOG0006797	1	1	1	1	1	1	1	1	1	1	1	1	1	1	1
N11	N11.HOG0006798	1	1	1	1	1	1	1	1	1	1	1	1	0	1	1
N11	N11.HOG0006799	1	1	1	1	1	1	1	1	1	1	1	1	1	1	1
N11	N11.HOG0006800	1	1	1	1	1	1	1	1	1	1	1	1	1	1	1
N11	N11.HOG0006801	1	1	1	1	1	1	1	1	1	1	1	1	1	1	1
N11	N11.HOG0006802	1	1	1	1	1	1	1	1	1	1	1	1	1	1	1
N11	N11.HOG0006803	1	1	1	1	1	1	2	1	1	1	1	1	1	1	1
N11	N11.HOG0006804	1	1	1	1	1	1	1	1	1	1	1	1	1	1	1
N11	N11.HOG0006805	1	1	1	1	1	1	1	1	1	1	1	1	1	1	1
N11	N11.HOG0006806	1	1	1	1	1	1	1	1	1	1	1	1	1	1	1
N11	N11.HOG0006807	1	1	1	1	1	1	1	1	1	1	1	1	1	1	1
N11	N11.HOG0006808	1	1	1	1	1	1	1	1	1	1	1	1	1	1	1
N11	N11.HOG0006809	1	1	1	1	1	1	1	1	1	1	1	1	1	1	1
N11	N11.HOG0006810	1	1	1	1	1	1	1	1	1	1	1	1	1	1	1
N11	N11.HOG0006811	1	1	1	1	2	1	1	1	1	1	1	1	1	1	1
N11	N11.HOG0006812	1	2	1	2	1	1	1	1	1	1	1	1	1	1	1
N11	N11.HOG0006813	1	1	1	1	1	1	1	1	1	1	1	1	1	1	1
N11	N11.HOG0006814	1	1	1	1	1	1	2	1	1	1	1	1	1	1	1
N11	N11.HOG0006815	1	2	1	1	1	1	1	1	1	1	1	1	1	1	1
N11	N11.HOG0006816	1	1	1	1	1	1	1	1	1	1	1	1	1	1	1
N11	N11.HOG0006817	1	1	1	1	1	1	2	1	1	1	1	1	1	1	1
N11	N11.HOG0006818	1	1	1	2	1	1	1	1	1	1	1	1	1	1	1
N11	N11.HOG0006819	1	1	1	1	1	1	1	1	1	1	1	1	1	1	1
N11	N11.HOG0006820	1	1	1	1	1	1	1	1	1	1	1	1	1	1	1
N11	N11.HOG0006821	1	2	1	1	1	1	1	1	1	1	1	1	1	1	1
N11	N11.HOG0006822	1	1	1	1	1	1	1	1	1	1	1	1	1	1	1
N11	N11.HOG0006823	1	1	1	1	1	1	1	1	1	1	1	1	1	1	1
N11	N11.HOG0006824	1	1	1	1	1	1	1	1	1	1	1	1	1	1	1
N11	N11.HOG0006825	1	1	1	1	1	1	1	1	1	1	1	1	1	1	1
N11	N11.HOG0006826	1	1	1	1	1	1	1	1	1	1	1	1	1	1	1
N11	N11.HOG0006827	1	1	1	1	1	1	1	1	1	1	1	1	1	1	1
N11	N11.HOG0006828	1	1	1	1	1	1	1	1	1	1	1	1	1	1	1
N11	N11.HOG0006829	1	1	1	1	1	1	1	1	1	1	1	1	1	1	1
N11	N11.HOG0006830	1	1	1	1	1	1	1	1	1	1	1	1	2	1	1
N11	N11.HOG0006831	1	1	1	1	1	1	1	1	1	1	1	1	1	1	1
N11	N11.HOG0006832	1	2	1	1	2	1	1	1	1	1	1	1	1	1	1
N11	N11.HOG0006833	1	3	1	1	1	1	1	1	1	1	1	1	1	1	1
N11	N11.HOG0006834	1	0	1	1	0	1	1	1	1	1	1	1	1	1	1
N11	N11.HOG0006835	1	1	2	1	1	1	1	1	1	1	1	1	1	1	1
N11	N11.HOG0006836	1	2	1	1	1	1	1	1	1	1	1	1	1	1	1
N11	N11.HOG0006837	1	1	1	3	1	1	1	1	1	1	1	1	1	1	1
N11	N11.HOG0006838	1	1	1	1	1	1	1	1	1	1	1	1	1	1	1
N11	N11.HOG0006839	1	1	1	1	1	1	2	1	1	1	1	1	2	1	1
N11	N11.HOG0006840	1	1	1	1	1	1	1	1	1	1	1	1	1	1	1
N11	N11.HOG0006841	1	1	1	1	1	1	1	1	1	1	1	1	2	1	1
N11	N11.HOG0006842	1	1	1	1	1	1	1	1	1	1	1	1	1	2	1
N11	N11.HOG0006843	1	1	1	1	1	1	1	1	1	1	1	1	1	1	1
N11	N11.HOG0006844	1	1	1	1	1	1	1	1	1	1	1	1	1	1	2
N11	N11.HOG0006845	1	3	1	1	1	1	1	1	1	1	1	1	1	1	1
N11	N11.HOG0006846	1	1	1	1	1	1	1	1	1	1	1	2	1	1	1
N11	N11.HOG0006847	1	1	1	1	1	1	2	1	1	1	1	1	2	2	1
N11	N11.HOG0006848	1	1	1	1	1	1	1	1	1	1	1	1	1	1	1
N11	N11.HOG0006849	1	1	1	1	1	1	1	1	1	1	1	1	1	1	1
N11	N11.HOG0006850	1	1	1	1	1	1	1	1	1	1	1	1	1	1	1
N11	N11.HOG0006851	1	1	1	1	1	1	1	1	1	1	1	1	1	1	1
N11	N11.HOG0006852	1	1	1	1	1	1	1	1	1	1	1	1	1	1	1
N11	N11.HOG0006853	1	1	1	1	1	1	2	1	1	1	1	1	1	1	1
N11	N11.HOG0006854	1	1	1	1	1	1	1	1	1	1	1	1	1	1	1
N11	N11.HOG0006855	1	0	1	2	1	1	1	1	1	1	1	1	1	1	1
N11	N11.HOG0006856	1	1	1	1	1	1	1	1	1	2	2	2	1	1	1
N11	N11.HOG0006857	1	1	1	1	1	1	1	1	1	1	1	1	1	1	1
N11	N11.HOG0006858	1	2	1	1	2	1	1	1	1	1	1	1	1	1	1
N11	N11.HOG0006859	1	1	1	1	1	1	1	1	1	1	1	1	1	1	1
N11	N11.HOG0006860	1	1	1	1	1	2	1	1	1	1	1	1	1	1	1
N11	N11.HOG0006861	1	1	1	1	1	1	1	1	1	1	1	1	1	2	1
N11	N11.HOG0006862	1	2	1	1	1	1	1	1	1	1	1	1	0	1	0
N11	N11.HOG0006863	1	1	1	1	1	1	1	1	1	1	1	1	1	2	1
N11	N11.HOG0006864	1	2	1	1	1	1	1	1	1	1	1	1	0	1	1
N11	N11.HOG0006865	1	1	1	1	2	1	1	1	1	1	1	1	1	1	1
N11	N11.HOG0006866	1	1	1	1	1	1	1	1	1	1	1	1	1	1	1
N11	N11.HOG0006867	1	1	1	1	1	1	1	1	1	2	1	3	1	1	1
N11	N11.HOG0006868	1	1	1	1	1	1	1	1	1	1	1	1	1	1	1
N11	N11.HOG0006869	1	2	1	1	1	1	1	1	1	1	1	1	1	1	1
N11	N11.HOG0006870	1	2	1	1	1	1	1	1	1	1	1	1	1	1	1
N11	N11.HOG0006871	1	1	1	1	1	1	1	1	1	1	1	1	1	1	1
N11	N11.HOG0006872	1	1	1	1	1	1	1	1	1	1	1	1	1	1	1
N11	N11.HOG0006873	1	3	1	1	1	1	1	1	1	1	1	1	1	1	1
N11	N11.HOG0006874	1	1	1	1	1	1	1	1	1	2	1	1	1	1	1
N11	N11.HOG0006875	1	2	1	1	1	1	1	1	1	1	1	1	1	1	1
N11	N11.HOG0006876	2	3	1	1	1	1	1	1	1	1	1	1	1	1	1
N11	N11.HOG0006877	1	1	1	1	1	1	1	1	1	1	1	1	1	1	2
N11	N11.HOG0006878	1	1	1	1	1	1	1	1	1	1	1	1	1	4	1
N11	N11.HOG0006879	1	1	1	4	1	1	1	1	1	1	1	1	1	1	1
N11	N11.HOG0006880	1	1	1	1	1	1	1	1	1	1	1	1	1	1	1
N11	N11.HOG0006881	1	1	1	1	1	1	1	1	1	1	1	1	1	1	1
N11	N11.HOG0006882	1	2	1	1	1	1	1	1	1	1	1	1	1	1	1
N11	N11.HOG0006883	1	1	1	1	1	1	1	1	1	1	1	1	1	1	1
N11	N11.HOG0006884	1	1	1	1	1	1	1	1	1	1	1	1	1	1	1
N11	N11.HOG0006885	1	2	1	1	1	1	1	1	1	1	1	1	1	1	1
N11	N11.HOG0006886	1	1	1	1	1	1	1	1	1	1	1	1	1	1	1
N11	N11.HOG0006887	2	1	1	1	1	1	1	1	1	1	1	1	1	1	1
N11	N11.HOG0006888	1	2	1	1	1	1	1	1	1	1	1	1	1	1	1
N11	N11.HOG0006889	0	0	0	0	0	0	0	0	0	0	0	0	0	0	1
N11	N11.HOG0006890	1	1	1	1	1	1	1	1	1	1	1	1	1	1	1
N11	N11.HOG0006891	1	1	1	1	1	1	1	1	1	1	1	1	1	1	1
N11	N11.HOG0006892	1	1	1	1	1	1	1	1	1	1	1	1	1	1	1
N11	N11.HOG0006893	1	3	1	1	0	1	1	1	1	1	1	1	1	1	1
N11	N11.HOG0006894	1	1	1	1	1	1	1	1	1	1	1	1	1	1	1
N11	N11.HOG0006895	1	1	1	1	1	1	1	1	1	1	1	1	1	1	1
N11	N11.HOG0006896	1	1	1	1	1	1	1	1	1	1	1	1	1	1	1
N11	N11.HOG0006897	1	1	1	1	1	1	1	1	1	1	1	1	1	1	1
N11	N11.HOG0006898	1	1	1	1	1	1	1	1	1	1	1	1	1	1	1
N11	N11.HOG0006899	1	1	1	1	1	1	1	1	1	1	1	1	1	1	1
N11	N11.HOG0006900	1	1	1	1	1	1	1	1	1	1	1	1	1	1	1
N11	N11.HOG0006901	1	1	1	1	1	1	1	1	1	1	1	1	1	1	1
N11	N11.HOG0006902	1	1	1	1	1	1	1	1	1	1	1	1	1	1	1
N11	N11.HOG0006903	1	1	1	1	1	1	1	1	1	1	1	1	1	1	2
N11	N11.HOG0006904	1	2	1	1	1	1	1	1	1	1	1	1	1	1	1
N11	N11.HOG0006905	1	1	1	1	1	1	1	1	1	1	1	1	1	1	1
N11	N11.HOG0006906	1	1	1	1	1	1	1	1	1	1	1	1	1	1	1
N11	N11.HOG0006907	1	1	1	1	1	1	1	1	1	1	1	1	1	1	2
N11	N11.HOG0006908	1	1	1	1	1	1	1	1	1	1	1	1	1	1	1
N11	N11.HOG0006909	1	2	1	1	1	1	1	1	1	1	1	1	1	1	1
N11	N11.HOG0006910	1	2	1	1	1	1	1	1	1	1	1	1	1	1	1
N11	N11.HOG0006911	0	1	1	1	1	1	1	1	1	1	1	1	2	1	2
N11	N11.HOG0006912	0	0	0	1	1	0	0	0	0	1	0	1	1	1	1
N11	N11.HOG0006913	1	1	1	1	1	1	1	1	1	1	1	1	1	1	1
N11	N11.HOG0006914	1	1	1	1	1	1	1	1	1	1	1	1	1	1	1
N11	N11.HOG0006915	1	1	1	1	1	1	1	1	1	1	1	1	1	1	1
N11	N11.HOG0006916	1	1	1	1	1	1	1	1	1	1	1	1	1	1	1
N11	N11.HOG0006917	1	1	1	1	1	1	1	1	1	1	1	1	1	1	1
N11	N11.HOG0006918	1	1	1	1	1	1	1	1	1	1	1	1	1	1	1
N11	N11.HOG0006919	1	0	1	1	1	1	1	1	1	1	1	1	1	1	1
N11	N11.HOG0006920	1	1	1	1	1	1	1	1	1	1	1	1	1	1	1
N11	N11.HOG0006921	1	1	1	1	1	1	1	1	1	1	1	1	1	1	1
N11	N11.HOG0006922	1	1	1	1	1	1	1	1	1	1	1	1	1	1	1
N11	N11.HOG0006923	1	1	1	1	1	1	1	1	1	1	1	1	1	1	1
N11	N11.HOG0006924	1	1	1	1	1	1	1	1	1	1	1	1	1	1	1
N11	N11.HOG0006925	1	1	1	1	2	1	1	1	1	1	1	1	1	1	1
N11	N11.HOG0006926	1	0	1	1	1	1	1	1	1	1	1	1	1	1	1
N11	N11.HOG0006927	1	1	1	1	1	1	1	1	1	1	1	1	1	1	1
N11	N11.HOG0006928	1	1	1	1	1	1	1	1	1	1	1	1	2	1	1
N11	N11.HOG0006929	1	1	1	1	1	1	1	1	1	1	1	1	1	3	1
N11	N11.HOG0006930	1	1	1	1	1	1	1	1	1	1	1	1	1	1	1
N11	N11.HOG0006931	1	0	1	1	1	1	1	1	1	1	1	1	1	1	1
N11	N11.HOG0006932	1	1	1	1	1	1	1	1	1	1	1	1	1	1	1
N11	N11.HOG0006933	1	1	1	1	0	1	1	1	1	1	1	1	2	1	1
N11	N11.HOG0006934	1	1	1	1	2	1	1	1	1	1	1	1	1	1	1
N11	N11.HOG0006935	1	1	1	1	1	1	1	1	1	1	1	1	1	1	1
N11	N11.HOG0006936	0	1	0	0	0	0	0	0	0	0	0	0	0	0	0
N11	N11.HOG0006937	1	1	1	1	1	1	1	1	1	1	1	1	1	1	1
N11	N11.HOG0006938	1	1	1	1	1	1	1	1	1	1	1	1	1	1	1
N11	N11.HOG0006939	1	2	1	1	1	1	1	1	1	1	1	1	1	1	1
N11	N11.HOG0006940	1	1	1	1	1	1	1	1	1	1	1	1	1	1	1
N11	N11.HOG0006941	1	1	1	1	1	1	1	1	1	1	1	1	1	1	1
N11	N11.HOG0006942	1	2	1	1	1	1	1	1	1	1	1	1	1	1	1
N11	N11.HOG0006943	1	2	1	1	1	1	1	1	1	1	1	1	1	1	1
N11	N11.HOG0006944	1	1	1	1	1	1	1	1	1	1	1	1	1	1	1
N11	N11.HOG0006945	1	1	1	1	1	1	1	1	1	1	1	1	1	1	1
N11	N11.HOG0006946	1	2	1	1	1	1	1	1	1	1	1	1	1	1	1
N11	N11.HOG0006947	1	1	1	1	1	1	1	1	1	1	1	1	1	1	1
N11	N11.HOG0006948	1	1	1	1	1	1	1	1	1	1	1	1	1	1	1
N11	N11.HOG0006949	1	1	1	1	1	1	1	1	1	1	1	1	0	1	1
N11	N11.HOG0006950	1	1	1	1	1	1	1	1	1	1	1	1	1	1	1
N11	N11.HOG0006951	1	1	1	1	1	1	1	1	1	1	1	1	1	1	1
N11	N11.HOG0006952	1	1	1	1	1	1	1	1	1	1	1	1	1	1	1
N11	N11.HOG0006953	1	1	1	1	1	1	1	1	1	1	1	1	1	1	1
N11	N11.HOG0006954	1	1	1	1	1	1	1	1	1	1	1	1	1	2	1
N11	N11.HOG0006955	1	1	1	1	1	1	1	1	1	1	1	1	1	1	2
N11	N11.HOG0006956	1	1	1	1	1	1	1	1	1	1	1	1	1	1	1
N11	N11.HOG0006957	1	1	1	1	1	1	1	1	1	1	1	1	1	1	1
N11	N11.HOG0006958	0	2	1	2	1	0	1	1	1	1	1	1	1	1	0
N11	N11.HOG0006959	0	0	0	0	0	0	1	1	0	0	0	0	0	0	0
N11	N11.HOG0006960	1	1	1	1	1	1	1	1	1	1	1	1	1	1	1
N11	N11.HOG0006961	1	1	1	1	1	1	1	1	1	1	1	1	1	1	1
N11	N11.HOG0006962	1	1	1	1	1	1	1	1	1	1	1	1	1	1	1
N11	N11.HOG0006963	1	1	1	1	1	1	1	1	1	1	1	1	1	1	1
N11	N11.HOG0006964	1	1	1	1	1	1	1	1	1	1	1	1	1	1	1
N11	N11.HOG0006965	1	1	1	1	1	1	1	1	1	1	1	1	1	1	1
N11	N11.HOG0006966	1	2	1	2	2	1	1	1	1	1	1	1	1	1	1
N11	N11.HOG0006967	1	1	1	1	1	1	1	1	1	1	1	1	1	2	1
N11	N11.HOG0006968	1	1	1	1	1	1	1	1	1	1	1	1	1	1	1
N11	N11.HOG0006969	1	1	1	1	1	1	1	1	1	1	1	1	1	1	1
N11	N11.HOG0006970	1	1	1	1	0	1	1	1	1	1	1	1	1	1	1
N11	N11.HOG0006971	1	1	1	1	1	1	1	1	1	1	1	1	1	1	1
N11	N11.HOG0006972	1	1	1	1	2	1	1	1	1	1	1	1	1	1	1
N11	N11.HOG0006973	1	1	1	1	1	1	1	1	1	1	1	1	1	1	1
N11	N11.HOG0006974	1	1	1	1	1	1	1	1	1	1	1	1	1	1	1
N11	N11.HOG0006975	1	1	1	1	1	1	1	1	1	1	1	1	1	1	1
N11	N11.HOG0006976	1	1	1	1	1	1	2	1	1	1	1	1	0	1	1
N11	N11.HOG0006977	1	1	1	1	1	1	1	1	1	1	1	1	1	1	1
N11	N11.HOG0006978	1	1	1	1	1	1	1	1	1	1	1	1	1	1	1
N11	N11.HOG0006979	2	1	1	1	1	1	1	1	1	1	1	1	1	1	1
N11	N11.HOG0006980	1	0	1	1	1	1	1	1	1	1	1	1	1	1	1
N11	N11.HOG0006981	1	1	1	1	1	1	1	1	1	1	1	1	1	1	1
N11	N11.HOG0006982	1	1	1	1	1	1	1	1	1	1	1	1	1	1	1
N11	N11.HOG0006983	5	2	1	1	1	1	1	1	1	1	1	1	1	1	1
N11	N11.HOG0006984	1	1	1	1	1	1	1	1	1	1	1	1	1	1	1
N11	N11.HOG0006985	1	1	1	1	1	1	1	1	1	1	1	1	1	1	1
N11	N11.HOG0006986	1	1	1	1	1	1	1	1	1	1	1	1	1	1	1
N11	N11.HOG0006987	1	1	2	1	1	1	1	1	1	1	1	1	1	1	1
N11	N11.HOG0006988	1	1	1	1	1	1	1	1	1	1	1	1	1	1	1
N11	N11.HOG0006989	2	1	1	1	1	1	1	1	1	1	1	1	2	1	1
N11	N11.HOG0006990	1	2	1	1	1	1	1	1	1	1	1	1	1	1	1
N11	N11.HOG0006991	1	1	1	1	1	1	1	1	1	1	1	1	1	2	1
N11	N11.HOG0006992	1	1	1	1	1	1	1	1	1	1	1	1	1	1	1
N11	N11.HOG0006993	1	1	1	1	1	1	1	1	1	1	1	1	1	1	1
N11	N11.HOG0006994	1	1	1	1	1	2	1	1	1	1	1	1	1	1	1
N11	N11.HOG0006995	1	2	1	1	1	1	1	1	1	1	1	1	1	1	1
N11	N11.HOG0006996	1	0	1	1	1	1	1	1	1	1	1	1	1	1	1
N11	N11.HOG0006997	0	1	1	1	1	1	1	1	1	1	1	1	1	1	1
N11	N11.HOG0006998	0	1	0	0	1	0	0	0	0	0	0	0	0	0	0
N11	N11.HOG0006999	0	1	0	0	1	1	0	0	0	0	0	0	0	0	0
N11	N11.HOG0007000	1	0	1	1	0	0	1	1	1	1	1	1	1	1	1
N11	N11.HOG0007001	1	2	1	1	1	1	1	1	1	1	1	1	1	1	1
N11	N11.HOG0007002	1	1	1	1	0	1	1	1	1	1	1	1	1	1	1
N11	N11.HOG0007003	0	0	0	0	1	0	0	0	0	0	0	0	0	0	0
N11	N11.HOG0007004	1	1	1	1	2	1	1	1	1	1	1	1	1	1	1
N11	N11.HOG0007005	1	1	0	1	1	1	1	1	1	1	1	1	1	1	1
N11	N11.HOG0007006	1	1	1	1	0	1	1	1	1	1	0	0	1	0	0
N11	N11.HOG0007007	1	1	1	1	1	1	2	1	1	1	1	1	1	1	1
N11	N11.HOG0007008	1	3	1	1	1	1	1	1	1	1	1	1	1	1	1
N11	N11.HOG0007009	1	1	1	1	1	1	1	1	1	1	1	1	1	2	1
N11	N11.HOG0007010	1	1	1	1	1	1	1	1	1	1	1	1	1	1	1
N11	N11.HOG0007011	1	1	1	1	1	1	1	1	1	1	1	1	1	1	1
N11	N11.HOG0007012	1	2	1	1	1	1	1	1	1	1	1	1	1	1	1
N11	N11.HOG0007013	1	1	1	1	1	1	1	1	1	1	1	1	1	1	1
N11	N11.HOG0007014	1	1	1	1	0	1	1	1	1	1	1	1	1	1	1
N11	N11.HOG0007015	1	1	1	1	1	1	1	1	1	1	1	1	1	1	1
N11	N11.HOG0007016	1	1	1	1	1	1	1	1	1	1	1	1	1	1	1
N11	N11.HOG0007017	1	1	1	1	1	1	1	1	1	1	1	1	1	1	0
N11	N11.HOG0007018	1	1	1	1	1	1	1	1	1	1	1	1	1	1	1
N11	N11.HOG0007019	0	0	0	0	0	0	0	0	0	0	0	0	0	0	1
N11	N11.HOG0007020	1	2	1	1	1	1	1	1	1	1	1	1	1	1	1
N11	N11.HOG0007021	1	1	1	1	1	1	1	1	1	1	1	1	1	1	1
N11	N11.HOG0007022	1	1	1	1	1	1	1	1	1	1	1	1	1	1	1
N11	N11.HOG0007023	1	1	1	1	1	1	1	1	1	1	1	1	1	1	1
N11	N11.HOG0007024	1	2	1	1	1	1	1	1	1	1	1	1	1	1	1
N11	N11.HOG0007025	1	2	1	1	1	1	1	1	1	1	1	1	1	1	1
N11	N11.HOG0007026	1	2	1	1	1	1	1	1	1	1	1	1	1	1	1
N11	N11.HOG0007027	1	1	1	1	1	1	1	1	1	1	1	1	1	1	1
N11	N11.HOG0007028	1	1	1	1	1	1	1	1	1	1	1	1	1	2	2
N11	N11.HOG0007029	1	1	1	1	1	1	1	1	1	1	1	1	1	1	1
N11	N11.HOG0007030	1	2	1	1	2	1	1	1	1	1	1	1	1	1	1
N11	N11.HOG0007031	0	0	0	0	1	0	1	0	0	0	0	0	0	0	0
N11	N11.HOG0007032	1	2	1	1	1	1	1	1	1	1	2	1	1	1	1
N11	N11.HOG0007033	1	1	1	1	1	1	1	1	1	1	1	1	1	1	1
N11	N11.HOG0007034	1	2	1	1	1	1	1	1	1	1	1	1	1	1	1
N11	N11.HOG0007035	1	1	1	1	1	1	1	1	1	1	1	1	1	1	1
N11	N11.HOG0007036	1	1	1	1	1	1	1	1	1	1	1	1	2	1	1
N11	N11.HOG0007037	1	1	1	1	1	1	1	1	1	1	1	1	1	1	1
N11	N11.HOG0007038	1	1	1	1	1	1	1	1	1	1	1	1	1	1	1
N11	N11.HOG0007039	1	1	1	1	1	1	1	1	1	1	1	1	1	1	1
N11	N11.HOG0007040	1	1	1	1	1	1	1	1	1	1	1	1	1	1	1
N11	N11.HOG0007041	1	2	1	1	1	1	1	1	1	1	1	1	1	1	1
N11	N11.HOG0007042	1	1	1	1	1	1	1	1	1	1	1	1	1	1	1
N11	N11.HOG0007043	0	1	1	1	0	1	1	1	1	1	1	1	1	1	1
N11	N11.HOG0007044	1	1	1	1	1	1	1	1	1	1	1	1	1	1	1
N11	N11.HOG0007045	1	2	1	1	1	1	1	1	1	1	1	1	1	1	1
N11	N11.HOG0007046	1	1	1	1	1	1	1	1	1	1	1	1	1	1	1
N11	N11.HOG0007047	1	1	1	1	1	1	1	1	1	1	1	1	1	1	1
N11	N11.HOG0007048	1	1	1	1	0	1	1	1	1	1	1	1	1	1	1
N11	N11.HOG0007049	1	1	1	1	1	1	1	1	1	1	1	1	1	1	1
N11	N11.HOG0007050	1	1	1	1	1	1	1	1	1	1	1	1	1	1	1
N11	N11.HOG0007051	1	1	1	1	1	1	1	1	1	1	1	1	1	1	1
N11	N11.HOG0007052	1	1	1	1	1	1	2	1	1	1	1	1	1	1	1
N11	N11.HOG0007053	1	1	0	1	1	1	1	1	1	1	1	1	1	1	1
N11	N11.HOG0007054	1	1	1	1	1	1	1	1	1	1	1	1	1	1	1
N11	N11.HOG0007055	1	1	1	1	1	1	1	1	1	1	1	1	1	1	1
N11	N11.HOG0007056	1	1	1	1	1	1	1	1	1	1	1	1	1	1	1
N11	N11.HOG0007057	1	1	1	1	1	1	1	1	1	1	1	1	1	1	2
N11	N11.HOG0007058	1	1	1	1	0	1	1	1	1	1	1	1	1	1	1
N11	N11.HOG0007059	1	2	1	1	1	1	1	1	1	1	1	1	1	1	1
N11	N11.HOG0007060	1	1	1	1	1	1	1	1	1	1	1	1	1	1	1
N11	N11.HOG0007061	1	1	2	1	1	1	1	1	1	1	1	1	1	1	1
N11	N11.HOG0007062	1	1	1	1	1	1	1	1	1	1	1	1	1	1	1
N11	N11.HOG0007063	1	1	1	1	1	1	1	1	1	1	1	1	1	1	1
N11	N11.HOG0007064	1	1	1	1	1	1	1	1	1	1	1	1	1	1	1
N11	N11.HOG0007065	1	1	1	1	1	1	1	1	1	1	1	1	1	1	1
N11	N11.HOG0007066	1	1	1	1	1	1	2	1	1	1	1	1	1	1	1
N11	N11.HOG0007067	1	2	1	1	1	1	1	1	1	1	1	1	1	1	1
N11	N11.HOG0007068	1	1	1	1	1	1	1	1	1	1	1	1	1	1	1
N11	N11.HOG0007069	1	1	1	1	1	1	1	1	1	1	1	1	1	1	1
N11	N11.HOG0007070	1	1	1	1	1	1	1	1	1	1	1	1	1	1	1
N11	N11.HOG0007071	1	1	1	1	1	1	0	1	1	1	1	0	1	1	1
N11	N11.HOG0007072	1	2	1	1	1	1	1	1	1	1	1	1	1	1	1
N11	N11.HOG0007073	1	1	1	1	0	1	1	1	1	1	1	1	1	1	1
N11	N11.HOG0007074	1	1	1	1	1	1	1	1	1	1	1	1	1	1	1
N11	N11.HOG0007075	1	1	1	1	1	1	1	1	1	1	1	1	1	1	1
N11	N11.HOG0007076	0	2	1	1	1	1	1	1	1	1	1	1	1	1	1
N11	N11.HOG0007077	1	1	1	0	1	1	1	1	1	1	1	1	1	1	1
N11	N11.HOG0007078	0	2	1	1	1	1	1	1	1	1	1	1	1	1	1
N11	N11.HOG0007079	1	1	1	1	1	1	1	1	1	1	1	1	1	1	1
N11	N11.HOG0007080	1	1	1	1	1	1	1	1	1	1	1	1	1	1	1
N11	N11.HOG0007081	1	1	1	1	1	1	1	1	1	1	1	1	1	1	1
N11	N11.HOG0007082	1	1	1	1	1	1	1	1	1	1	1	1	1	2	0
N11	N11.HOG0007083	1	1	1	1	1	1	2	1	1	1	1	1	1	1	1
N11	N11.HOG0007084	2	1	1	1	1	1	1	1	1	1	1	1	1	1	1
N11	N11.HOG0007085	1	1	1	1	1	1	1	1	1	1	1	1	1	1	1
N11	N11.HOG0007086	1	0	2	1	1	1	1	1	1	1	1	1	1	2	1
N11	N11.HOG0007087	1	1	1	1	1	1	1	1	1	1	1	1	1	1	1
N11	N11.HOG0007088	1	1	2	1	1	1	1	1	1	1	1	1	0	1	1
N11	N11.HOG0007089	1	2	1	1	1	1	1	1	1	1	1	1	1	1	1
N11	N11.HOG0007090	1	1	1	1	0	1	1	1	1	1	1	1	1	1	1
N11	N11.HOG0007091	1	1	1	1	1	1	1	1	1	1	1	1	1	1	1
N11	N11.HOG0007092	1	1	1	1	1	1	1	1	1	1	1	1	1	1	1
N11	N11.HOG0007093	1	1	1	1	1	1	1	1	1	1	1	1	1	1	1
N11	N11.HOG0007094	1	0	0	0	0	0	0	0	0	0	0	0	0	0	0
N11	N11.HOG0007095	0	0	1	1	0	1	0	0	0	0	0	0	0	0	0
N11	N11.HOG0007096	0	0	0	0	0	0	0	1	1	1	1	1	0	0	0
N11	N11.HOG0007097	0	0	0	0	0	0	0	0	0	0	0	0	1	1	1
N11	N11.HOG0007098	0	1	0	0	1	0	0	0	0	0	0	0	0	0	0
N11	N11.HOG0007099	1	1	1	1	1	1	1	1	1	1	1	1	1	1	1
N11	N11.HOG0007100	1	1	1	2	0	1	1	1	1	1	0	1	2	1	1
N11	N11.HOG0007101	1	1	1	1	1	1	1	1	1	1	1	1	1	1	1
N11	N11.HOG0007102	2	1	1	1	1	1	1	1	1	1	1	1	1	1	1
N11	N11.HOG0007103	1	1	1	1	1	1	1	1	1	1	1	1	1	1	1
N11	N11.HOG0007104	1	1	1	1	1	1	1	1	1	1	1	1	1	1	1
N11	N11.HOG0007105	0	1	1	1	1	1	1	1	1	1	1	1	1	1	1
N11	N11.HOG0007106	1	2	1	1	1	1	1	1	1	1	1	1	1	1	1
N11	N11.HOG0007107	1	0	1	1	1	1	1	1	1	1	1	1	0	3	1
N11	N11.HOG0007108	1	1	1	1	1	1	1	1	1	1	1	1	1	1	1
N11	N11.HOG0007109	1	1	1	1	1	1	1	1	1	1	1	1	1	1	1
N11	N11.HOG0007110	1	1	1	1	1	1	1	1	1	1	1	1	1	1	1
N11	N11.HOG0007111	1	1	1	1	1	1	1	1	1	1	1	1	1	1	1
N11	N11.HOG0007112	1	1	1	1	1	1	1	1	1	1	1	1	1	1	1
N11	N11.HOG0007113	1	1	1	1	1	1	1	1	1	1	1	1	1	1	1
N11	N11.HOG0007114	1	1	1	1	1	1	1	1	1	1	1	1	1	1	2
N11	N11.HOG0007115	1	1	1	1	1	1	1	1	1	1	1	1	1	1	1
N11	N11.HOG0007116	0	1	0	0	0	0	0	0	0	0	0	0	0	0	0
N11	N11.HOG0007117	1	2	1	1	3	1	1	1	1	1	1	1	1	1	1
N11	N11.HOG0007118	1	1	1	1	1	1	1	1	1	1	1	1	1	1	1
N11	N11.HOG0007119	1	1	1	1	1	1	1	1	0	1	1	1	1	1	1
N11	N11.HOG0007120	1	1	1	1	1	1	1	1	1	1	1	1	1	1	1
N11	N11.HOG0007121	0	1	1	1	1	1	1	1	1	1	1	1	1	1	1
N11	N11.HOG0007122	1	0	0	0	0	0	0	0	0	0	0	0	0	0	0
N11	N11.HOG0007123	1	1	1	1	1	1	1	1	1	1	1	1	1	1	1
N11	N11.HOG0007124	1	1	1	1	1	1	1	1	1	1	1	1	1	1	1
N11	N11.HOG0007125	1	1	1	1	1	1	1	1	1	1	1	1	1	1	1
N11	N11.HOG0007126	1	1	1	1	1	1	1	1	1	1	1	1	1	1	1
N11	N11.HOG0007127	1	1	1	1	1	1	1	1	1	1	1	1	1	1	1
N11	N11.HOG0007128	1	2	1	0	1	0	1	2	1	1	1	1	1	1	1
N11	N11.HOG0007129	1	1	1	1	1	1	1	1	1	1	1	1	1	1	1
N11	N11.HOG0007130	2	1	1	1	1	1	1	1	1	1	1	1	1	1	1
N11	N11.HOG0007131	1	1	1	1	1	1	1	1	1	1	1	1	1	1	1
N11	N11.HOG0007132	1	2	1	1	4	1	1	1	1	1	1	1	1	1	1
N11	N11.HOG0007133	1	1	1	1	1	1	1	1	1	1	1	1	1	1	1
N11	N11.HOG0007134	1	1	1	1	1	1	1	1	1	1	1	1	1	1	1
N11	N11.HOG0007135	1	2	1	1	1	1	1	1	1	1	1	1	1	1	1
N11	N11.HOG0007136	1	1	1	1	1	1	1	1	1	1	1	1	1	1	1
N11	N11.HOG0007137	1	1	1	1	1	1	1	1	1	1	1	1	1	1	1
N11	N11.HOG0007138	1	1	1	1	1	1	1	1	1	1	1	1	1	1	1
N11	N11.HOG0007139	1	1	1	1	1	1	1	1	1	1	1	1	1	1	1
N11	N11.HOG0007140	1	1	1	1	1	1	1	1	1	1	1	1	1	1	1
N11	N11.HOG0007141	1	1	1	1	1	1	1	1	1	1	1	1	1	1	1
N11	N11.HOG0007142	1	1	1	1	1	1	1	1	1	1	1	1	1	1	1
N11	N11.HOG0007143	1	1	1	1	1	1	1	1	1	1	1	1	1	1	1
N11	N11.HOG0007144	1	1	1	1	1	1	1	1	1	1	1	1	1	1	1
N11	N11.HOG0007145	1	1	1	1	1	1	1	1	1	1	1	1	1	1	1
N11	N11.HOG0007146	1	1	1	1	1	1	1	1	1	1	1	1	2	1	1
N11	N11.HOG0007147	1	1	1	1	1	1	1	1	1	1	1	1	1	1	1
N11	N11.HOG0007148	1	1	1	1	1	1	1	1	1	1	1	1	1	1	1
N11	N11.HOG0007149	1	1	1	1	1	1	1	1	1	1	1	1	1	1	1
N11	N11.HOG0007150	1	1	1	1	1	1	1	1	1	1	1	1	1	1	1
N11	N11.HOG0007151	1	1	1	1	1	1	1	1	1	1	1	1	1	1	1
N11	N11.HOG0007152	1	1	1	1	2	1	1	1	1	1	1	1	1	1	1
N11	N11.HOG0007153	1	1	1	1	1	1	1	1	1	1	1	1	1	1	1
N11	N11.HOG0007154	1	1	1	1	1	1	1	1	1	1	1	1	1	1	1
N11	N11.HOG0007155	1	1	1	1	1	1	1	1	1	1	1	1	1	1	1
N11	N11.HOG0007156	1	1	1	1	1	1	1	1	1	1	1	1	2	1	1
N11	N11.HOG0007157	1	1	1	1	1	1	1	1	1	1	1	1	1	1	1
N11	N11.HOG0007158	1	1	1	1	1	1	1	1	1	1	1	1	1	1	1
N11	N11.HOG0007159	2	0	1	1	1	1	1	1	1	1	1	1	1	1	1
N11	N11.HOG0007160	1	1	1	1	1	1	1	1	1	1	1	1	1	1	1
N11	N11.HOG0007161	0	0	0	0	0	1	0	0	0	0	0	0	0	0	0
N11	N11.HOG0007162	1	0	1	1	0	1	1	1	1	1	1	1	1	1	1
N11	N11.HOG0007163	1	1	1	1	1	1	1	1	1	1	1	1	1	1	1
N11	N11.HOG0007164	1	1	1	1	1	1	1	1	1	1	1	1	1	1	1
N11	N11.HOG0007165	1	1	1	1	1	1	1	1	1	1	1	1	1	1	1
N11	N11.HOG0007166	1	1	1	1	1	1	1	1	1	1	1	1	1	1	1
N11	N11.HOG0007167	1	1	1	1	1	1	1	1	1	1	1	1	1	1	1
N11	N11.HOG0007168	1	1	1	1	1	1	2	1	1	1	1	1	1	1	1
N11	N11.HOG0007169	0	1	1	1	1	1	1	1	1	0	1	1	1	1	1
N11	N11.HOG0007170	1	1	1	1	1	1	1	1	1	1	1	1	1	1	1
N11	N11.HOG0007171	1	1	1	1	1	1	1	1	1	1	1	1	1	1	1
N11	N11.HOG0007172	1	1	1	1	2	1	1	1	1	1	1	1	1	1	1
N11	N11.HOG0007173	1	1	1	1	1	1	1	1	1	1	1	1	1	1	1
N11	N11.HOG0007174	1	1	1	1	1	1	1	1	1	1	1	1	1	1	1
N11	N11.HOG0007175	1	1	1	1	1	1	1	1	1	1	1	1	1	1	1
N11	N11.HOG0007176	1	2	1	1	1	1	1	1	1	1	1	1	1	1	1
N11	N11.HOG0007177	1	1	1	1	1	1	1	1	1	1	1	1	1	1	1
N11	N11.HOG0007178	1	1	1	1	1	1	2	1	1	1	1	1	1	2	1
N11	N11.HOG0007179	1	1	1	1	1	1	1	1	1	1	1	1	1	1	1
N11	N11.HOG0007180	0	1	1	1	1	1	1	2	2	1	1	1	1	1	1
N11	N11.HOG0007181	1	1	1	1	1	1	1	1	1	1	1	1	1	1	1
N11	N11.HOG0007182	1	1	1	1	1	1	1	1	1	1	1	1	1	1	1
N11	N11.HOG0007183	1	1	1	1	1	1	1	1	1	1	1	1	1	1	1
N11	N11.HOG0007184	1	1	1	1	2	1	1	1	1	1	1	1	1	1	1
N11	N11.HOG0007185	1	1	1	1	2	1	1	1	1	1	1	1	1	1	1
N11	N11.HOG0007186	1	1	1	1	2	1	1	1	1	1	1	1	1	1	1
N11	N11.HOG0007187	1	1	1	1	1	1	1	1	1	1	1	1	1	1	1
N11	N11.HOG0007188	1	0	1	1	1	1	1	1	1	1	1	1	1	1	1
N11	N11.HOG0007189	1	1	1	1	1	1	1	1	1	1	1	1	1	1	1
N11	N11.HOG0007190	1	1	1	1	1	1	1	1	1	1	1	1	1	1	1
N11	N11.HOG0007191	1	1	1	1	1	1	1	1	1	1	1	1	1	1	1
N11	N11.HOG0007192	1	1	1	1	1	1	1	1	1	1	1	1	1	1	1
N11	N11.HOG0007193	1	1	1	1	1	1	1	1	1	1	1	1	1	1	1
N11	N11.HOG0007194	1	1	1	2	1	1	1	1	1	1	1	1	1	1	1
N11	N11.HOG0007195	1	1	1	1	2	1	1	1	1	1	1	1	1	1	1
N11	N11.HOG0007196	1	1	1	1	1	1	1	1	1	1	1	1	1	1	1
N11	N11.HOG0007197	1	0	1	1	0	1	1	1	1	1	1	1	1	1	1
N11	N11.HOG0007198	1	1	1	1	1	1	1	1	1	1	1	1	1	1	1
N11	N11.HOG0007199	1	1	1	1	0	1	1	1	1	1	1	1	1	1	1
N11	N11.HOG0007200	1	1	1	1	1	1	1	1	1	1	1	1	1	1	1
N11	N11.HOG0007201	0	1	1	1	1	1	1	1	1	1	1	1	1	1	2
N11	N11.HOG0007202	1	0	1	1	1	1	1	1	1	1	1	1	1	1	1
N11	N11.HOG0007203	1	1	1	1	1	1	1	1	1	1	1	1	1	1	1
N11	N11.HOG0007204	1	1	1	1	1	1	1	1	1	1	1	1	1	1	1
N11	N11.HOG0007205	0	1	1	1	1	1	1	1	1	1	1	1	1	1	1
N11	N11.HOG0007206	0	1	1	1	1	1	1	1	1	1	1	1	1	1	1
N11	N11.HOG0007207	1	1	1	1	1	1	1	1	1	1	1	1	1	1	1
N11	N11.HOG0007208	1	1	1	1	1	1	1	1	1	1	1	1	1	1	1
N11	N11.HOG0007209	1	1	1	1	1	1	1	1	1	1	1	1	1	1	1
N11	N11.HOG0007210	1	1	1	1	1	1	1	1	1	1	1	1	1	1	1
N11	N11.HOG0007211	1	2	1	1	1	1	1	1	1	1	1	1	1	1	1
N11	N11.HOG0007212	1	2	1	1	1	1	1	1	1	1	1	1	1	1	1
N11	N11.HOG0007213	1	1	1	1	1	1	1	1	1	1	1	1	1	1	1
N11	N11.HOG0007214	1	1	1	1	1	1	1	1	1	1	1	1	1	1	1
N11	N11.HOG0007215	1	1	1	1	1	1	1	1	1	1	1	1	1	1	1
N11	N11.HOG0007216	1	1	1	1	1	1	1	1	1	1	1	1	1	1	1
N11	N11.HOG0007217	1	1	1	1	1	1	1	1	1	1	1	1	1	1	1
N11	N11.HOG0007218	1	1	1	1	1	1	1	1	1	1	1	1	1	1	1
N11	N11.HOG0007219	1	1	1	1	1	1	1	1	1	1	1	1	1	1	1
N11	N11.HOG0007220	1	2	1	1	1	1	1	1	1	1	1	1	1	1	1
N11	N11.HOG0007221	1	1	1	1	1	1	1	1	1	1	1	1	1	1	1
N11	N11.HOG0007222	1	1	1	1	1	1	1	1	1	1	1	1	1	1	1
N11	N11.HOG0007223	1	1	1	1	1	1	2	1	1	1	1	1	1	1	1
N11	N11.HOG0007224	1	1	1	1	1	1	1	1	1	1	1	1	1	1	1
N11	N11.HOG0007225	1	1	1	1	1	1	1	1	1	1	1	1	1	1	1
N11	N11.HOG0007226	1	1	1	1	1	1	1	1	1	1	1	1	1	1	1
N11	N11.HOG0007227	1	0	1	1	1	1	1	1	1	1	1	1	1	1	1
N11	N11.HOG0007228	1	1	1	1	0	1	1	1	1	1	1	1	1	1	1
N11	N11.HOG0007229	1	1	1	1	1	1	1	1	1	1	1	1	1	1	1
N11	N11.HOG0007230	0	1	1	0	0	1	1	1	1	0	1	1	1	1	1
N11	N11.HOG0007231	1	1	1	1	1	1	1	1	1	1	1	1	1	1	1
N11	N11.HOG0007232	1	1	1	1	1	1	1	1	1	1	1	1	1	1	1
N11	N11.HOG0007233	1	1	1	1	1	1	1	1	1	1	1	1	1	1	1
N11	N11.HOG0007234	1	1	1	1	1	1	1	1	1	1	1	1	1	1	1
N11	N11.HOG0007235	1	1	1	1	1	1	1	1	1	1	1	1	1	1	1
N11	N11.HOG0007236	1	1	1	1	1	1	1	1	1	1	1	1	1	1	1
N11	N11.HOG0007237	0	1	0	0	1	0	0	0	0	0	0	0	0	0	0
N11	N11.HOG0007238	1	0	1	1	1	2	1	1	1	1	1	1	1	1	1
N11	N11.HOG0007239	1	2	1	1	1	1	1	1	1	1	1	1	1	1	1
N11	N11.HOG0007240	1	1	1	1	0	1	1	1	1	1	1	1	1	1	1
N11	N11.HOG0007241	1	1	1	1	1	1	1	1	1	1	1	1	1	1	1
N11	N11.HOG0007242	1	1	1	1	1	1	1	1	1	1	1	1	1	1	1
N11	N11.HOG0007243	1	1	1	1	1	1	1	1	1	1	1	1	1	1	1
N11	N11.HOG0007244	1	2	1	1	1	1	1	1	1	1	1	1	1	1	1
N11	N11.HOG0007245	1	1	1	1	1	1	1	1	1	1	1	1	1	1	1
N11	N11.HOG0007246	1	1	1	1	1	1	1	1	1	1	1	1	1	1	1
N11	N11.HOG0007247	1	0	1	1	0	1	1	1	1	1	1	1	1	1	1
N11	N11.HOG0007248	1	1	1	1	1	1	1	1	1	1	1	1	1	1	1
N11	N11.HOG0007249	1	1	1	1	1	1	1	1	1	1	1	1	1	1	1
N11	N11.HOG0007250	1	1	1	1	0	1	1	1	1	1	1	1	1	1	1
N11	N11.HOG0007251	1	2	1	1	1	1	1	1	1	1	1	1	1	1	1
N11	N11.HOG0007252	1	2	1	1	1	1	2	1	1	1	1	1	2	2	1
N11	N11.HOG0007253	1	1	1	1	1	1	1	1	1	1	1	1	1	1	1
N11	N11.HOG0007254	1	1	1	1	1	1	1	1	1	1	1	1	1	1	1
N11	N11.HOG0007255	1	1	1	1	1	1	1	1	1	1	1	1	1	1	1
N11	N11.HOG0007256	0	2	1	1	1	1	1	1	1	1	1	1	1	1	1
N11	N11.HOG0007257	1	1	1	1	1	1	1	1	1	1	1	1	1	1	1
N11	N11.HOG0007258	1	0	1	1	1	1	1	1	1	1	1	1	1	1	1
N11	N11.HOG0007259	1	2	1	1	1	1	1	1	1	1	1	1	1	1	1
N11	N11.HOG0007260	1	1	1	1	1	1	1	1	1	1	1	1	1	1	1
N11	N11.HOG0007261	1	2	1	1	1	1	1	1	1	1	1	1	1	1	1
N11	N11.HOG0007262	1	1	1	1	1	1	1	1	1	1	1	1	1	1	1
N11	N11.HOG0007263	1	1	1	1	1	1	1	1	1	1	1	1	1	1	1
N11	N11.HOG0007264	1	0	2	1	1	1	1	1	1	1	1	1	1	1	1
N11	N11.HOG0007265	1	2	1	1	1	1	1	1	1	1	1	1	1	1	1
N11	N11.HOG0007266	1	1	1	1	1	1	1	1	1	1	1	1	1	1	1
N11	N11.HOG0007267	1	1	1	1	1	1	1	1	1	1	1	1	1	1	1
N11	N11.HOG0007268	1	1	1	1	1	1	1	1	1	1	1	1	1	1	1
N11	N11.HOG0007269	1	1	1	1	1	1	1	1	1	1	1	1	1	1	2
N11	N11.HOG0007270	1	1	1	1	1	1	1	1	1	1	1	1	1	1	1
N11	N11.HOG0007271	1	1	1	1	1	1	1	1	1	1	1	1	1	1	1
N11	N11.HOG0007272	1	2	1	1	1	1	1	1	1	1	1	1	1	1	1
N11	N11.HOG0007273	1	1	1	1	1	1	1	1	1	1	1	1	1	1	1
N11	N11.HOG0007274	1	1	1	1	1	1	1	1	1	1	1	1	1	1	1
N11	N11.HOG0007275	1	1	1	1	1	1	1	1	1	1	1	1	1	1	1
N11	N11.HOG0007276	1	1	1	1	1	1	1	1	1	1	1	1	1	1	1
N11	N11.HOG0007277	0	1	1	1	1	1	1	1	1	1	1	1	1	1	1
N11	N11.HOG0007278	1	1	1	1	1	1	1	1	1	1	1	1	1	1	1
N11	N11.HOG0007279	1	1	1	1	1	1	1	1	1	1	1	1	1	1	1
N11	N11.HOG0007280	1	1	1	1	1	1	1	1	1	1	1	1	1	1	1
N11	N11.HOG0007281	1	1	1	1	1	1	1	1	1	1	1	1	1	1	1
N11	N11.HOG0007282	1	1	1	1	1	1	1	1	1	1	1	1	1	1	1
N11	N11.HOG0007283	1	1	1	1	1	1	1	1	1	1	1	1	1	1	1
N11	N11.HOG0007284	1	1	1	1	1	1	1	1	1	1	1	1	1	1	1
N11	N11.HOG0007285	1	0	0	0	0	0	1	1	1	1	1	1	1	1	1
N11	N11.HOG0007286	1	1	1	1	1	1	1	1	1	1	1	1	0	1	1
N11	N11.HOG0007287	1	1	1	1	1	1	1	1	1	1	1	1	1	1	1
N11	N11.HOG0007288	1	2	1	1	1	1	1	1	1	1	1	1	1	1	1
N11	N11.HOG0007289	1	1	1	1	1	1	1	1	1	1	1	1	1	1	1
N11	N11.HOG0007290	1	1	1	1	1	1	1	1	1	1	1	1	1	1	1
N11	N11.HOG0007291	1	1	1	1	1	1	1	1	1	1	1	1	1	1	1
N11	N11.HOG0007292	1	1	1	1	2	1	1	1	1	1	1	1	1	1	1
N11	N11.HOG0007293	1	1	1	1	1	1	1	1	1	1	1	1	1	1	1
N11	N11.HOG0007294	1	3	1	1	1	1	1	1	1	1	1	1	1	1	1
N11	N11.HOG0007295	1	1	1	1	1	1	1	1	1	1	1	1	1	1	1
N11	N11.HOG0007296	1	1	1	1	1	1	1	1	1	1	1	1	1	1	1
N11	N11.HOG0007297	1	1	1	1	1	1	1	1	1	1	1	1	1	1	1
N11	N11.HOG0007298	2	1	1	1	1	1	1	1	1	1	1	1	1	1	1
N11	N11.HOG0007299	1	1	1	1	2	1	1	1	1	1	1	1	1	1	1
N11	N11.HOG0007300	1	1	1	1	1	1	1	1	1	1	1	1	1	1	1
N11	N11.HOG0007301	1	0	1	1	1	1	1	1	1	1	1	1	3	1	2
N11	N11.HOG0007302	1	1	1	1	1	1	1	1	1	1	1	1	1	1	1
N11	N11.HOG0007303	1	1	1	1	1	1	1	1	1	1	1	1	1	1	1
N11	N11.HOG0007304	1	1	1	1	1	1	2	1	1	1	1	1	1	1	1
N11	N11.HOG0007305	1	1	1	1	1	1	1	1	1	1	1	1	1	1	1
N11	N11.HOG0007306	1	1	1	1	1	1	1	1	1	1	1	1	1	1	1
N11	N11.HOG0007307	1	1	1	1	1	1	1	1	1	1	1	1	1	1	1
N11	N11.HOG0007308	1	1	1	1	1	1	1	1	1	1	1	1	1	1	1
N11	N11.HOG0007309	1	1	1	1	1	1	1	1	1	1	1	1	1	1	1
N11	N11.HOG0007310	1	1	1	1	1	1	1	1	1	1	1	1	1	1	1
N11	N11.HOG0007311	1	1	1	1	2	1	1	1	1	1	1	1	1	1	1
N11	N11.HOG0007312	1	1	1	1	1	1	1	1	1	1	1	1	1	4	1
N11	N11.HOG0007313	1	1	1	1	0	1	1	1	1	1	1	1	1	1	1
N11	N11.HOG0007314	1	1	1	1	1	1	1	1	1	1	1	1	1	1	2
N11	N11.HOG0007315	1	1	1	1	1	2	1	1	1	1	1	1	1	1	1
N11	N11.HOG0007316	1	1	1	1	1	1	1	1	1	1	1	1	1	1	1
N11	N11.HOG0007317	1	1	1	1	1	1	1	1	1	1	1	1	1	1	1
N11	N11.HOG0007318	1	1	1	1	1	1	1	1	1	1	1	1	1	1	1
N11	N11.HOG0007319	1	1	1	1	1	1	1	1	1	1	1	1	1	1	1
N11	N11.HOG0007320	1	1	1	1	1	1	1	1	1	1	1	1	1	1	1
N11	N11.HOG0007321	1	1	1	1	1	1	1	1	1	1	1	1	1	1	1
N11	N11.HOG0007322	1	1	1	1	1	1	1	1	1	1	1	1	1	1	1
N11	N11.HOG0007323	1	2	1	1	1	1	1	1	1	1	1	1	1	1	1
N11	N11.HOG0007324	1	1	1	1	1	1	1	1	1	1	1	1	1	1	1
N11	N11.HOG0007325	1	1	1	1	1	1	1	1	1	1	1	1	1	1	1
N11	N11.HOG0007326	1	1	1	1	1	1	1	1	1	1	1	1	1	1	1
N11	N11.HOG0007327	1	1	1	1	1	1	1	1	1	1	1	1	1	1	1
N11	N11.HOG0007328	1	1	1	1	1	1	1	1	1	1	1	1	1	1	1
N11	N11.HOG0007329	1	1	1	1	1	1	1	1	1	1	1	1	1	1	1
N11	N11.HOG0007330	1	2	1	1	1	1	1	1	1	1	1	1	2	1	1
N11	N11.HOG0007331	1	1	1	1	1	1	1	1	1	1	1	1	1	1	1
N11	N11.HOG0007332	1	1	1	1	1	1	1	1	1	1	1	1	2	1	1
N11	N11.HOG0007333	1	1	1	1	1	1	1	1	1	1	1	1	1	1	1
N11	N11.HOG0007334	1	1	1	1	1	1	1	1	1	1	1	1	1	1	1
N11	N11.HOG0007335	1	1	1	1	1	1	1	1	1	1	1	1	1	1	2
N11	N11.HOG0007336	1	2	1	1	1	1	1	0	1	1	1	1	1	1	1
N11	N11.HOG0007337	1	1	1	1	1	1	1	1	1	1	1	1	1	1	1
N11	N11.HOG0007338	1	1	1	1	1	1	1	1	1	1	1	1	1	1	1
N11	N11.HOG0007339	1	2	1	1	1	1	1	1	1	1	1	1	1	1	1
N11	N11.HOG0007340	1	1	1	1	1	1	1	1	1	1	1	1	1	1	1
N11	N11.HOG0007341	1	2	1	1	1	1	1	1	1	1	1	1	1	1	1
N11	N11.HOG0007342	1	1	1	1	1	1	1	1	1	1	1	1	1	1	1
N11	N11.HOG0007343	1	1	1	1	1	1	1	1	1	1	1	1	0	1	1
N11	N11.HOG0007344	0	1	1	1	1	1	1	1	1	1	1	1	1	1	1
N11	N11.HOG0007345	1	1	1	1	1	1	1	1	1	1	1	1	1	2	1
N11	N11.HOG0007346	1	2	1	1	1	1	1	1	1	1	1	1	1	1	1
N11	N11.HOG0007347	1	1	1	1	1	1	1	1	1	1	1	1	1	1	1
N11	N11.HOG0007348	1	1	1	1	1	1	1	1	1	1	1	1	1	1	1
N11	N11.HOG0007349	1	1	1	1	1	1	1	1	1	1	1	1	1	1	1
N11	N11.HOG0007350	1	1	1	1	1	1	1	1	1	1	1	1	1	1	1
N11	N11.HOG0007351	1	1	1	1	1	1	1	1	1	1	1	1	1	1	1
N11	N11.HOG0007352	1	1	1	1	1	1	1	1	1	1	1	1	1	1	1
N11	N11.HOG0007353	1	1	1	1	1	1	1	1	1	1	1	1	1	1	1
N11	N11.HOG0007354	1	1	1	1	1	1	1	1	1	1	1	1	1	1	1
N11	N11.HOG0007355	1	1	1	1	1	1	1	1	1	1	1	1	1	1	1
N11	N11.HOG0007356	1	1	1	1	1	1	1	1	1	1	1	1	1	1	1
N11	N11.HOG0007357	1	1	1	1	1	1	1	1	1	1	1	1	1	1	1
N11	N11.HOG0007358	1	1	1	1	1	1	1	1	1	1	1	1	1	1	1
N11	N11.HOG0007359	1	1	1	1	1	1	1	1	1	1	1	1	1	1	1
N11	N11.HOG0007360	1	1	3	1	1	1	1	1	1	1	1	1	1	1	1
N11	N11.HOG0007361	1	1	1	1	1	1	1	1	1	1	1	1	1	1	1
N11	N11.HOG0007362	1	1	1	1	1	1	1	1	1	1	1	1	1	1	1
N11	N11.HOG0007363	0	1	1	1	1	1	1	1	1	1	1	1	1	1	1
N11	N11.HOG0007364	1	1	1	1	1	1	1	1	1	1	1	1	1	2	1
N11	N11.HOG0007365	1	1	1	1	1	1	1	1	1	1	1	1	1	2	1
N11	N11.HOG0007366	1	1	1	1	1	1	1	1	1	1	1	1	1	1	1
N11	N11.HOG0007367	1	1	1	1	1	1	1	1	1	1	1	1	1	1	1
N11	N11.HOG0007368	1	1	1	1	1	1	1	1	1	1	1	1	1	1	1
N11	N11.HOG0007369	1	1	1	1	1	1	1	1	1	1	1	1	1	2	1
N11	N11.HOG0007370	1	1	1	1	1	1	1	1	1	1	1	1	1	1	1
N11	N11.HOG0007371	1	1	1	1	1	1	1	1	1	1	1	1	1	1	1
N11	N11.HOG0007372	1	1	1	1	1	1	1	1	1	1	1	1	1	1	1
N11	N11.HOG0007373	1	1	1	1	1	1	1	1	1	1	1	1	0	1	1
N11	N11.HOG0007374	1	1	1	1	1	1	1	1	1	1	1	1	1	1	1
N11	N11.HOG0007375	1	1	1	1	1	1	1	1	1	1	1	1	1	1	1
N11	N11.HOG0007376	1	1	1	1	1	1	1	1	1	1	1	1	1	1	1
N11	N11.HOG0007377	1	1	1	1	1	1	1	1	1	1	1	1	1	1	1
N11	N11.HOG0007378	1	2	1	1	1	1	1	1	1	1	1	1	1	1	1
N11	N11.HOG0007379	1	1	1	1	1	1	1	1	1	1	1	1	1	1	1
N11	N11.HOG0007380	1	1	1	1	2	1	1	1	1	1	1	1	1	1	1
N11	N11.HOG0007381	1	1	1	1	1	1	1	1	1	1	1	1	1	1	1
N11	N11.HOG0007382	1	1	1	1	1	1	1	1	1	1	1	1	1	1	1
N11	N11.HOG0007383	1	1	1	1	1	1	1	1	1	1	1	1	1	1	1
N11	N11.HOG0007384	1	1	1	1	2	1	1	1	1	1	1	1	1	1	1
N11	N11.HOG0007385	1	1	1	1	1	1	1	1	1	1	1	1	1	1	1
N11	N11.HOG0007386	1	1	1	1	1	1	1	1	1	1	1	1	1	1	1
N11	N11.HOG0007387	1	0	1	1	1	1	1	1	1	1	1	1	1	1	1
N11	N11.HOG0007388	1	3	1	1	1	1	1	1	1	1	1	1	1	1	1
N11	N11.HOG0007389	1	1	1	1	1	1	1	1	1	1	1	1	1	1	1
N11	N11.HOG0007390	1	2	1	1	1	1	1	1	1	1	1	1	1	1	1
N11	N11.HOG0007391	1	1	1	1	1	1	1	1	1	1	1	1	1	1	1
N11	N11.HOG0007392	3	1	1	1	1	1	1	1	1	1	1	1	1	1	1
N11	N11.HOG0007393	1	2	1	1	1	1	1	1	1	1	1	1	1	1	1
N11	N11.HOG0007394	1	0	1	1	1	1	1	1	1	1	1	1	1	1	1
N11	N11.HOG0007395	1	1	1	1	1	1	1	1	1	1	1	1	2	1	1
N11	N11.HOG0007396	1	1	1	1	1	1	1	1	1	1	1	1	1	1	1
N11	N11.HOG0007397	1	1	1	1	1	1	1	1	1	1	1	1	1	1	1
N11	N11.HOG0007398	1	1	1	1	1	1	1	1	1	1	1	1	1	1	1
N11	N11.HOG0007399	1	1	1	1	1	1	1	1	1	1	1	1	1	1	1
N11	N11.HOG0007400	1	1	1	1	1	1	1	1	1	1	1	1	1	1	1
N11	N11.HOG0007401	1	1	1	1	1	1	1	1	1	0	1	1	1	1	2
N11	N11.HOG0007402	1	1	1	1	1	1	1	1	1	1	1	1	1	1	1
N11	N11.HOG0007403	1	1	1	1	1	1	1	1	1	1	1	1	1	1	1
N11	N11.HOG0007404	1	2	1	1	1	1	1	1	1	1	1	1	1	1	1
N11	N11.HOG0007405	1	1	1	1	1	1	1	1	1	1	1	1	1	1	1
N11	N11.HOG0007406	1	1	1	1	1	1	1	1	1	1	1	1	1	1	1
N11	N11.HOG0007407	1	1	1	1	1	1	1	1	1	1	1	1	1	1	1
N11	N11.HOG0007408	1	1	1	1	1	1	1	1	1	1	1	1	1	1	1
N11	N11.HOG0007409	1	1	1	1	1	1	1	1	1	1	1	1	1	1	1
N11	N11.HOG0007410	1	1	1	1	1	1	1	1	1	1	1	1	1	1	1
N11	N11.HOG0007411	1	1	1	1	1	1	1	1	1	1	1	1	1	1	1
N11	N11.HOG0007412	1	1	1	1	1	1	1	1	1	1	1	1	1	1	1
N11	N11.HOG0007413	1	1	1	1	1	1	1	1	1	1	1	1	1	1	1
N11	N11.HOG0007414	1	1	1	1	2	1	1	1	1	1	1	1	1	1	1
N11	N11.HOG0007415	1	1	1	1	1	1	1	1	1	1	1	1	1	1	1
N11	N11.HOG0007416	1	2	1	1	1	1	1	1	1	1	1	1	1	1	1
N11	N11.HOG0007417	2	1	1	1	1	1	1	1	1	1	1	1	1	1	1
N11	N11.HOG0007418	1	1	1	1	1	1	1	1	1	1	1	1	1	1	1
N11	N11.HOG0007419	1	1	1	1	1	1	1	1	1	1	1	1	1	1	1
N11	N11.HOG0007420	1	1	1	1	1	1	1	1	1	1	1	1	1	1	1
N11	N11.HOG0007421	3	1	1	1	1	1	1	1	1	1	1	1	1	1	1
N11	N11.HOG0007422	1	1	1	1	1	1	1	1	1	1	1	1	1	1	1
N11	N11.HOG0007423	1	1	1	1	2	1	1	1	1	1	1	1	1	1	1
N11	N11.HOG0007424	2	1	1	1	1	1	1	1	1	1	1	1	1	1	1
N11	N11.HOG0007425	1	1	1	1	1	1	1	1	1	1	1	1	1	1	1
N11	N11.HOG0007426	1	0	1	1	2	1	1	1	1	1	2	1	1	1	1
N11	N11.HOG0007427	1	1	1	1	1	1	1	1	1	1	1	1	1	1	1
N11	N11.HOG0007428	1	1	1	1	1	1	1	1	1	1	1	1	1	1	2
N11	N11.HOG0007429	1	1	1	1	1	1	1	1	1	1	1	1	1	1	1
N11	N11.HOG0007430	1	3	1	1	1	1	1	1	1	1	1	1	1	1	1
N11	N11.HOG0007431	1	1	1	1	1	1	1	1	1	1	1	1	1	1	1
N11	N11.HOG0007432	1	1	1	1	1	1	1	1	1	1	1	1	1	1	1
N11	N11.HOG0007433	1	1	1	1	1	1	1	1	1	1	1	1	1	1	1
N11	N11.HOG0007434	1	1	1	1	0	1	1	1	1	1	1	1	1	1	1
N11	N11.HOG0007435	1	0	1	1	1	1	1	1	1	1	1	1	1	1	1
N11	N11.HOG0007436	1	1	1	1	1	1	1	1	1	1	1	1	1	1	1
N11	N11.HOG0007437	1	2	1	1	1	1	1	1	1	1	1	1	1	1	1
N11	N11.HOG0007438	1	1	1	1	1	1	1	1	1	1	1	1	1	1	1
N11	N11.HOG0007439	1	2	1	1	1	1	1	1	1	1	1	1	1	1	1
N11	N11.HOG0007440	1	1	1	1	1	1	1	1	1	1	1	1	1	1	1
N11	N11.HOG0007441	1	2	1	1	1	1	1	1	1	1	1	1	1	1	1
N11	N11.HOG0007442	0	1	1	1	1	1	1	1	1	1	1	1	1	1	1
N11	N11.HOG0007443	1	1	1	1	1	1	1	1	1	1	1	1	1	1	1
N11	N11.HOG0007444	1	1	1	1	1	1	1	1	1	1	1	1	1	1	1
N11	N11.HOG0007445	1	0	1	1	1	1	2	1	1	1	1	1	1	1	1
N11	N11.HOG0007446	1	1	1	1	1	1	1	1	1	1	1	1	1	1	1
N11	N11.HOG0007447	1	0	1	1	1	1	1	1	1	1	1	1	1	1	1
N11	N11.HOG0007448	1	1	1	1	1	1	1	1	1	1	1	1	1	1	1
N11	N11.HOG0007449	1	1	1	1	1	1	1	1	1	0	1	1	1	1	1
N11	N11.HOG0007450	1	1	1	1	1	0	1	1	1	1	1	1	1	1	1
N11	N11.HOG0007451	1	2	1	1	1	1	1	1	1	1	1	1	1	1	1
N11	N11.HOG0007452	2	1	1	1	1	1	1	1	1	1	1	1	2	1	1
N11	N11.HOG0007453	1	1	1	1	1	1	1	1	1	1	1	1	1	1	1
N11	N11.HOG0007454	1	1	1	1	1	1	1	1	1	1	1	1	1	1	1
N11	N11.HOG0007455	1	1	1	1	1	1	2	1	1	1	1	1	1	1	1
N11	N11.HOG0007456	1	1	1	1	1	1	1	1	1	1	1	1	1	1	1
N11	N11.HOG0007457	1	1	1	1	1	1	1	1	1	1	1	1	0	1	1
N11	N11.HOG0007458	1	1	1	1	1	1	1	1	1	1	1	1	1	1	1
N11	N11.HOG0007459	1	1	1	1	1	1	1	1	1	1	1	1	1	1	1
N11	N11.HOG0007460	1	1	1	1	1	1	1	1	1	1	1	1	1	1	1
N11	N11.HOG0007461	1	1	1	1	1	1	1	1	1	1	1	1	1	1	1
N11	N11.HOG0007462	1	1	1	1	2	1	1	1	1	1	1	1	1	1	1
N11	N11.HOG0007463	1	1	1	1	1	1	1	1	1	1	1	1	1	1	1
N11	N11.HOG0007464	1	1	1	1	1	1	1	1	1	1	1	1	1	1	1
N11	N11.HOG0007465	1	1	1	1	1	1	1	1	1	1	1	1	1	1	1
N11	N11.HOG0007466	1	1	1	1	1	1	1	1	1	1	1	1	1	1	1
N11	N11.HOG0007467	1	1	1	1	1	1	1	1	1	1	1	1	1	1	1
N11	N11.HOG0007468	1	1	1	1	1	1	1	1	1	1	1	1	1	1	1
N11	N11.HOG0007469	1	1	1	1	1	1	1	1	1	1	1	1	1	1	1
N11	N11.HOG0007470	1	1	1	1	1	1	1	1	1	1	1	1	1	1	1
N11	N11.HOG0007471	1	1	1	1	1	1	1	1	1	1	1	1	1	1	1
N11	N11.HOG0007472	1	1	1	1	1	1	1	1	1	1	1	1	1	1	1
N11	N11.HOG0007473	1	2	1	1	2	1	1	1	1	1	1	1	0	1	1
N11	N11.HOG0007474	1	1	1	1	1	1	1	1	1	1	1	1	1	1	1
N11	N11.HOG0007475	1	1	1	1	1	1	1	1	1	1	1	1	1	1	1
N11	N11.HOG0007476	0	1	1	1	1	1	1	1	1	1	1	1	1	1	1
N11	N11.HOG0007477	1	1	1	1	1	1	1	1	1	1	1	1	1	1	2
N11	N11.HOG0007478	1	1	1	1	1	1	1	1	1	1	1	1	1	1	1
N11	N11.HOG0007479	1	0	1	1	1	1	1	1	1	1	1	1	1	1	1
N11	N11.HOG0007480	1	1	1	1	1	1	1	1	1	1	1	1	1	1	1
N11	N11.HOG0007481	1	1	1	1	1	1	1	1	1	1	1	1	1	1	1
N11	N11.HOG0007482	1	1	1	1	1	1	1	1	1	1	1	1	1	1	1
N11	N11.HOG0007483	1	1	1	1	1	1	1	1	1	1	1	1	1	1	1
N11	N11.HOG0007484	1	1	1	1	1	1	1	1	1	1	1	1	1	1	1
N11	N11.HOG0007485	1	1	1	1	1	1	1	1	1	1	1	1	1	1	1
N11	N11.HOG0007486	1	1	1	1	1	1	1	1	1	1	1	1	1	1	1
N11	N11.HOG0007487	1	2	1	1	1	1	1	1	1	1	1	1	1	1	1
N11	N11.HOG0007488	1	1	1	1	1	1	1	1	1	1	1	1	1	1	1
N11	N11.HOG0007489	1	1	1	1	3	1	1	1	1	1	1	1	1	1	1
N11	N11.HOG0007490	1	1	0	1	1	1	1	1	1	1	1	1	1	1	1
N11	N11.HOG0007491	1	1	1	1	1	1	1	1	1	1	1	1	1	1	1
N11	N11.HOG0007492	2	1	1	1	1	1	1	1	1	1	1	1	1	1	1
N11	N11.HOG0007493	1	2	1	1	1	1	1	1	1	1	1	1	1	1	1
N11	N11.HOG0007494	1	1	1	1	1	1	1	1	1	1	1	1	1	1	1
N11	N11.HOG0007495	1	1	1	1	1	1	1	1	1	1	1	1	1	1	1
N11	N11.HOG0007496	1	1	2	1	1	1	1	1	1	1	1	1	1	1	1
N11	N11.HOG0007497	1	1	1	1	1	1	1	1	1	1	1	1	1	1	1
N11	N11.HOG0007498	0	1	1	1	1	1	1	1	1	1	1	1	1	1	1
N11	N11.HOG0007499	1	1	1	1	1	1	1	1	1	1	1	1	1	1	1
N11	N11.HOG0007500	1	1	1	1	1	1	1	1	1	1	1	1	1	1	1
N11	N11.HOG0007501	1	1	1	1	1	1	1	1	1	1	1	1	1	2	1
N11	N11.HOG0007502	1	1	1	1	1	1	1	1	1	1	1	1	2	1	1
N11	N11.HOG0007503	1	1	1	1	1	1	1	1	1	1	1	1	1	1	2
N11	N11.HOG0007504	1	1	1	1	1	1	1	1	1	1	1	1	1	1	1
N11	N11.HOG0007505	1	1	1	1	1	1	1	1	1	1	1	1	1	1	1
N11	N11.HOG0007506	0	0	0	0	0	0	1	0	0	0	0	0	0	0	0
N11	N11.HOG0007507	0	0	1	1	1	1	0	1	1	0	0	0	1	1	1
N11	N11.HOG0007508	1	0	0	0	0	0	0	0	0	1	1	1	0	0	0
N11	N11.HOG0007509	2	1	1	1	1	1	1	1	1	1	1	1	1	1	1
N11	N11.HOG0007510	1	2	1	1	1	1	1	1	1	1	1	1	1	1	1
N11	N11.HOG0007511	1	1	2	1	1	1	1	1	1	1	1	1	1	1	1
N11	N11.HOG0007512	1	1	1	1	1	1	1	1	1	1	1	1	1	1	1
N11	N11.HOG0007513	1	1	1	1	1	1	1	1	1	1	1	1	1	1	1
N11	N11.HOG0007514	1	1	1	1	1	1	1	1	1	1	1	1	1	2	1
N11	N11.HOG0007515	1	1	1	1	1	1	1	1	1	1	1	1	1	2	1
N11	N11.HOG0007516	1	1	1	1	1	1	1	1	1	1	1	1	1	1	1
N11	N11.HOG0007517	1	1	1	1	1	1	1	1	1	1	1	1	1	1	1
N11	N11.HOG0007518	1	1	1	1	1	1	1	1	1	1	1	1	1	1	1
N11	N11.HOG0007519	1	1	1	1	1	1	1	1	1	1	1	1	1	1	1
N11	N11.HOG0007520	1	1	1	1	1	1	1	1	1	1	1	1	1	1	1
N11	N11.HOG0007521	0	1	1	1	0	1	1	1	1	1	1	1	2	1	1
N11	N11.HOG0007522	1	1	1	1	1	1	1	1	1	1	1	1	1	1	1
N11	N11.HOG0007523	1	1	1	1	1	1	1	1	1	1	1	1	1	1	1
N11	N11.HOG0007524	1	1	1	1	1	1	1	1	1	1	1	1	1	1	1
N11	N11.HOG0007525	1	1	1	1	1	1	1	1	1	1	1	1	1	1	1
N11	N11.HOG0007526	1	1	1	1	1	1	1	1	1	1	1	1	1	1	1
N11	N11.HOG0007527	1	1	1	1	1	1	1	1	1	1	1	1	1	1	1
N11	N11.HOG0007528	1	2	1	1	1	1	1	1	1	1	1	1	0	1	1
N11	N11.HOG0007529	1	2	1	1	1	1	1	1	1	1	1	1	1	1	1
N11	N11.HOG0007530	1	2	1	1	1	1	1	1	1	1	1	1	1	1	1
N11	N11.HOG0007531	1	1	1	1	1	1	1	1	1	1	1	1	1	1	2
N11	N11.HOG0007532	1	1	1	1	1	1	1	1	1	1	1	1	1	1	1
N11	N11.HOG0007533	1	1	1	1	1	1	1	1	1	1	1	1	1	1	1
N11	N11.HOG0007534	1	1	1	1	1	1	1	1	1	1	1	1	1	1	1
N11	N11.HOG0007535	2	1	1	1	1	1	1	1	1	1	1	1	1	1	1
N11	N11.HOG0007536	1	1	1	1	1	1	1	1	1	1	1	1	1	1	1
N11	N11.HOG0007537	1	1	1	1	1	1	1	1	1	1	1	1	1	1	1
N11	N11.HOG0007538	1	1	1	1	1	1	1	1	1	1	1	1	1	1	1
N11	N11.HOG0007539	1	1	1	1	1	1	1	1	1	1	1	1	1	1	1
N11	N11.HOG0007540	1	2	1	1	1	1	1	1	1	1	1	1	1	1	1
N11	N11.HOG0007541	1	3	1	1	1	1	1	1	1	1	1	1	1	1	1
N11	N11.HOG0007542	1	1	1	1	1	1	1	1	1	1	1	1	1	1	1
N11	N11.HOG0007543	1	1	1	1	1	1	1	1	1	1	1	1	1	1	1
N11	N11.HOG0007544	1	1	1	1	1	1	1	1	1	1	1	1	1	1	1
N11	N11.HOG0007545	1	1	1	1	1	1	1	1	1	1	1	1	1	1	1
N11	N11.HOG0007546	1	1	1	1	1	1	1	1	1	1	1	1	1	1	1
N11	N11.HOG0007547	1	1	1	1	1	1	1	1	1	1	1	1	1	1	1
N11	N11.HOG0007548	1	1	1	1	1	1	1	1	1	1	1	0	1	1	1
N11	N11.HOG0007549	1	2	1	1	1	1	1	1	1	1	1	1	0	1	1
N11	N11.HOG0007550	1	1	1	1	1	1	1	1	1	1	1	1	1	1	1
N11	N11.HOG0007551	1	1	1	1	1	1	1	1	1	1	1	1	1	1	1
N11	N11.HOG0007552	1	1	1	1	1	1	1	1	1	1	1	1	1	1	1
N11	N11.HOG0007553	1	1	1	1	1	1	1	1	1	1	1	1	1	1	1
N11	N11.HOG0007554	1	1	1	1	1	1	1	1	1	1	1	1	1	1	1
N11	N11.HOG0007555	1	1	1	1	1	1	2	1	1	1	1	1	1	1	1
N11	N11.HOG0007556	1	1	1	1	1	1	1	1	1	1	1	1	1	1	1
N11	N11.HOG0007557	1	1	1	1	1	1	1	1	1	1	1	1	1	1	1
N11	N11.HOG0007558	1	1	1	1	1	1	1	1	1	1	1	1	1	1	1
N11	N11.HOG0007559	1	1	1	1	1	1	1	1	1	1	1	1	1	1	1
N11	N11.HOG0007560	1	1	1	1	1	1	1	1	1	1	1	1	1	1	1
N11	N11.HOG0007561	1	1	1	1	1	1	1	1	1	1	1	1	1	1	1
N11	N11.HOG0007562	1	1	1	1	1	1	1	1	1	1	1	1	1	1	1
N11	N11.HOG0007563	2	1	1	1	1	1	1	1	1	1	1	1	1	1	1
N11	N11.HOG0007564	1	2	1	1	1	1	1	1	1	1	1	1	1	1	2
N11	N11.HOG0007565	1	1	1	1	1	1	1	1	1	1	1	1	1	1	1
N11	N11.HOG0007566	1	1	1	1	1	1	1	1	1	1	1	1	1	1	1
N11	N11.HOG0007567	1	1	1	1	1	1	1	1	1	1	1	1	1	1	1
N11	N11.HOG0007568	1	1	1	1	1	1	1	1	1	1	1	1	1	1	1
N11	N11.HOG0007569	1	1	1	1	1	1	1	1	1	2	2	2	1	1	1
N11	N11.HOG0007570	1	1	1	1	2	1	1	1	1	1	1	1	1	1	1
N11	N11.HOG0007571	1	1	1	1	1	1	1	1	1	1	1	1	1	1	1
N11	N11.HOG0007572	1	1	1	1	1	1	1	1	1	1	1	1	1	1	1
N11	N11.HOG0007573	1	1	1	1	1	1	1	1	1	1	1	1	1	1	1
N11	N11.HOG0007574	1	1	1	1	1	1	1	1	1	1	1	1	1	1	1
N11	N11.HOG0007575	1	1	1	1	1	1	1	1	1	1	1	1	1	1	1
N11	N11.HOG0007576	1	1	1	1	1	1	1	1	1	1	1	1	1	1	1
N11	N11.HOG0007577	1	1	1	1	1	1	1	1	1	1	1	1	1	1	1
N11	N11.HOG0007578	1	1	1	1	1	1	2	1	1	1	1	1	1	1	1
N11	N11.HOG0007579	1	1	1	1	1	1	1	1	1	1	1	1	1	1	1
N11	N11.HOG0007580	1	1	1	1	1	1	1	1	1	1	1	1	1	1	1
N11	N11.HOG0007581	1	1	1	1	1	1	1	1	1	1	1	1	1	1	1
N11	N11.HOG0007582	1	2	1	1	1	1	1	1	1	1	1	1	1	1	1
N11	N11.HOG0007583	1	1	1	1	1	1	1	1	1	1	1	1	1	1	1
N11	N11.HOG0007584	1	1	1	1	1	1	1	1	1	1	1	1	1	1	1
N11	N11.HOG0007585	1	1	1	1	1	1	1	1	1	1	1	1	1	1	1
N11	N11.HOG0007586	1	1	1	1	1	1	1	1	1	1	1	1	1	1	1
N11	N11.HOG0007587	1	1	1	1	1	1	1	1	1	1	1	1	1	1	1
N11	N11.HOG0007588	1	1	1	1	1	1	1	1	1	1	1	1	1	1	1
N11	N11.HOG0007589	1	1	1	1	1	1	1	1	1	1	1	1	1	1	1
N11	N11.HOG0007590	0	2	1	1	1	1	1	1	1	1	1	1	1	0	1
N11	N11.HOG0007591	1	1	1	1	1	1	1	1	1	1	1	1	1	1	1
N11	N11.HOG0007592	1	2	1	1	1	1	1	1	1	1	1	1	1	1	1
N11	N11.HOG0007593	1	1	1	1	1	1	1	1	1	1	1	1	1	1	1
N11	N11.HOG0007594	1	1	1	1	1	1	1	1	1	1	1	1	1	1	1
N11	N11.HOG0007595	1	1	1	1	1	1	1	1	1	1	1	1	1	1	1
N11	N11.HOG0007596	1	1	1	1	1	1	1	1	1	1	1	1	1	1	1
N11	N11.HOG0007597	1	1	1	1	1	1	1	1	1	0	1	1	1	1	1
N11	N11.HOG0007598	1	1	1	1	1	1	1	1	1	1	1	1	1	1	1
N11	N11.HOG0007599	1	1	1	1	1	1	1	1	1	1	1	1	1	1	1
N11	N11.HOG0007600	1	1	1	1	1	1	1	1	1	1	1	1	1	1	1
N11	N11.HOG0007601	1	1	1	1	1	1	1	1	1	1	1	1	1	1	1
N11	N11.HOG0007602	0	1	1	1	1	1	1	1	1	1	1	1	1	1	1
N11	N11.HOG0007603	1	1	1	1	1	1	1	1	1	1	1	1	1	1	1
N11	N11.HOG0007604	1	1	1	1	1	1	1	1	1	1	1	1	1	1	1
N11	N11.HOG0007605	1	1	1	1	1	1	1	1	1	1	1	1	1	1	1
N11	N11.HOG0007606	1	1	1	1	1	1	1	1	1	1	1	1	1	1	1
N11	N11.HOG0007607	1	1	1	1	1	1	1	1	1	1	1	1	0	1	1
N11	N11.HOG0007608	1	1	1	1	1	1	1	1	1	1	1	1	1	1	1
N11	N11.HOG0007609	1	1	1	1	1	1	1	1	1	1	1	1	1	1	1
N11	N11.HOG0007610	1	1	1	1	1	1	1	1	1	1	1	1	1	1	1
N11	N11.HOG0007611	1	2	1	1	1	1	1	1	1	1	2	1	1	1	1
N11	N11.HOG0007612	0	1	1	1	1	1	1	1	1	1	1	1	1	1	1
N11	N11.HOG0007613	1	1	1	1	1	1	1	1	1	1	1	1	1	1	1
N11	N11.HOG0007614	1	2	1	1	1	1	1	1	1	1	1	1	1	1	1
N11	N11.HOG0007615	1	1	1	1	1	1	1	1	1	1	1	1	1	1	1
N11	N11.HOG0007616	3	1	1	1	1	1	1	1	1	1	1	1	1	1	1
N11	N11.HOG0007617	1	1	1	1	1	1	1	1	1	1	1	1	1	1	1
N11	N11.HOG0007618	1	1	1	1	1	2	1	1	1	1	1	1	1	1	1
N11	N11.HOG0007619	1	1	1	1	1	1	1	1	1	1	1	1	0	1	1
N11	N11.HOG0007620	1	1	1	1	1	1	1	1	1	1	1	1	1	1	1
N11	N11.HOG0007621	0	2	1	1	1	1	1	1	1	1	1	1	1	1	1
N11	N11.HOG0007622	1	1	1	1	1	1	1	1	1	1	1	1	1	1	1
N11	N11.HOG0007623	1	2	1	1	1	1	1	1	1	1	1	1	1	1	1
N11	N11.HOG0007624	2	1	1	1	2	1	1	1	1	1	1	1	1	1	1
N11	N11.HOG0007625	1	1	1	1	1	1	1	1	1	1	1	1	1	1	1
N11	N11.HOG0007626	1	1	1	1	1	1	1	1	1	1	1	1	1	1	1
N11	N11.HOG0007627	1	1	1	1	1	1	1	1	1	1	1	1	1	1	1
N11	N11.HOG0007628	1	1	1	1	1	1	1	1	1	1	1	1	1	1	1
N11	N11.HOG0007629	1	2	1	1	1	1	1	1	1	1	1	1	1	1	1
N11	N11.HOG0007630	1	2	1	1	1	1	1	1	1	1	1	1	1	1	1
N11	N11.HOG0007631	1	2	1	1	1	1	1	1	1	1	1	1	1	1	1
N11	N11.HOG0007632	1	1	1	1	1	1	1	1	1	1	1	1	1	1	1
N11	N11.HOG0007633	1	1	1	1	1	1	1	1	1	1	1	1	1	1	1
N11	N11.HOG0007634	1	1	1	1	1	1	1	1	1	1	1	1	1	1	1
N11	N11.HOG0007635	1	1	1	1	1	1	1	1	1	1	1	1	1	1	1
N11	N11.HOG0007636	1	1	1	1	1	1	1	1	1	1	1	1	1	1	1
N11	N11.HOG0007637	2	1	1	1	1	1	1	1	1	1	1	1	1	1	1
N11	N11.HOG0007638	1	1	1	1	1	1	1	1	1	1	1	1	1	1	1
N11	N11.HOG0007639	1	1	1	1	1	1	1	1	1	1	1	1	1	1	1
N11	N11.HOG0007640	1	2	1	1	1	1	1	1	1	1	1	1	1	1	2
N11	N11.HOG0007641	1	2	1	1	1	1	1	1	1	1	1	1	1	1	1
N11	N11.HOG0007642	1	1	1	1	1	1	1	1	1	1	1	1	1	1	1
N11	N11.HOG0007643	1	1	1	1	1	1	1	1	1	1	1	1	1	1	1
N11	N11.HOG0007644	1	1	1	1	1	1	1	1	1	1	1	1	1	1	1
N11	N11.HOG0007645	1	1	1	1	1	1	1	1	1	1	1	1	1	1	1
N11	N11.HOG0007646	1	1	1	1	1	1	1	1	1	1	1	1	1	1	1
N11	N11.HOG0007647	1	1	1	1	1	1	1	1	1	1	1	1	1	3	1
N11	N11.HOG0007648	1	1	1	1	1	1	1	1	1	1	1	1	1	1	1
N11	N11.HOG0007649	1	1	1	1	1	1	1	1	1	1	1	1	1	1	1
N11	N11.HOG0007650	1	0	1	1	1	1	1	1	1	1	1	1	1	1	1
N11	N11.HOG0007651	1	1	1	1	1	1	1	1	1	1	1	1	1	1	1
N11	N11.HOG0007652	1	1	1	1	1	1	1	1	1	1	1	1	1	1	1
N11	N11.HOG0007653	1	1	1	1	1	1	1	1	1	1	1	1	0	1	1
N11	N11.HOG0007654	1	1	1	1	1	1	2	1	1	1	1	1	2	1	1
N11	N11.HOG0007655	1	1	1	1	1	1	1	1	1	1	1	1	1	1	1
N11	N11.HOG0007656	1	1	1	1	1	1	1	1	1	1	1	1	1	1	1
N11	N11.HOG0007657	1	1	1	1	1	1	1	1	1	1	1	1	1	1	1
N11	N11.HOG0007658	1	1	1	1	1	1	1	1	1	1	1	1	1	1	1
N11	N11.HOG0007659	1	1	1	1	1	1	1	1	1	1	1	1	1	1	1
N11	N11.HOG0007660	1	1	1	1	1	1	1	1	1	1	1	1	1	1	1
N11	N11.HOG0007661	1	1	1	1	1	1	1	1	1	1	1	1	1	1	1
N11	N11.HOG0007662	0	1	1	1	1	1	1	1	1	1	1	1	1	1	1
N11	N11.HOG0007663	1	1	1	1	1	1	1	1	1	1	1	1	1	1	1
N11	N11.HOG0007664	1	1	1	1	1	1	1	1	1	1	1	1	1	1	1
N11	N11.HOG0007665	1	1	1	1	1	1	1	1	1	1	1	1	1	1	1
N11	N11.HOG0007666	1	1	1	1	1	1	1	1	1	1	1	1	1	1	1
N11	N11.HOG0007667	1	1	1	1	1	1	1	1	1	1	1	1	1	3	1
N11	N11.HOG0007668	1	2	1	1	1	1	1	1	1	1	1	1	1	1	1
N11	N11.HOG0007669	1	1	1	1	1	1	1	1	1	1	1	1	1	1	1
N11	N11.HOG0007670	1	1	1	1	1	1	1	1	1	1	1	1	1	1	1
N11	N11.HOG0007671	1	1	1	1	1	1	1	1	1	1	1	1	1	1	1
N11	N11.HOG0007672	1	1	1	1	1	1	0	1	1	1	1	1	1	1	1
N11	N11.HOG0007673	1	1	1	1	1	1	1	1	1	1	1	1	1	1	1
N11	N11.HOG0007674	1	1	1	1	1	1	2	1	1	1	1	1	1	1	1
N11	N11.HOG0007675	1	1	1	1	1	1	1	1	1	1	1	1	1	1	1
N11	N11.HOG0007676	1	1	1	1	1	1	1	1	1	1	1	1	1	1	1
N11	N11.HOG0007677	1	1	1	1	1	1	1	1	1	1	1	1	1	1	1
N11	N11.HOG0007678	1	1	1	1	1	1	1	1	1	1	1	1	1	1	1
N11	N11.HOG0007679	1	2	1	1	1	1	1	1	1	1	1	1	1	1	1
N11	N11.HOG0007680	1	2	1	1	1	1	1	1	1	1	1	1	1	1	1
N11	N11.HOG0007681	1	1	1	1	1	1	1	1	1	1	1	1	1	1	1
N11	N11.HOG0007682	1	1	2	1	1	1	1	1	1	1	1	1	1	1	1
N11	N11.HOG0007683	1	1	1	1	0	1	1	1	1	1	1	1	1	1	1
N11	N11.HOG0007684	1	2	1	1	1	1	1	1	1	1	1	1	1	1	1
N11	N11.HOG0007685	1	1	1	1	2	1	1	1	1	1	1	1	1	1	1
N11	N11.HOG0007686	1	1	1	1	1	1	0	1	1	1	1	1	1	1	1
N11	N11.HOG0007687	1	1	2	1	1	1	1	1	1	1	1	1	2	1	1
N11	N11.HOG0007688	1	1	1	1	1	1	1	1	1	1	1	1	2	1	1
N11	N11.HOG0007689	1	2	1	1	1	1	1	1	1	1	1	1	1	1	1
N11	N11.HOG0007690	1	2	1	1	1	1	1	1	1	1	1	1	1	1	1
N11	N11.HOG0007691	1	1	1	1	1	1	1	1	1	1	1	1	1	1	1
N11	N11.HOG0007692	1	2	1	1	1	0	1	1	1	1	1	1	1	1	1
N11	N11.HOG0007693	1	1	1	1	1	1	1	1	1	1	1	1	1	1	1
N11	N11.HOG0007694	1	1	1	1	1	1	1	1	1	1	1	1	1	1	1
N11	N11.HOG0007695	1	1	1	1	1	1	1	1	1	1	1	1	1	1	1
N11	N11.HOG0007696	1	1	1	1	1	1	1	1	1	1	1	1	1	1	1
N11	N11.HOG0007697	1	1	1	1	1	1	1	1	1	1	1	1	1	1	1
N11	N11.HOG0007698	1	1	1	1	1	1	1	1	1	1	1	1	1	1	1
N11	N11.HOG0007699	1	1	1	1	1	1	1	1	1	1	1	1	1	1	1
N11	N11.HOG0007700	1	1	1	1	1	1	1	1	1	1	1	1	1	0	1
N11	N11.HOG0007701	1	1	1	1	1	1	1	1	1	1	1	1	1	1	1
N11	N11.HOG0007702	1	1	1	1	1	1	1	1	1	1	1	1	1	1	1
N11	N11.HOG0007703	1	2	1	1	1	1	1	1	1	1	1	1	1	1	1
N11	N11.HOG0007704	1	1	1	1	1	1	1	1	1	1	1	1	1	1	1
N11	N11.HOG0007705	1	1	1	1	1	1	1	1	1	1	1	1	1	1	1
N11	N11.HOG0007706	1	1	1	1	1	1	1	1	1	1	1	1	1	1	1
N11	N11.HOG0007707	1	1	1	1	1	1	1	1	1	1	1	1	1	1	1
N11	N11.HOG0007708	1	1	1	1	1	1	1	1	1	1	1	1	1	1	1
N11	N11.HOG0007709	1	1	1	1	1	1	1	1	1	1	1	1	1	1	1
N11	N11.HOG0007710	1	1	1	1	1	1	1	1	1	1	1	1	1	1	1
N11	N11.HOG0007711	1	1	1	1	1	1	1	1	1	1	1	1	0	1	1
N11	N11.HOG0007712	1	1	1	1	1	1	1	1	1	1	1	1	0	1	1
N11	N11.HOG0007713	1	1	1	1	1	1	1	1	1	1	1	1	1	1	1
N11	N11.HOG0007714	1	1	1	1	1	1	1	1	1	1	1	1	1	1	1
N11	N11.HOG0007715	1	1	1	1	1	1	1	1	1	1	1	1	1	1	1
N11	N11.HOG0007716	1	2	1	1	1	1	1	1	1	1	1	1	1	1	1
N11	N11.HOG0007717	1	1	1	1	1	1	1	1	1	1	1	1	1	1	1
N11	N11.HOG0007718	0	1	1	1	1	1	1	1	1	1	1	1	3	1	2
N11	N11.HOG0007719	1	1	1	1	1	1	1	1	1	1	1	1	1	1	1
N11	N11.HOG0007720	1	1	1	1	1	1	1	1	1	1	1	1	1	2	2
N11	N11.HOG0007721	1	1	1	1	1	1	1	1	1	1	1	1	1	1	2
N11	N11.HOG0007722	1	1	1	1	1	1	1	1	1	1	1	1	1	1	1
N11	N11.HOG0007723	1	1	1	1	1	1	1	1	1	1	1	1	1	1	1
N11	N11.HOG0007724	1	1	1	1	1	1	1	1	1	1	1	1	1	1	2
N11	N11.HOG0007725	1	1	1	1	1	1	1	1	1	1	1	1	1	1	1
N11	N11.HOG0007726	1	1	1	1	2	1	1	1	1	1	1	1	1	1	1
N11	N11.HOG0007727	1	2	1	1	1	1	1	1	1	1	1	1	1	1	1
N11	N11.HOG0007728	1	1	1	1	1	1	1	1	1	1	1	1	1	1	1
N11	N11.HOG0007729	1	0	1	1	1	1	1	1	1	1	1	1	1	1	1
N11	N11.HOG0007730	1	1	1	1	1	1	1	1	1	1	1	1	1	1	1
N11	N11.HOG0007731	2	1	1	1	1	1	1	1	1	1	1	1	1	1	1
N11	N11.HOG0007732	1	1	1	1	1	1	1	1	1	1	1	1	1	1	1
N11	N11.HOG0007733	1	1	1	1	1	2	1	1	1	1	1	1	1	1	1
N11	N11.HOG0007734	1	1	1	1	1	1	1	1	1	1	1	1	1	1	1
N11	N11.HOG0007735	1	1	1	1	1	1	1	1	1	1	1	1	1	1	1
N11	N11.HOG0007736	1	1	2	1	1	1	1	1	1	1	1	1	1	1	2
N11	N11.HOG0007737	1	1	1	1	1	1	1	1	1	1	1	1	1	1	1
N11	N11.HOG0007738	1	1	1	1	1	1	1	1	1	1	1	1	1	1	1
N11	N11.HOG0007739	1	1	1	1	1	1	1	1	1	1	1	1	1	1	0
N11	N11.HOG0007740	1	1	1	1	1	1	1	1	1	1	1	1	1	1	1
N11	N11.HOG0007741	1	1	1	1	1	1	1	1	1	1	1	1	1	1	1
N11	N11.HOG0007742	1	2	1	1	1	1	1	1	1	1	1	1	1	1	1
N11	N11.HOG0007743	1	1	1	1	1	1	1	1	1	1	1	1	1	1	1
N11	N11.HOG0007744	1	1	1	1	1	1	1	1	1	1	1	1	1	1	1
N11	N11.HOG0007745	1	1	1	1	1	1	1	1	1	1	1	1	1	1	1
N11	N11.HOG0007746	1	1	1	1	1	1	1	1	1	1	1	1	1	1	1
N11	N11.HOG0007747	1	2	1	1	1	1	1	1	1	1	1	1	1	1	1
N11	N11.HOG0007748	1	2	1	1	1	1	1	1	1	1	1	1	1	1	1
N11	N11.HOG0007749	1	2	1	1	1	1	1	1	1	1	1	1	1	1	1
N11	N11.HOG0007750	1	1	1	1	2	1	1	1	1	1	1	1	1	1	1
N11	N11.HOG0007751	1	1	1	1	1	1	1	1	1	1	1	1	0	1	1
N11	N11.HOG0007752	1	1	1	1	1	1	1	1	1	1	1	1	1	1	1
N11	N11.HOG0007753	1	0	1	1	1	1	1	1	1	1	1	1	1	1	1
N11	N11.HOG0007754	1	1	1	1	1	1	1	1	1	1	1	1	1	1	1
N11	N11.HOG0007755	1	0	1	1	1	1	1	1	1	1	1	1	1	1	1
N11	N11.HOG0007756	1	2	1	1	1	1	1	1	1	1	1	1	1	1	1
N11	N11.HOG0007757	1	1	1	1	1	1	1	1	1	1	1	1	1	1	1
N11	N11.HOG0007758	1	1	1	1	1	1	1	1	1	1	1	1	1	1	1
N11	N11.HOG0007759	2	1	1	1	2	1	1	1	1	1	1	1	1	1	1
N11	N11.HOG0007760	1	2	1	1	1	1	1	1	1	1	1	1	1	1	1
N11	N11.HOG0007761	1	1	1	1	1	1	1	1	1	1	1	1	1	1	1
N11	N11.HOG0007762	1	1	1	1	1	1	1	1	1	1	1	1	1	1	1
N11	N11.HOG0007763	1	1	1	1	1	1	1	1	1	1	1	1	1	1	1
N11	N11.HOG0007764	1	1	1	1	1	1	1	1	1	1	0	1	1	1	2
N11	N11.HOG0007765	1	1	1	1	1	1	1	1	1	1	1	1	1	1	1
N11	N11.HOG0007766	1	1	1	1	1	1	1	1	1	1	1	1	1	1	1
N11	N11.HOG0007767	1	1	0	1	1	0	1	1	1	1	1	1	1	1	1
N11	N11.HOG0007768	1	1	1	1	1	1	1	1	1	1	1	1	1	1	1
N11	N11.HOG0007769	1	1	1	1	1	1	1	1	1	1	1	1	1	1	1
N11	N11.HOG0007770	1	1	1	1	1	1	1	1	1	1	1	1	1	1	1
N11	N11.HOG0007771	1	1	1	1	1	1	1	1	1	1	1	1	1	1	1
N11	N11.HOG0007772	1	2	1	1	1	1	1	1	1	1	1	1	1	1	1
N11	N11.HOG0007773	1	1	1	1	1	1	1	1	1	1	1	1	1	1	1
N11	N11.HOG0007774	1	1	1	1	1	1	1	1	1	1	1	1	1	1	1
N11	N11.HOG0007775	1	1	1	1	1	1	1	1	1	1	1	1	1	1	1
N11	N11.HOG0007776	1	1	1	1	1	1	1	1	1	1	1	1	1	1	1
N11	N11.HOG0007777	1	1	1	1	1	0	1	1	1	1	1	1	1	1	1
N11	N11.HOG0007778	1	2	1	1	1	1	1	1	1	1	1	1	1	1	1
N11	N11.HOG0007779	1	1	1	1	1	1	1	1	1	1	1	1	1	1	1
N11	N11.HOG0007780	1	1	1	1	1	1	1	1	1	1	1	1	1	1	1
N11	N11.HOG0007781	1	1	1	1	1	1	1	1	1	1	1	1	1	1	1
N11	N11.HOG0007782	1	2	1	1	1	1	1	1	1	1	1	1	1	1	1
N11	N11.HOG0007783	1	2	1	1	1	1	1	1	0	1	1	1	1	1	1
N11	N11.HOG0007784	1	1	1	1	1	1	1	1	1	1	1	1	1	1	1
N11	N11.HOG0007785	1	1	1	1	1	1	1	1	1	1	1	1	1	1	1
N11	N11.HOG0007786	1	2	1	1	1	1	1	1	1	1	1	1	1	1	1
N11	N11.HOG0007787	1	1	1	1	1	1	1	1	1	1	1	1	1	1	1
N11	N11.HOG0007788	1	2	1	1	2	1	1	1	1	1	1	1	1	1	1
N11	N11.HOG0007789	1	1	1	1	1	1	1	1	1	1	1	1	1	1	1
N11	N11.HOG0007790	1	1	1	1	1	1	1	1	1	1	1	1	1	1	1
N11	N11.HOG0007791	1	1	1	1	1	1	1	1	1	1	1	1	1	1	1
N11	N11.HOG0007792	1	1	1	1	1	1	1	1	1	1	1	1	1	1	1
N11	N11.HOG0007793	1	1	1	1	1	1	1	1	1	1	1	1	1	1	1
N11	N11.HOG0007794	1	1	1	1	1	1	1	1	1	1	1	1	1	1	1
N11	N11.HOG0007795	1	1	1	1	1	1	1	1	1	1	1	1	1	1	1
N11	N11.HOG0007796	1	1	2	1	1	1	1	1	1	1	1	1	1	1	1
N11	N11.HOG0007797	1	1	1	1	1	1	1	1	1	1	1	1	1	1	2
N11	N11.HOG0007798	1	1	1	1	1	1	1	1	1	1	1	1	1	1	1
N11	N11.HOG0007799	1	0	1	1	1	1	1	1	1	2	1	1	1	1	1
N11	N11.HOG0007800	1	1	1	1	1	1	1	1	1	1	1	1	1	1	1
N11	N11.HOG0007801	1	1	1	1	1	1	1	1	1	1	1	1	1	1	1
N11	N11.HOG0007802	1	1	1	1	1	1	1	1	1	1	1	1	1	1	1
N11	N11.HOG0007803	1	0	1	1	0	1	1	1	1	1	1	1	1	1	1
N11	N11.HOG0007804	1	1	1	1	1	1	1	1	1	1	1	1	1	1	1
N11	N11.HOG0007805	2	1	1	1	1	1	1	1	1	1	1	1	1	1	2
N11	N11.HOG0007806	1	1	1	1	1	1	1	1	1	1	1	1	1	1	1
N11	N11.HOG0007807	1	1	1	1	1	1	1	1	1	1	1	1	1	1	1
N11	N11.HOG0007808	1	1	1	1	1	1	1	1	1	1	1	1	1	1	2
N11	N11.HOG0007809	1	1	1	1	1	1	1	1	1	1	1	1	1	1	1
N11	N11.HOG0007810	1	1	1	1	1	1	1	1	1	1	1	1	1	2	1
N11	N11.HOG0007811	1	2	1	1	1	1	1	1	1	1	1	1	1	1	1
N11	N11.HOG0007812	1	0	1	1	1	1	1	1	1	1	1	1	1	1	0
N11	N11.HOG0007813	1	1	1	1	1	1	1	1	1	1	1	1	1	1	1
N11	N11.HOG0007814	1	1	1	1	1	1	1	1	1	1	1	1	1	1	1
N11	N11.HOG0007815	1	1	1	1	1	1	2	1	1	1	1	1	1	1	1
N11	N11.HOG0007816	1	1	1	1	1	1	1	1	1	1	1	1	1	1	1
N11	N11.HOG0007817	1	1	1	1	1	1	1	1	1	1	1	1	1	1	1
N11	N11.HOG0007818	1	1	1	1	1	1	1	1	1	1	1	1	1	1	2
N11	N11.HOG0007819	1	1	1	1	2	1	1	1	1	1	1	1	1	1	1
N11	N11.HOG0007820	1	1	1	1	1	1	1	1	1	1	1	1	1	1	1
N11	N11.HOG0007821	1	2	1	1	1	1	1	1	1	1	1	1	1	1	1
N11	N11.HOG0007822	1	1	1	1	1	1	1	1	1	1	0	1	1	1	1
N11	N11.HOG0007823	1	1	1	1	1	1	1	1	1	1	2	1	1	1	1
N11	N11.HOG0007824	1	1	1	1	1	1	1	1	1	1	1	1	1	1	1
N11	N11.HOG0007825	1	1	1	1	1	1	1	1	0	1	1	1	1	1	1
N11	N11.HOG0007826	0	0	0	0	0	0	0	0	0	0	0	0	0	1	0
N11	N11.HOG0007827	2	0	0	0	0	0	1	1	1	0	0	0	1	1	1
N11	N11.HOG0007828	1	1	1	1	1	1	1	1	1	1	1	1	1	1	1
N11	N11.HOG0007829	1	0	1	1	1	1	1	1	1	1	1	1	1	1	1
N11	N11.HOG0007830	0	0	0	0	1	0	0	0	0	0	0	0	0	0	0
N11	N11.HOG0007831	1	1	1	1	1	1	1	1	1	1	1	1	1	1	1
N11	N11.HOG0007832	1	1	1	1	1	1	1	1	1	1	1	1	1	1	1
N11	N11.HOG0007833	1	1	1	1	1	1	1	1	1	1	1	1	1	1	1
N11	N11.HOG0007834	1	1	1	1	1	1	1	1	1	1	1	1	2	1	1
N11	N11.HOG0007835	1	1	1	1	1	1	1	1	1	1	1	1	1	1	1
N11	N11.HOG0007836	1	1	1	1	1	1	1	1	1	1	1	1	1	1	1
N11	N11.HOG0007837	1	1	1	1	1	1	1	1	1	1	1	1	1	1	1
N11	N11.HOG0007838	1	1	1	1	1	1	1	1	1	1	1	1	1	1	1
N11	N11.HOG0007839	2	0	0	0	0	0	0	0	0	0	0	0	0	0	0
N11	N11.HOG0007840	1	1	1	1	1	1	1	1	1	1	1	1	2	0	0
N11	N11.HOG0007841	0	0	1	1	1	1	1	1	1	1	1	1	1	1	2
N11	N11.HOG0007842	0	73	0	0	0	0	0	0	0	0	0	0	0	0	0
N11	N11.HOG0007843	1	1	1	1	1	1	1	1	1	1	1	1	1	1	1
N11	N11.HOG0007844	1	1	1	1	1	1	1	1	1	1	1	1	1	1	1
N11	N11.HOG0007845	1	1	1	1	1	1	1	1	1	1	1	1	1	1	1
N11	N11.HOG0007846	1	1	1	1	1	1	1	1	1	1	1	1	1	1	1
N11	N11.HOG0007847	1	1	1	1	1	1	1	1	1	1	1	1	1	1	1
N11	N11.HOG0007848	1	0	1	1	1	1	1	1	1	1	1	1	1	1	2
N11	N11.HOG0007849	0	1	1	1	1	1	1	1	1	1	1	1	1	1	1
N11	N11.HOG0007850	1	1	1	1	1	2	1	1	1	1	1	1	1	1	1
N11	N11.HOG0007851	1	1	0	1	1	0	1	1	1	1	1	2	1	1	0
N11	N11.HOG0007852	1	1	1	1	1	1	1	1	1	1	1	1	1	1	1
N11	N11.HOG0007853	1	1	1	1	1	1	1	1	1	1	1	1	1	1	1
N11	N11.HOG0007854	1	1	1	1	1	1	1	1	1	1	1	1	1	1	1
N11	N11.HOG0007855	1	1	1	1	1	1	1	1	1	1	1	1	1	1	1
N11	N11.HOG0007856	1	1	1	1	1	1	1	1	1	1	1	1	1	1	1
N11	N11.HOG0007857	0	1	1	1	1	1	1	1	1	1	1	1	1	1	1
N11	N11.HOG0007858	1	1	1	1	1	1	1	1	1	1	1	1	1	1	1
N11	N11.HOG0007859	1	1	1	1	1	1	1	1	1	1	1	1	1	1	1
N11	N11.HOG0007860	1	1	1	1	1	1	1	1	1	1	1	1	1	1	1
N11	N11.HOG0007861	1	2	1	1	1	1	1	1	1	1	1	1	1	1	1
N11	N11.HOG0007862	1	1	1	1	1	1	1	1	1	1	1	1	1	1	1
N11	N11.HOG0007863	1	2	1	1	1	1	1	1	1	1	1	1	0	1	1
N11	N11.HOG0007864	1	2	1	1	1	1	1	1	1	1	1	1	1	1	1
N11	N11.HOG0007865	1	1	1	1	1	1	1	0	1	1	1	0	1	1	1
N11	N11.HOG0007866	1	1	1	1	1	1	1	1	1	1	1	1	1	1	1
N11	N11.HOG0007867	0	1	1	1	1	1	1	1	1	1	1	1	1	1	1
N11	N11.HOG0007868	1	1	1	1	1	1	1	1	1	1	1	1	1	1	1
N11	N11.HOG0007869	1	1	1	1	2	1	1	1	1	1	1	1	1	1	1
N11	N11.HOG0007870	1	1	1	1	1	1	1	1	1	1	1	1	0	1	1
N11	N11.HOG0007871	1	1	1	1	1	1	1	1	1	1	1	1	1	1	1
N11	N11.HOG0007872	1	1	1	1	1	1	1	1	1	1	1	1	1	1	1
N11	N11.HOG0007873	1	1	1	1	1	1	1	1	1	1	1	1	1	1	1
N11	N11.HOG0007874	1	1	1	1	1	1	1	1	1	1	1	1	1	1	1
N11	N11.HOG0007875	1	1	1	1	1	1	1	1	1	1	1	1	1	1	1
N11	N11.HOG0007876	0	1	1	1	1	1	1	1	1	1	1	1	1	1	1
N11	N11.HOG0007877	1	1	1	1	1	1	1	1	1	1	2	1	0	1	1
N11	N11.HOG0007878	1	1	1	1	1	1	1	1	1	1	1	1	1	1	1
N11	N11.HOG0007879	1	0	1	1	1	1	1	1	1	1	1	1	1	1	1
N11	N11.HOG0007880	1	1	1	1	2	1	1	1	1	1	1	1	1	1	1
N11	N11.HOG0007881	1	1	1	1	1	1	1	1	1	1	1	1	1	1	1
N11	N11.HOG0007882	1	1	1	1	1	1	1	1	1	1	1	1	1	1	1
N11	N11.HOG0007883	1	1	1	1	1	1	1	1	1	1	1	1	1	1	1
N11	N11.HOG0007884	1	1	1	1	1	1	1	1	1	1	1	1	1	1	1
N11	N11.HOG0007885	1	1	1	1	1	1	1	1	1	1	1	1	1	1	1
N11	N11.HOG0007886	1	1	1	1	1	1	1	1	1	1	1	1	1	1	1
N11	N11.HOG0007887	1	1	1	1	1	1	1	1	1	1	1	1	1	1	1
N11	N11.HOG0007888	1	1	1	1	1	1	1	1	1	1	1	1	1	1	1
N11	N11.HOG0007889	1	1	1	1	1	1	1	1	1	1	1	1	1	1	1
N11	N11.HOG0007890	1	1	1	1	1	1	1	1	1	1	1	1	1	1	1
N11	N11.HOG0007891	1	1	1	1	1	1	1	1	1	1	1	1	1	1	1
N11	N11.HOG0007892	1	1	1	1	1	1	1	1	1	1	1	1	1	1	1
N11	N11.HOG0007893	1	1	1	1	1	1	1	1	1	1	1	1	1	1	1
N11	N11.HOG0007894	1	1	1	1	1	1	1	1	1	1	1	1	1	1	1
N11	N11.HOG0007895	1	1	1	1	1	1	1	1	1	1	1	1	1	1	1
N11	N11.HOG0007896	1	1	1	1	1	1	1	1	1	1	1	1	1	1	1
N11	N11.HOG0007897	1	1	1	1	1	1	1	1	1	1	1	1	1	1	1
N11	N11.HOG0007898	0	1	1	1	1	1	1	1	1	1	1	1	1	1	1
N11	N11.HOG0007899	1	1	1	1	1	1	1	1	1	1	1	1	1	1	1
N11	N11.HOG0007900	1	1	1	1	1	1	1	1	1	1	1	1	1	1	1
N11	N11.HOG0007901	1	1	1	1	1	1	1	1	1	1	1	1	1	1	1
N11	N11.HOG0007902	1	1	1	0	1	1	1	1	1	1	1	1	1	1	1
N11	N11.HOG0007903	1	2	1	1	1	1	1	1	1	1	1	1	1	1	1
N11	N11.HOG0007904	1	1	1	1	1	1	1	1	1	1	1	1	1	1	1
N11	N11.HOG0007905	1	1	1	1	1	1	1	1	1	1	1	1	1	1	1
N11	N11.HOG0007906	1	1	1	1	1	1	1	1	1	1	1	1	1	1	1
N11	N11.HOG0007907	1	1	1	1	1	1	1	1	1	1	1	1	1	1	1
N11	N11.HOG0007908	1	1	1	1	1	1	1	1	1	1	1	1	1	1	1
N11	N11.HOG0007909	1	1	1	1	1	1	1	1	1	1	1	1	1	1	1
N11	N11.HOG0007910	1	1	1	1	1	1	1	1	1	1	1	1	1	1	1
N11	N11.HOG0007911	1	1	1	1	0	1	1	1	1	1	1	1	1	1	1
N11	N11.HOG0007912	1	1	1	1	1	1	1	1	1	1	1	1	1	1	1
N11	N11.HOG0007913	1	1	1	1	1	1	1	1	1	1	1	1	1	1	1
N11	N11.HOG0007914	1	1	1	1	1	1	1	1	1	1	1	1	0	1	1
N11	N11.HOG0007915	1	1	1	1	0	1	1	1	1	1	1	1	1	1	1
N11	N11.HOG0007916	1	1	1	1	1	1	1	1	1	1	1	1	1	1	1
N11	N11.HOG0007917	0	1	1	1	1	1	2	1	1	1	1	1	1	1	1
N11	N11.HOG0007918	1	1	1	1	1	1	1	1	1	1	1	1	1	1	1
N11	N11.HOG0007919	1	1	1	1	1	1	1	1	1	1	1	1	1	1	0
N11	N11.HOG0007920	1	1	1	1	1	1	2	1	1	1	1	1	1	1	1
N11	N11.HOG0007921	1	1	1	1	1	1	2	1	1	1	1	1	1	1	1
N11	N11.HOG0007922	1	1	1	1	1	1	1	1	1	1	1	1	1	1	2
N11	N11.HOG0007923	1	1	1	1	1	1	1	1	1	1	1	1	1	2	2
N11	N11.HOG0007924	0	0	1	1	1	0	1	1	1	1	1	1	1	1	1
N11	N11.HOG0007925	1	1	1	1	1	1	1	1	1	1	1	1	1	1	1
N11	N11.HOG0007926	1	1	1	1	1	1	1	1	1	1	1	1	1	1	1
N11	N11.HOG0007927	1	2	1	1	1	1	1	1	1	1	1	1	1	1	1
N11	N11.HOG0007928	1	1	1	1	1	1	1	1	1	1	1	1	1	1	1
N11	N11.HOG0007929	1	1	1	1	1	1	1	1	1	1	1	1	1	1	1
N11	N11.HOG0007930	1	1	1	1	1	1	1	1	1	1	1	1	1	1	1
N11	N11.HOG0007931	1	1	1	1	1	1	1	1	1	1	1	1	1	1	1
N11	N11.HOG0007932	1	2	1	1	1	1	2	1	1	1	1	1	1	1	1
N11	N11.HOG0007933	1	1	1	1	1	1	1	1	1	1	1	1	1	1	1
N11	N11.HOG0007934	1	1	1	1	1	1	1	1	1	1	1	1	1	1	1
N11	N11.HOG0007935	1	1	1	1	1	1	1	1	1	1	1	1	1	1	1
N11	N11.HOG0007936	1	1	1	1	1	1	0	1	1	1	1	1	1	1	1
N11	N11.HOG0007937	1	1	1	1	1	1	1	1	1	1	1	1	1	1	1
N11	N11.HOG0007938	1	1	1	1	1	1	1	1	1	1	1	0	1	1	1
N11	N11.HOG0007939	1	1	1	1	1	1	1	1	1	1	1	1	1	1	1
N11	N11.HOG0007940	1	1	1	1	1	1	1	1	1	1	1	1	1	1	1
N11	N11.HOG0007941	1	1	1	1	1	1	1	1	1	1	1	1	1	1	1
N11	N11.HOG0007942	1	1	1	1	0	1	1	1	1	1	1	1	1	1	1
N11	N11.HOG0007943	1	1	1	1	1	1	1	1	1	1	1	1	1	1	1
N11	N11.HOG0007944	1	1	1	1	1	1	1	1	1	1	1	1	1	1	1
N11	N11.HOG0007945	1	2	1	1	2	1	1	1	1	1	1	1	1	1	1
N11	N11.HOG0007946	1	1	1	1	1	1	1	1	1	1	1	1	0	1	1
N11	N11.HOG0007947	1	1	1	1	1	1	1	1	1	1	1	1	1	1	1
N11	N11.HOG0007948	1	1	1	1	1	1	1	1	1	1	1	1	1	1	1
N11	N11.HOG0007949	1	1	1	1	1	1	1	1	1	1	1	1	1	1	1
N11	N11.HOG0007950	1	1	1	1	1	1	1	1	1	1	1	1	1	1	1
N11	N11.HOG0007951	1	1	1	1	1	1	1	1	1	1	1	1	1	1	1
N11	N11.HOG0007952	1	1	1	1	1	1	1	1	1	1	1	1	1	1	1
N11	N11.HOG0007953	0	0	1	1	2	1	1	1	1	1	1	1	1	1	1
N11	N11.HOG0007954	1	1	1	1	1	1	1	1	1	1	1	1	1	1	0
N11	N11.HOG0007955	1	2	1	1	1	1	1	1	1	1	1	1	1	1	1
N11	N11.HOG0007956	1	1	1	1	1	1	1	1	1	1	1	1	1	1	1
N11	N11.HOG0007957	1	1	1	1	1	1	1	1	1	1	1	1	1	1	1
N11	N11.HOG0007958	0	1	1	1	1	1	1	1	1	1	1	1	1	1	1
N11	N11.HOG0007959	1	1	1	1	1	1	1	1	1	1	1	1	1	1	1
N11	N11.HOG0007960	1	1	1	1	1	1	1	1	1	1	1	1	1	1	1
N11	N11.HOG0007961	1	1	1	1	1	1	1	1	1	1	1	1	1	1	1
N11	N11.HOG0007962	1	1	1	1	0	1	1	1	1	1	1	1	1	1	1
N11	N11.HOG0007963	0	0	1	0	0	0	0	0	0	0	0	0	0	0	0
N11	N11.HOG0007964	1	1	1	1	1	1	1	1	1	1	1	0	1	1	1
N11	N11.HOG0007965	1	1	1	1	1	1	1	1	2	1	1	1	1	1	1
N11	N11.HOG0007966	1	1	1	1	1	1	1	1	1	1	1	1	1	1	1
N11	N11.HOG0007967	2	1	1	1	1	1	1	1	1	1	1	1	0	1	1
N11	N11.HOG0007968	1	1	1	1	0	1	1	1	1	1	1	1	1	1	1
N11	N11.HOG0007969	0	0	0	1	0	0	0	0	0	0	0	0	0	0	0
N11	N11.HOG0007970	1	1	1	1	2	1	1	1	1	1	1	1	1	1	1
N11	N11.HOG0007971	1	1	1	1	1	1	1	1	1	1	1	1	1	1	1
N11	N11.HOG0007972	1	1	1	1	1	1	1	1	1	1	1	1	1	1	1
N11	N11.HOG0007973	1	1	1	1	1	1	1	1	1	1	1	1	1	1	1
N11	N11.HOG0007974	1	1	1	1	1	1	1	1	1	1	1	1	1	1	1
N11	N11.HOG0007975	1	1	1	1	1	1	1	1	1	1	1	1	1	1	1
N11	N11.HOG0007976	1	1	1	1	1	1	1	1	1	1	1	1	1	1	1
N11	N11.HOG0007977	1	1	1	1	1	1	1	1	1	1	1	1	1	1	1
N11	N11.HOG0007978	1	1	1	1	1	1	1	1	1	1	1	1	1	1	1
N11	N11.HOG0007979	1	2	1	1	1	1	1	1	1	1	1	1	1	1	1
N11	N11.HOG0007980	1	1	1	1	1	1	1	1	1	1	1	1	1	1	1
N11	N11.HOG0007981	1	2	1	1	0	1	1	1	1	1	1	1	1	1	1
N11	N11.HOG0007982	1	1	1	1	1	1	1	1	1	1	1	1	1	1	1
N11	N11.HOG0007983	1	1	1	1	2	1	1	1	1	1	1	1	0	1	1
N11	N11.HOG0007984	1	1	1	1	1	1	1	1	1	1	1	1	1	1	1
N11	N11.HOG0007985	1	1	1	1	1	1	1	1	1	1	1	1	1	1	1
N11	N11.HOG0007986	1	1	1	1	1	1	1	1	1	1	1	1	1	1	0
N11	N11.HOG0007987	1	1	1	1	1	1	1	1	1	1	1	1	1	1	1
N11	N11.HOG0007988	1	1	1	1	1	1	1	1	1	1	1	1	1	1	1
N11	N11.HOG0007989	1	1	1	1	1	1	1	1	1	1	1	1	1	1	1
N11	N11.HOG0007990	1	1	1	1	1	1	1	1	1	1	1	1	1	1	1
N11	N11.HOG0007991	1	0	1	1	1	1	1	1	1	1	1	1	1	1	1
N11	N11.HOG0007992	1	1	1	1	1	1	1	1	1	1	1	1	1	1	1
N11	N11.HOG0007993	1	1	1	1	1	1	1	1	1	1	1	1	1	1	1
N11	N11.HOG0007994	1	1	1	1	1	1	1	1	1	1	1	1	1	1	1
N11	N11.HOG0007995	1	1	1	1	1	1	1	1	1	1	1	1	1	1	1
N11	N11.HOG0007996	1	1	1	1	1	1	1	1	1	1	1	1	1	0	1
N11	N11.HOG0007997	1	1	1	1	1	1	1	1	1	1	1	1	1	1	1
N11	N11.HOG0007998	0	1	1	1	1	1	1	1	1	1	1	1	2	1	1
N11	N11.HOG0007999	1	1	1	1	1	1	1	1	1	1	1	1	1	1	1
N11	N11.HOG0008000	1	1	1	1	1	1	1	1	1	1	1	1	1	1	1
N11	N11.HOG0008001	1	1	1	1	1	1	1	1	1	1	1	1	1	1	1
N11	N11.HOG0008002	1	1	1	1	1	1	1	1	1	1	1	1	1	2	1
N11	N11.HOG0008003	1	1	1	1	1	1	1	1	1	1	1	1	1	1	1
N11	N11.HOG0008004	1	1	1	1	1	1	1	1	1	1	1	1	1	1	1
N11	N11.HOG0008005	1	1	1	1	1	1	1	1	1	1	1	1	1	1	1
N11	N11.HOG0008006	1	1	1	1	1	1	1	1	1	1	1	1	1	1	1
N11	N11.HOG0008007	1	1	1	1	1	1	1	1	1	1	1	1	1	1	1
N11	N11.HOG0008008	1	1	1	1	1	1	1	1	1	1	1	1	1	1	1
N11	N11.HOG0008009	1	1	1	1	1	1	1	1	1	1	1	1	1	1	1
N11	N11.HOG0008010	1	1	1	1	1	1	1	1	1	1	1	1	1	1	1
N11	N11.HOG0008011	1	1	1	1	1	1	1	1	1	1	1	1	1	1	1
N11	N11.HOG0008012	1	1	1	1	1	1	1	1	1	1	1	1	1	1	1
N11	N11.HOG0008013	1	1	1	1	1	1	1	1	1	1	1	1	1	1	1
N11	N11.HOG0008014	1	1	1	1	1	1	1	1	1	1	1	1	1	1	1
N11	N11.HOG0008015	1	1	1	1	1	1	1	1	1	1	1	1	1	2	1
N11	N11.HOG0008016	1	1	1	1	0	1	1	1	1	1	1	1	1	1	1
N11	N11.HOG0008017	1	1	1	1	1	1	1	1	1	1	1	1	1	1	1
N11	N11.HOG0008018	1	1	1	1	1	1	1	1	1	1	1	1	1	1	1
N11	N11.HOG0008019	1	1	1	1	1	1	1	1	1	1	1	1	1	1	1
N11	N11.HOG0008020	1	1	1	1	1	1	1	1	1	1	1	1	1	1	1
N11	N11.HOG0008021	1	1	1	1	1	1	1	1	1	1	1	1	1	1	1
N11	N11.HOG0008022	1	1	1	1	1	1	1	1	1	1	1	1	1	1	1
N11	N11.HOG0008023	1	1	1	1	1	1	1	1	1	1	1	1	1	1	1
N11	N11.HOG0008024	1	1	1	1	1	1	1	1	1	1	1	1	1	1	1
N11	N11.HOG0008025	1	1	1	1	1	1	1	1	1	1	1	1	1	1	1
N11	N11.HOG0008026	1	1	1	1	1	1	1	1	1	1	1	1	1	1	1
N11	N11.HOG0008027	1	1	1	1	1	1	1	1	1	1	1	1	1	1	1
N11	N11.HOG0008028	1	1	1	1	1	1	1	1	1	1	1	1	1	1	1
N11	N11.HOG0008029	1	1	1	1	1	1	1	1	1	1	1	1	1	1	1
N11	N11.HOG0008030	1	1	1	1	1	1	0	1	1	1	1	1	1	1	1
N11	N11.HOG0008031	1	1	1	1	1	1	1	1	1	1	1	1	1	1	1
N11	N11.HOG0008032	1	0	1	1	1	1	1	1	1	1	1	1	1	1	1
N11	N11.HOG0008033	1	1	1	1	1	1	1	1	1	1	1	1	1	1	1
N11	N11.HOG0008034	1	2	1	1	1	1	1	1	1	1	1	1	1	1	1
N11	N11.HOG0008035	1	1	1	1	1	1	1	1	1	1	1	1	1	1	1
N11	N11.HOG0008036	1	2	1	1	1	1	1	1	1	1	1	1	1	1	1
N11	N11.HOG0008037	1	1	1	1	1	1	1	1	1	1	1	1	1	1	1
N11	N11.HOG0008038	1	1	1	1	1	1	1	1	1	1	1	1	1	1	1
N11	N11.HOG0008039	1	1	1	1	1	1	1	1	1	1	1	1	1	1	1
N11	N11.HOG0008040	1	1	1	1	1	1	1	1	1	1	1	1	1	1	2
N11	N11.HOG0008041	1	1	1	1	2	1	1	1	1	1	1	1	1	1	1
N11	N11.HOG0008042	1	1	1	1	2	1	1	1	1	1	1	1	1	1	1
N11	N11.HOG0008043	1	1	1	1	1	1	1	1	1	1	1	1	1	1	1
N11	N11.HOG0008044	1	1	1	1	1	1	1	1	1	1	0	1	1	1	1
N11	N11.HOG0008045	1	1	1	1	1	1	1	1	1	1	1	1	1	1	1
N11	N11.HOG0008046	0	1	1	1	1	1	1	1	1	1	1	1	1	3	1
N11	N11.HOG0008047	1	1	1	1	1	1	1	1	1	1	1	1	1	1	1
N11	N11.HOG0008048	1	1	1	1	1	1	1	1	1	1	1	1	1	1	1
N11	N11.HOG0008049	1	1	1	1	1	1	1	1	1	1	1	1	1	1	1
N11	N11.HOG0008050	1	1	1	1	1	1	1	1	1	1	1	0	1	1	1
N11	N11.HOG0008051	1	1	1	1	1	1	1	1	1	1	1	1	1	1	1
N11	N11.HOG0008052	1	1	1	1	1	1	1	1	1	1	1	1	1	1	1
N11	N11.HOG0008053	1	1	1	1	1	1	1	1	1	1	1	1	1	1	1
N11	N11.HOG0008054	1	1	1	1	1	1	1	1	1	1	1	1	1	1	1
N11	N11.HOG0008055	1	1	1	1	1	1	1	1	1	1	1	1	1	1	1
N11	N11.HOG0008056	1	1	1	1	1	1	1	1	1	1	1	1	1	1	1
N11	N11.HOG0008057	1	1	1	1	1	1	1	1	1	1	1	1	1	1	1
N11	N11.HOG0008058	1	1	1	1	1	1	1	1	1	1	1	1	1	1	1
N11	N11.HOG0008059	1	1	1	1	1	1	1	1	1	1	1	1	1	1	1
N11	N11.HOG0008060	1	1	1	1	1	1	1	1	1	1	1	1	1	1	1
N11	N11.HOG0008061	1	1	1	1	1	1	1	1	1	1	1	1	1	1	1
N11	N11.HOG0008062	1	1	1	1	1	1	1	1	1	1	1	1	1	1	1
N11	N11.HOG0008063	1	1	1	1	1	1	1	1	1	1	1	1	1	1	1
N11	N11.HOG0008064	1	1	1	1	0	1	1	1	1	1	1	1	1	1	1
N11	N11.HOG0008065	0	1	1	1	1	1	1	1	1	1	1	1	1	1	1
N11	N11.HOG0008066	1	1	1	1	1	1	1	1	1	1	1	1	1	1	1
N11	N11.HOG0008067	1	1	1	1	1	1	1	1	1	1	1	1	1	1	1
N11	N11.HOG0008068	1	0	1	1	1	1	1	1	1	1	1	1	1	1	1
N11	N11.HOG0008069	1	1	1	1	1	1	1	1	1	1	1	1	1	1	1
N11	N11.HOG0008070	1	1	1	1	1	1	1	1	1	1	1	1	1	1	1
N11	N11.HOG0008071	1	1	1	1	1	1	1	1	1	1	1	1	1	1	1
N11	N11.HOG0008072	1	1	1	1	1	1	1	1	1	1	1	1	1	1	1
N11	N11.HOG0008073	1	1	1	1	1	1	1	1	1	1	1	1	1	1	1
N11	N11.HOG0008074	1	1	1	1	1	1	1	1	1	1	1	1	1	1	1
N11	N11.HOG0008075	1	1	1	1	1	1	1	1	1	1	1	1	1	1	1
N11	N11.HOG0008076	1	1	1	1	1	1	1	1	1	1	1	1	1	1	1
N11	N11.HOG0008077	1	1	1	1	1	1	1	1	1	1	1	1	1	1	1
N11	N11.HOG0008078	1	1	1	1	1	1	1	1	1	1	1	1	1	1	1
N11	N11.HOG0008079	1	1	1	1	1	1	1	1	1	1	1	1	1	1	1
N11	N11.HOG0008080	1	1	1	1	1	1	1	1	1	1	1	1	1	1	1
N11	N11.HOG0008081	1	1	1	1	1	1	1	1	1	1	1	1	1	1	1
N11	N11.HOG0008082	1	1	1	1	1	1	1	1	1	1	1	1	1	1	1
N11	N11.HOG0008083	1	2	1	1	1	1	1	1	1	1	1	1	1	1	1
N11	N11.HOG0008084	1	1	1	1	1	1	1	1	1	1	1	1	1	1	1
N11	N11.HOG0008085	1	1	1	1	1	1	1	1	1	1	1	1	1	1	1
N11	N11.HOG0008086	1	1	1	1	1	1	1	1	1	1	1	1	1	1	1
N11	N11.HOG0008087	1	1	1	1	1	1	1	1	1	1	1	1	1	1	1
N11	N11.HOG0008088	1	1	1	1	1	1	1	1	1	1	1	1	1	1	1
N11	N11.HOG0008089	1	2	1	1	1	1	1	1	1	1	1	1	1	1	1
N11	N11.HOG0008090	1	1	1	1	1	1	1	1	1	1	1	1	1	1	1
N11	N11.HOG0008091	1	1	1	1	1	1	1	1	1	1	1	1	1	1	1
N11	N11.HOG0008092	1	1	1	1	1	1	1	1	1	1	1	1	1	1	1
N11	N11.HOG0008093	1	1	1	1	0	1	1	1	1	1	1	1	1	1	1
N11	N11.HOG0008094	1	0	1	1	1	1	1	1	1	1	1	2	1	1	1
N11	N11.HOG0008095	0	0	1	1	1	1	1	1	1	1	2	1	1	1	1
N11	N11.HOG0008096	0	1	1	1	1	1	1	1	1	1	1	1	1	1	1
N11	N11.HOG0008097	1	1	1	1	1	1	1	1	1	1	1	1	1	1	1
N11	N11.HOG0008098	1	1	1	1	1	1	1	1	1	1	1	1	1	1	1
N11	N11.HOG0008099	1	1	1	1	1	1	1	1	1	1	1	1	1	1	1
N11	N11.HOG0008100	1	2	1	1	1	1	1	1	1	1	1	1	1	1	1
N11	N11.HOG0008101	1	1	1	1	1	1	1	1	1	1	1	1	1	1	2
N11	N11.HOG0008102	1	1	1	1	1	1	1	1	1	1	1	1	1	1	1
N11	N11.HOG0008103	1	1	1	1	1	1	1	1	1	1	1	1	1	1	1
N11	N11.HOG0008104	1	0	1	1	1	1	1	1	1	1	1	1	1	1	1
N11	N11.HOG0008105	1	1	1	1	1	1	1	1	1	1	1	1	1	1	1
N11	N11.HOG0008106	1	1	1	1	1	1	1	1	1	1	1	1	1	1	1
N11	N11.HOG0008107	1	1	1	1	1	1	1	1	1	1	1	1	1	1	1
N11	N11.HOG0008108	1	0	1	1	1	1	1	1	1	1	1	1	1	1	1
N11	N11.HOG0008109	1	1	1	1	1	1	1	1	1	1	1	1	1	1	1
N11	N11.HOG0008110	1	1	1	1	1	1	1	1	1	1	1	1	1	1	1
N11	N11.HOG0008111	1	1	1	1	1	1	1	1	1	1	1	1	1	1	1
N11	N11.HOG0008112	1	1	1	1	1	1	1	1	1	1	1	1	1	1	1
N11	N11.HOG0008113	1	1	1	1	1	1	1	1	1	1	1	1	1	1	1
N11	N11.HOG0008114	1	1	1	1	1	1	1	1	1	1	1	1	1	1	1
N11	N11.HOG0008115	1	1	1	1	1	1	1	1	1	1	1	1	1	1	1
N11	N11.HOG0008116	1	1	1	1	1	1	1	1	1	1	1	1	1	1	1
N11	N11.HOG0008117	1	1	1	1	1	1	1	1	1	1	1	1	1	1	1
N11	N11.HOG0008118	1	1	1	1	0	1	1	1	1	1	1	1	1	2	2
N11	N11.HOG0008119	1	2	1	1	1	1	1	1	1	1	1	1	1	1	1
N11	N11.HOG0008120	1	1	1	1	1	1	1	1	1	1	1	1	1	1	1
N11	N11.HOG0008121	0	1	1	0	3	1	1	1	1	1	1	1	1	1	1
N11	N11.HOG0008122	1	1	1	1	1	1	1	1	1	1	1	1	1	1	1
N11	N11.HOG0008123	1	1	1	1	1	1	1	1	1	1	1	1	1	1	1
N11	N11.HOG0008124	1	0	1	1	1	1	1	1	1	1	1	1	1	1	1
N11	N11.HOG0008125	1	0	1	1	2	1	2	1	1	1	1	1	1	1	1
N11	N11.HOG0008126	1	1	1	1	1	1	1	1	1	1	1	1	1	1	1
N11	N11.HOG0008127	0	1	1	1	1	1	1	1	1	1	1	1	1	1	1
N11	N11.HOG0008128	1	1	1	1	1	1	1	1	1	1	1	1	1	1	1
N11	N11.HOG0008129	1	1	1	1	1	1	1	1	1	1	1	1	1	1	1
N11	N11.HOG0008130	1	1	1	1	1	1	1	1	1	1	1	1	1	1	1
N11	N11.HOG0008131	1	1	1	1	1	1	1	1	1	1	1	1	1	1	1
N11	N11.HOG0008132	0	1	0	0	0	0	0	0	0	0	0	0	0	0	0
N11	N11.HOG0008133	1	2	1	1	1	1	1	1	1	1	1	1	1	1	1
N11	N11.HOG0008134	1	1	1	1	1	1	1	1	1	1	1	1	1	1	1
N11	N11.HOG0008135	1	1	1	1	1	1	1	1	1	1	1	1	1	1	1
N11	N11.HOG0008136	1	1	1	1	1	1	1	1	1	1	1	1	1	1	1
N11	N11.HOG0008137	1	1	1	1	1	1	1	1	1	1	1	1	1	1	1
N11	N11.HOG0008138	1	1	1	1	1	1	1	1	1	1	1	1	1	1	1
N11	N11.HOG0008139	1	1	1	1	1	1	1	1	1	1	1	1	1	1	1
N11	N11.HOG0008140	1	1	1	1	1	1	1	1	1	1	1	1	1	1	1
N11	N11.HOG0008141	1	1	1	1	1	1	1	1	1	1	1	1	1	1	1
N11	N11.HOG0008142	1	1	1	1	1	1	1	1	1	1	1	1	1	1	1
N11	N11.HOG0008143	0	1	1	1	1	1	1	1	1	1	1	1	1	1	1
N11	N11.HOG0008144	1	0	1	1	1	1	1	1	1	1	1	1	1	1	1
N11	N11.HOG0008145	1	1	1	1	1	1	1	1	1	1	1	1	1	1	1
N11	N11.HOG0008146	1	1	1	1	1	1	1	1	1	1	1	1	0	1	1
N11	N11.HOG0008147	1	1	1	1	1	1	1	1	1	1	1	1	1	1	1
N11	N11.HOG0008148	1	1	1	1	1	1	1	1	1	1	1	1	1	1	1
N11	N11.HOG0008149	1	1	0	1	1	1	1	1	1	1	1	1	1	1	1
N11	N11.HOG0008150	1	1	1	1	1	1	1	1	1	1	1	1	1	1	1
N11	N11.HOG0008151	2	1	1	1	1	1	1	1	1	1	1	1	1	1	1
N11	N11.HOG0008152	1	1	1	1	1	1	1	1	1	1	1	1	1	1	1
N11	N11.HOG0008153	1	1	1	1	1	1	1	1	1	1	1	1	1	1	1
N11	N11.HOG0008154	1	1	1	1	1	1	2	1	1	1	1	1	1	1	1
N11	N11.HOG0008155	1	1	1	1	1	1	1	1	1	1	1	1	1	1	1
N11	N11.HOG0008156	1	1	1	1	1	1	1	1	1	1	1	1	1	1	1
N11	N11.HOG0008157	1	1	1	1	1	1	1	1	1	1	1	1	0	1	1
N11	N11.HOG0008158	1	1	1	1	1	1	1	1	1	1	1	1	1	1	1
N11	N11.HOG0008159	1	1	1	1	1	1	1	1	1	1	1	1	1	1	1
N11	N11.HOG0008160	1	1	1	1	1	1	1	1	1	1	1	1	1	1	1
N11	N11.HOG0008161	1	1	1	1	1	1	1	1	1	1	1	1	1	1	1
N11	N11.HOG0008162	1	1	1	1	1	1	1	1	1	1	1	1	1	1	1
N11	N11.HOG0008163	1	1	1	1	1	1	1	1	1	1	1	1	1	1	1
N11	N11.HOG0008164	1	1	1	1	1	1	1	1	1	1	1	1	1	1	1
N11	N11.HOG0008165	1	1	1	1	1	1	1	1	1	1	1	1	1	1	1
N11	N11.HOG0008166	1	1	1	1	1	1	1	1	1	1	1	1	1	1	1
N11	N11.HOG0008167	1	1	1	1	1	1	1	1	1	1	1	1	1	1	1
N11	N11.HOG0008168	1	2	1	1	1	1	1	1	1	1	1	1	1	1	1
N11	N11.HOG0008169	1	1	1	1	1	1	1	1	1	1	1	1	1	1	1
N11	N11.HOG0008170	1	1	1	1	1	1	1	1	1	1	1	1	1	1	1
N11	N11.HOG0008171	1	1	1	1	1	1	1	1	1	1	1	1	1	1	1
N11	N11.HOG0008172	1	1	1	1	1	1	1	1	1	1	1	1	1	1	1
N11	N11.HOG0008173	1	1	1	1	1	1	1	1	1	1	1	1	1	1	1
N11	N11.HOG0008174	1	1	1	1	1	1	1	1	1	1	1	1	1	1	1
N11	N11.HOG0008175	1	1	1	1	1	1	1	1	1	1	1	1	1	1	1
N11	N11.HOG0008176	1	1	1	1	1	1	1	1	1	1	1	1	1	1	1
N11	N11.HOG0008177	1	1	1	1	1	1	1	1	1	1	1	1	1	1	1
N11	N11.HOG0008178	2	1	1	1	1	1	2	2	1	1	1	1	1	1	1
N11	N11.HOG0008179	1	1	1	1	1	1	1	1	1	1	1	1	1	1	2
N11	N11.HOG0008180	1	1	1	1	1	1	1	1	1	1	1	1	1	1	1
N11	N11.HOG0008181	1	1	1	1	1	1	1	1	1	1	1	1	1	1	1
N11	N11.HOG0008182	1	1	1	1	1	1	1	1	1	1	1	1	1	1	1
N11	N11.HOG0008183	1	1	1	1	1	1	1	1	1	1	1	1	1	1	1
N11	N11.HOG0008184	1	1	1	1	1	1	1	1	1	1	1	1	1	1	1
N11	N11.HOG0008185	1	1	1	1	1	1	1	1	1	1	1	1	1	1	1
N11	N11.HOG0008186	1	2	1	1	1	1	1	1	1	1	1	1	1	0	1
N11	N11.HOG0008187	1	1	1	1	1	1	1	1	1	1	1	1	1	1	1
N11	N11.HOG0008188	1	1	1	1	1	1	1	1	1	1	1	1	1	1	1
N11	N11.HOG0008189	1	1	1	1	1	1	1	1	1	1	1	1	1	1	1
N11	N11.HOG0008190	1	1	1	1	1	1	1	1	1	1	1	1	1	1	1
N11	N11.HOG0008191	1	1	1	1	1	1	1	1	1	1	1	1	1	1	1
N11	N11.HOG0008192	1	2	1	1	1	1	1	1	1	1	1	1	1	1	1
N11	N11.HOG0008193	1	0	1	1	1	1	1	1	1	1	1	1	1	1	1
N11	N11.HOG0008194	1	1	1	1	1	1	1	1	1	1	1	1	1	1	1
N11	N11.HOG0008195	1	1	1	1	1	1	1	1	1	1	1	1	1	1	1
N11	N11.HOG0008196	1	1	1	1	1	1	1	1	1	1	1	1	1	1	1
N11	N11.HOG0008197	1	1	1	1	1	1	1	1	1	1	1	1	1	1	1
N11	N11.HOG0008198	1	1	1	1	1	1	1	1	1	1	1	1	1	1	1
N11	N11.HOG0008199	1	1	1	1	1	1	1	1	1	1	1	1	1	1	1
N11	N11.HOG0008200	1	1	1	1	1	1	1	1	1	1	1	1	1	1	1
N11	N11.HOG0008201	1	1	1	1	1	1	1	1	1	1	1	1	1	1	1
N11	N11.HOG0008202	1	1	1	1	1	2	1	1	1	1	1	1	1	1	1
N11	N11.HOG0008203	1	1	1	1	1	1	1	1	1	1	1	1	1	1	1
N11	N11.HOG0008204	0	1	1	1	1	1	1	1	1	1	1	1	1	1	2
N11	N11.HOG0008205	1	1	1	1	1	1	1	1	1	1	1	1	1	1	1
N11	N11.HOG0008206	1	1	1	1	1	1	1	1	1	1	1	1	1	1	1
N11	N11.HOG0008207	1	1	1	1	1	1	1	1	1	1	1	1	1	1	1
N11	N11.HOG0008208	1	1	1	1	1	1	1	1	1	1	1	1	1	1	1
N11	N11.HOG0008209	1	1	1	1	1	1	1	1	1	1	1	1	1	1	1
N11	N11.HOG0008210	1	1	1	1	1	1	1	1	1	1	1	1	1	1	1
N11	N11.HOG0008211	1	1	1	1	1	1	1	1	1	1	1	1	1	1	1
N11	N11.HOG0008212	0	1	1	1	1	1	1	1	1	1	1	1	1	1	1
N11	N11.HOG0008213	1	0	1	1	1	1	1	1	1	1	1	1	1	1	1
N11	N11.HOG0008214	1	2	1	1	0	1	1	1	1	1	1	1	1	1	1
N11	N11.HOG0008215	1	1	1	1	1	1	1	1	1	1	1	1	1	1	1
N11	N11.HOG0008216	1	1	1	1	1	1	1	1	1	1	1	1	1	1	1
N11	N11.HOG0008217	1	1	1	1	1	1	1	1	1	1	1	1	1	1	1
N11	N11.HOG0008218	1	1	1	1	1	1	1	1	1	1	0	1	1	1	1
N11	N11.HOG0008219	1	1	1	1	1	1	1	1	1	1	1	1	1	1	1
N11	N11.HOG0008220	1	1	1	1	1	1	1	1	1	1	1	1	1	1	1
N11	N11.HOG0008221	1	1	1	1	1	1	1	1	1	1	1	1	1	1	1
N11	N11.HOG0008222	1	1	1	1	1	1	1	1	1	1	1	1	1	1	1
N11	N11.HOG0008223	1	1	1	1	1	1	1	1	1	1	1	1	1	1	1
N11	N11.HOG0008224	1	1	1	1	1	1	1	1	1	1	1	1	1	1	1
N11	N11.HOG0008225	1	1	1	1	1	1	1	1	1	1	1	1	1	1	1
N11	N11.HOG0008226	1	1	1	1	1	1	1	1	1	1	1	1	1	1	1
N11	N11.HOG0008227	1	1	1	1	1	1	1	1	1	1	1	1	1	1	1
N11	N11.HOG0008228	1	1	1	1	1	1	1	1	1	1	1	0	1	1	1
N11	N11.HOG0008229	1	1	1	1	1	1	1	1	1	1	1	1	1	1	1
N11	N11.HOG0008230	1	1	1	1	1	1	1	1	1	1	1	1	0	1	1
N11	N11.HOG0008231	1	1	1	1	1	1	1	1	1	1	1	1	0	1	1
N11	N11.HOG0008232	1	1	1	1	1	1	1	1	1	1	1	1	1	1	1
N11	N11.HOG0008233	1	1	1	1	1	1	1	1	1	1	1	1	1	1	1
N11	N11.HOG0008234	1	1	1	1	1	1	1	1	1	1	1	1	1	1	1
N11	N11.HOG0008235	1	1	1	1	1	1	1	1	1	1	1	1	1	1	1
N11	N11.HOG0008236	1	1	1	1	1	1	1	1	1	1	1	1	1	1	1
N11	N11.HOG0008237	1	1	1	1	1	1	1	1	1	1	1	1	1	1	1
N11	N11.HOG0008238	1	1	1	1	1	1	1	1	1	1	1	1	1	1	1
N11	N11.HOG0008239	1	1	1	1	1	1	1	1	1	1	1	1	1	1	1
N11	N11.HOG0008240	1	1	1	1	1	1	1	1	1	1	1	1	1	1	1
N11	N11.HOG0008241	1	0	1	1	1	1	1	1	1	1	1	1	1	1	2
N11	N11.HOG0008242	1	1	1	1	1	1	1	1	1	1	1	1	1	1	1
N11	N11.HOG0008243	1	1	1	1	1	1	1	1	1	1	1	1	1	1	1
N11	N11.HOG0008244	1	1	1	1	1	1	1	1	1	1	1	1	1	1	1
N11	N11.HOG0008245	1	1	1	1	1	1	1	1	1	1	1	1	1	1	1
N11	N11.HOG0008246	1	1	1	1	1	1	1	1	1	1	1	1	1	1	1
N11	N11.HOG0008247	1	1	1	1	1	1	1	1	1	1	1	1	1	1	1
N11	N11.HOG0008248	1	1	1	1	1	1	1	1	1	1	1	1	1	1	1
N11	N11.HOG0008249	1	1	1	1	1	1	1	1	1	1	1	1	1	1	1
N11	N11.HOG0008250	0	1	1	1	1	1	1	1	1	1	1	1	1	1	1
N11	N11.HOG0008251	1	1	1	1	1	1	1	1	1	1	1	1	1	1	1
N11	N11.HOG0008252	1	1	1	1	1	1	1	1	1	1	1	1	2	1	1
N11	N11.HOG0008253	1	2	1	1	0	1	1	1	1	1	1	1	1	1	1
N11	N11.HOG0008254	1	1	1	1	1	1	1	1	1	1	1	1	1	1	1
N11	N11.HOG0008255	1	1	1	1	1	1	1	1	1	1	1	1	0	1	1
N11	N11.HOG0008256	1	1	1	1	1	1	1	1	1	1	1	1	1	1	1
N11	N11.HOG0008257	1	1	1	1	1	1	1	1	1	1	1	1	1	1	1
N11	N11.HOG0008258	1	1	1	1	1	1	1	1	1	1	1	1	1	1	1
N11	N11.HOG0008259	1	2	1	1	1	1	1	1	1	1	1	1	1	1	1
N11	N11.HOG0008260	0	1	1	1	1	1	1	1	1	1	1	1	1	1	1
N11	N11.HOG0008261	1	1	1	1	1	1	1	1	1	1	1	1	1	1	1
N11	N11.HOG0008262	1	1	1	1	1	1	1	1	1	1	1	1	1	1	1
N11	N11.HOG0008263	1	1	1	1	1	1	1	1	1	1	1	1	1	1	1
N11	N11.HOG0008264	1	1	1	1	1	1	1	1	1	1	1	1	1	1	1
N11	N11.HOG0008265	1	1	1	1	1	1	1	1	1	1	1	1	1	1	1
N11	N11.HOG0008266	1	1	1	1	1	1	1	1	1	1	1	1	1	1	1
N11	N11.HOG0008267	1	1	1	1	1	2	1	1	1	1	1	1	1	1	1
N11	N11.HOG0008268	1	1	1	1	1	1	1	1	1	1	1	1	1	1	1
N11	N11.HOG0008269	1	1	1	2	1	1	1	1	1	1	1	1	1	1	1
N11	N11.HOG0008270	1	1	1	1	2	1	1	1	1	1	1	1	1	1	1
N11	N11.HOG0008271	1	1	1	1	0	1	1	1	1	1	1	1	1	1	1
N11	N11.HOG0008272	1	1	1	1	1	2	1	1	1	1	1	1	1	1	1
N11	N11.HOG0008273	1	1	1	1	1	1	1	1	1	1	1	1	1	1	1
N11	N11.HOG0008274	1	1	1	1	1	1	1	1	1	1	0	1	1	1	1
N11	N11.HOG0008275	1	1	1	1	1	1	1	1	1	1	0	1	1	1	1
N11	N11.HOG0008276	1	1	1	1	1	1	1	1	1	1	1	1	1	1	1
N11	N11.HOG0008277	1	1	1	1	1	1	1	1	1	1	1	1	1	1	1
N11	N11.HOG0008278	0	1	1	1	1	1	1	1	1	1	1	1	1	1	1
N11	N11.HOG0008279	3	1	1	1	1	1	1	1	1	1	1	1	1	1	1
N11	N11.HOG0008280	1	1	1	1	1	1	1	1	1	1	1	1	1	1	1
N11	N11.HOG0008281	1	1	1	1	1	1	1	1	1	1	1	1	1	1	1
N11	N11.HOG0008282	1	1	1	1	1	1	1	1	1	1	1	1	1	1	1
N11	N11.HOG0008283	1	1	1	1	1	1	0	1	1	1	1	1	1	1	1
N11	N11.HOG0008284	1	2	1	1	1	1	1	1	1	1	1	1	1	1	1
N11	N11.HOG0008285	0	1	1	1	1	1	1	1	1	1	1	1	1	1	1
N11	N11.HOG0008286	1	1	1	1	1	1	1	1	1	1	1	1	1	1	1
N11	N11.HOG0008287	1	1	1	1	1	1	1	1	1	1	1	1	1	1	1
N11	N11.HOG0008288	1	1	1	1	1	1	1	1	1	1	1	1	1	1	1
N11	N11.HOG0008289	1	1	1	1	1	1	1	1	1	1	1	0	1	1	1
N11	N11.HOG0008290	1	1	1	1	1	1	1	1	1	1	1	1	1	1	1
N11	N11.HOG0008291	1	1	1	1	1	1	1	1	1	1	1	1	1	1	1
N11	N11.HOG0008292	2	1	1	1	1	1	1	1	1	1	1	1	1	1	1
N11	N11.HOG0008293	1	1	1	1	1	1	1	1	1	1	1	1	1	1	1
N11	N11.HOG0008294	1	1	1	1	1	1	1	1	1	1	1	1	1	1	1
N11	N11.HOG0008295	0	1	1	1	1	1	1	1	1	1	1	1	1	1	1
N11	N11.HOG0008296	1	1	1	1	0	1	1	1	1	1	1	1	1	1	1
N11	N11.HOG0008297	1	1	1	1	1	1	1	1	1	1	1	1	1	1	1
N11	N11.HOG0008298	1	1	1	1	1	1	1	1	1	1	1	1	1	1	1
N11	N11.HOG0008299	1	1	1	1	1	1	1	1	1	1	1	1	1	1	1
N11	N11.HOG0008300	1	0	1	1	1	1	1	1	1	1	1	1	1	1	1
N11	N11.HOG0008301	1	0	1	1	1	1	1	1	1	1	1	1	1	1	1
N11	N11.HOG0008302	1	1	1	1	1	1	1	1	1	1	1	1	1	1	1
N11	N11.HOG0008303	1	0	1	1	1	1	1	1	1	1	1	1	1	1	1
N11	N11.HOG0008304	0	2	1	1	1	1	1	1	1	1	1	1	1	1	1
N11	N11.HOG0008305	1	1	1	1	1	1	1	1	1	1	1	1	1	1	1
N11	N11.HOG0008306	1	1	1	1	1	1	1	1	1	1	1	1	1	1	1
N11	N11.HOG0008307	1	1	1	1	1	1	1	1	1	1	1	1	1	1	1
N11	N11.HOG0008308	1	1	1	1	1	1	1	1	1	1	1	1	1	1	1
N11	N11.HOG0008309	1	1	1	1	1	1	1	1	1	1	1	1	1	1	1
N11	N11.HOG0008310	1	1	1	1	1	1	1	1	1	1	1	1	1	1	1
N11	N11.HOG0008311	1	1	1	1	1	1	1	1	1	1	1	1	1	1	1
N11	N11.HOG0008312	1	1	1	1	1	1	1	1	1	1	1	1	1	1	1
N11	N11.HOG0008313	1	1	1	1	0	1	1	1	1	1	1	1	1	1	1
N11	N11.HOG0008314	0	1	1	1	1	1	1	1	1	1	1	1	1	1	1
N11	N11.HOG0008315	1	1	1	1	1	1	1	1	1	1	1	1	1	1	1
N11	N11.HOG0008316	1	1	1	1	1	1	1	1	1	1	1	1	1	1	1
N11	N11.HOG0008317	1	1	1	1	1	1	1	1	1	1	1	1	1	1	1
N11	N11.HOG0008318	1	0	1	1	1	1	1	1	1	1	1	1	1	1	1
N11	N11.HOG0008319	1	1	1	1	1	1	1	1	1	1	1	1	1	1	1
N11	N11.HOG0008320	1	1	1	1	1	1	1	1	1	1	1	1	1	1	1
N11	N11.HOG0008321	1	1	1	1	0	1	1	1	1	1	1	1	1	1	1
N11	N11.HOG0008322	1	1	1	1	1	1	1	1	1	1	1	1	1	1	1
N11	N11.HOG0008323	0	1	1	1	1	1	1	1	1	1	1	1	1	1	1
N11	N11.HOG0008324	1	1	1	1	1	1	1	1	1	1	1	1	1	1	1
N11	N11.HOG0008325	1	1	1	1	1	1	1	1	1	1	1	1	1	1	1
N11	N11.HOG0008326	1	1	1	1	1	1	1	1	1	1	1	1	1	1	1
N11	N11.HOG0008327	1	1	1	1	1	1	1	1	1	1	1	1	1	1	1
N11	N11.HOG0008328	1	1	1	1	2	1	1	1	1	1	1	1	1	1	1
N11	N11.HOG0008329	1	1	1	1	1	1	1	1	1	1	1	1	1	1	1
N11	N11.HOG0008330	0	1	1	1	1	1	1	1	1	1	1	1	1	1	1
N11	N11.HOG0008331	1	1	1	1	1	1	1	1	1	1	1	1	1	1	1
N11	N11.HOG0008332	1	1	1	1	1	1	1	1	1	1	1	1	1	1	1
N11	N11.HOG0008333	1	1	1	1	1	1	1	1	1	1	1	2	1	1	1
N11	N11.HOG0008334	1	1	1	1	1	1	1	1	1	1	1	1	1	1	1
N11	N11.HOG0008335	1	1	1	1	1	1	1	1	1	1	1	1	1	1	1
N11	N11.HOG0008336	1	1	1	1	1	1	1	1	1	1	1	1	1	1	1
N11	N11.HOG0008337	1	1	1	1	1	1	1	1	1	1	1	1	1	1	1
N11	N11.HOG0008338	1	1	1	1	1	1	1	1	1	1	1	1	1	1	1
N11	N11.HOG0008339	1	1	1	1	1	1	1	1	1	1	1	1	1	1	1
N11	N11.HOG0008340	1	1	1	1	1	1	1	1	1	1	1	1	1	1	1
N11	N11.HOG0008341	0	1	1	1	1	1	1	1	1	1	1	1	1	1	1
N11	N11.HOG0008342	1	1	1	1	1	1	1	1	1	1	1	1	1	1	1
N11	N11.HOG0008343	1	1	1	1	1	1	1	1	1	1	1	1	1	1	1
N11	N11.HOG0008344	1	1	1	1	1	1	1	1	1	1	1	1	1	1	1
N11	N11.HOG0008345	1	1	1	1	1	1	1	1	1	1	1	1	1	1	1
N11	N11.HOG0008346	1	1	1	1	1	1	1	1	1	1	1	1	1	1	1
N11	N11.HOG0008347	1	1	1	1	1	1	1	1	1	1	1	1	1	1	1
N11	N11.HOG0008348	1	1	1	1	1	1	1	1	1	1	1	1	1	1	1
N11	N11.HOG0008349	1	1	1	1	1	1	1	1	1	1	1	1	1	1	1
N11	N11.HOG0008350	0	1	1	1	1	1	1	1	1	1	1	1	1	1	1
N11	N11.HOG0008351	1	1	1	1	1	1	1	1	1	1	1	1	1	1	1
N11	N11.HOG0008352	1	1	1	1	1	1	1	1	1	1	1	1	1	1	0
N11	N11.HOG0008353	1	1	1	1	1	1	1	1	1	1	1	1	1	1	1
N11	N11.HOG0008354	1	1	1	1	1	1	1	1	1	1	1	1	1	1	1
N11	N11.HOG0008355	1	1	1	1	1	1	1	1	1	1	1	1	1	1	1
N11	N11.HOG0008356	1	1	1	1	1	1	1	1	1	1	1	1	1	1	1
N11	N11.HOG0008357	1	1	1	1	1	1	1	1	1	1	1	1	1	1	1
N11	N11.HOG0008358	1	1	1	1	1	1	1	1	1	1	1	1	1	1	1
N11	N11.HOG0008359	1	1	1	1	1	1	1	1	1	1	1	1	1	1	1
N11	N11.HOG0008360	1	1	1	1	2	1	1	1	1	1	1	1	1	1	1
N11	N11.HOG0008361	1	1	1	1	1	1	2	1	1	1	1	1	1	1	1
N11	N11.HOG0008362	1	1	1	1	1	1	1	1	1	1	1	1	1	1	1
N11	N11.HOG0008363	1	1	1	1	1	1	1	1	1	1	1	1	1	1	1
N11	N11.HOG0008364	1	1	1	1	1	1	1	1	1	1	1	1	1	1	1
N11	N11.HOG0008365	1	1	1	1	1	1	1	1	1	1	1	1	1	1	1
N11	N11.HOG0008366	1	1	1	1	1	1	1	1	1	1	1	1	1	1	1
N11	N11.HOG0008367	1	1	1	1	1	1	1	1	1	1	1	1	1	1	1
N11	N11.HOG0008368	1	1	1	1	1	1	1	1	1	1	1	1	1	1	1
N11	N11.HOG0008369	1	1	1	1	1	1	1	1	1	1	1	1	1	1	1
N11	N11.HOG0008370	1	1	1	1	1	1	1	1	1	1	1	1	1	1	1
N11	N11.HOG0008371	1	1	1	1	1	1	1	1	1	1	1	1	1	1	1
N11	N11.HOG0008372	1	1	1	1	1	1	1	1	1	1	1	1	1	1	1
N11	N11.HOG0008373	1	1	1	1	1	1	1	1	1	1	1	1	1	1	1
N11	N11.HOG0008374	1	1	1	1	1	1	1	1	1	1	1	1	1	1	1
N11	N11.HOG0008375	1	1	1	1	1	1	1	1	1	1	1	1	1	1	1
N11	N11.HOG0008376	1	1	1	1	1	1	1	1	1	1	1	1	1	1	1
N11	N11.HOG0008377	0	1	1	1	1	1	1	1	1	1	1	1	1	1	1
N11	N11.HOG0008378	1	1	1	1	1	1	1	1	1	1	1	1	1	1	1
N11	N11.HOG0008379	1	2	1	1	1	1	1	1	1	1	1	1	1	1	1
N11	N11.HOG0008380	0	1	1	1	1	1	1	1	1	1	1	1	1	1	1
N11	N11.HOG0008381	0	1	1	1	1	1	1	1	1	1	1	1	1	1	1
N11	N11.HOG0008382	1	1	1	1	1	1	1	1	1	1	1	1	1	1	1
N11	N11.HOG0008383	1	1	1	1	1	1	1	1	1	1	1	1	1	1	1
N11	N11.HOG0008384	1	2	1	1	1	1	1	1	1	1	1	1	1	1	1
N11	N11.HOG0008385	1	1	1	1	1	1	1	1	1	1	1	1	1	1	1
N11	N11.HOG0008386	1	1	1	1	1	1	1	1	1	1	1	1	1	1	1
N11	N11.HOG0008387	1	1	1	1	1	1	1	1	1	1	1	1	1	1	1
N11	N11.HOG0008388	1	1	1	1	1	1	1	1	1	1	1	1	0	1	1
N11	N11.HOG0008389	1	1	1	1	1	1	1	1	1	1	1	1	1	1	1
N11	N11.HOG0008390	1	0	1	1	1	1	0	1	1	1	1	1	1	1	1
N11	N11.HOG0008391	1	1	1	1	1	1	1	1	1	1	1	1	1	1	1
N11	N11.HOG0008392	1	1	1	1	1	1	1	1	1	1	1	1	1	1	1
N11	N11.HOG0008393	1	1	1	1	1	1	1	1	1	1	1	1	1	1	1
N11	N11.HOG0008394	1	1	1	1	1	1	1	1	1	1	1	1	2	1	1
N11	N11.HOG0008395	1	1	1	1	1	1	1	1	1	1	1	1	1	1	1
N11	N11.HOG0008396	0	1	1	1	1	1	1	1	1	1	1	1	1	1	1
N11	N11.HOG0008397	0	1	1	1	1	1	1	1	1	1	1	1	1	1	1
N11	N11.HOG0008398	1	1	1	1	1	1	1	1	1	1	1	1	1	1	1
N11	N11.HOG0008399	1	1	1	1	1	1	1	1	1	1	1	1	1	1	1
N11	N11.HOG0008400	1	2	1	1	1	1	1	1	1	1	1	1	1	1	1
N11	N11.HOG0008401	1	1	1	1	1	1	1	1	1	1	1	1	1	1	1
N11	N11.HOG0008402	1	1	1	1	1	1	1	1	1	1	1	1	1	1	1
N11	N11.HOG0008403	1	1	1	1	1	1	1	1	1	1	1	1	3	1	1
N11	N11.HOG0008404	0	1	1	1	1	1	1	1	1	1	1	1	1	1	1
N11	N11.HOG0008405	0	1	1	1	1	1	1	1	1	1	1	1	1	1	1
N11	N11.HOG0008406	1	1	1	1	1	1	1	1	1	1	1	1	1	1	1
N11	N11.HOG0008407	1	1	1	1	1	1	1	1	1	1	1	1	1	1	1
N11	N11.HOG0008408	1	1	1	1	1	1	1	1	1	1	1	1	1	1	1
N11	N11.HOG0008409	1	1	1	1	1	1	1	1	1	1	1	1	1	1	1
N11	N11.HOG0008410	1	1	1	1	1	1	1	1	1	1	1	1	1	1	1
N11	N11.HOG0008411	1	1	1	1	1	1	1	1	1	1	1	1	2	1	1
N11	N11.HOG0008412	1	1	1	1	1	1	1	1	1	1	1	1	1	1	1
N11	N11.HOG0008413	1	2	1	1	1	1	1	1	1	1	1	1	1	1	1
N11	N11.HOG0008414	1	1	1	1	1	1	1	1	1	1	1	1	1	1	1
N11	N11.HOG0008415	1	1	1	1	1	1	1	1	1	1	1	1	1	1	1
N11	N11.HOG0008416	1	1	1	1	1	1	1	1	1	1	1	1	1	1	1
N11	N11.HOG0008417	1	1	1	1	1	1	1	1	1	1	1	1	1	1	1
N11	N11.HOG0008418	1	1	1	1	1	1	1	1	1	1	1	1	1	1	1
N11	N11.HOG0008419	1	1	1	1	1	1	1	1	1	1	1	1	1	1	1
N11	N11.HOG0008420	1	0	1	1	1	1	1	1	1	1	1	1	2	1	1
N11	N11.HOG0008421	1	1	1	1	1	1	1	1	1	1	1	1	1	1	1
N11	N11.HOG0008422	1	1	1	1	1	1	1	1	1	1	1	1	1	1	1
N11	N11.HOG0008423	1	1	1	1	1	1	1	1	1	1	1	1	1	1	1
N11	N11.HOG0008424	2	0	1	1	1	0	1	1	1	1	1	1	1	1	1
N11	N11.HOG0008425	1	1	1	1	1	1	1	1	1	1	1	1	0	1	1
N11	N11.HOG0008426	2	1	1	1	1	1	1	1	1	1	1	1	0	1	1
N11	N11.HOG0008427	1	1	1	1	1	1	1	1	1	1	1	1	0	1	1
N11	N11.HOG0008428	1	1	1	1	1	1	1	1	1	1	1	1	1	1	1
N11	N11.HOG0008429	1	1	1	1	1	1	1	1	1	1	1	1	1	1	1
N11	N11.HOG0008430	1	1	1	1	1	1	1	1	1	1	1	1	1	1	1
N11	N11.HOG0008431	1	1	1	1	1	1	1	1	1	1	1	1	1	1	1
N11	N11.HOG0008432	1	1	1	1	1	1	1	1	1	1	1	1	1	1	1
N11	N11.HOG0008433	1	1	1	1	1	1	1	1	1	1	1	1	1	1	1
N11	N11.HOG0008434	1	1	1	1	1	2	1	1	1	1	1	1	1	1	1
N11	N11.HOG0008435	1	1	1	1	1	1	1	1	1	1	1	1	1	1	1
N11	N11.HOG0008436	1	1	1	1	1	1	1	1	1	1	1	1	1	1	1
N11	N11.HOG0008437	1	1	1	1	1	1	1	1	1	1	1	1	1	1	1
N11	N11.HOG0008438	0	1	1	1	1	1	1	1	1	1	1	1	1	1	1
N11	N11.HOG0008439	1	1	1	1	1	1	1	1	1	1	1	1	1	1	1
N11	N11.HOG0008440	1	1	1	1	1	1	1	0	0	1	1	1	1	1	1
N11	N11.HOG0008441	1	0	1	1	0	1	1	1	1	1	1	1	1	1	1
N11	N11.HOG0008442	0	1	1	1	1	1	1	1	1	1	1	1	1	1	1
N11	N11.HOG0008443	1	1	1	1	1	1	1	1	1	1	1	1	1	1	1
N11	N11.HOG0008444	0	1	1	1	0	1	1	1	1	1	1	1	1	1	1
N11	N11.HOG0008445	0	2	1	1	1	1	1	1	1	1	1	1	1	1	1
N11	N11.HOG0008446	1	1	1	1	1	1	1	1	1	1	1	1	1	1	1
N11	N11.HOG0008447	1	1	1	1	1	1	1	1	1	1	1	1	1	1	1
N11	N11.HOG0008448	2	1	1	1	1	1	1	1	1	1	1	1	1	1	1
N11	N11.HOG0008449	1	1	1	1	1	1	1	1	1	1	1	1	1	1	1
N11	N11.HOG0008450	0	1	1	1	1	1	1	1	1	1	1	1	1	1	1
N11	N11.HOG0008451	1	1	1	1	1	1	1	1	1	1	1	1	1	1	1
N11	N11.HOG0008452	1	1	1	1	1	1	1	1	1	1	1	1	1	1	1
N11	N11.HOG0008453	1	1	1	1	1	1	1	1	1	1	1	1	1	1	1
N11	N11.HOG0008454	1	1	1	1	1	1	1	1	1	1	1	1	1	1	1
N11	N11.HOG0008455	1	1	1	1	1	1	1	1	1	1	1	0	1	1	1
N11	N11.HOG0008456	1	1	1	1	1	1	1	1	1	1	1	1	1	1	1
N11	N11.HOG0008457	1	1	1	1	1	1	1	1	1	1	1	1	1	1	1
N11	N11.HOG0008458	1	1	1	1	1	1	1	1	1	1	1	1	1	1	1
N11	N11.HOG0008459	1	1	1	1	1	1	1	1	1	1	1	1	1	1	1
N11	N11.HOG0008460	1	1	1	1	1	1	1	1	1	1	1	1	1	1	1
N11	N11.HOG0008461	1	2	1	1	1	1	1	1	1	1	1	1	1	1	1
N11	N11.HOG0008462	1	1	1	1	1	1	1	1	1	1	1	1	1	1	1
N11	N11.HOG0008463	0	0	1	1	1	1	1	1	1	1	1	1	1	1	1
N11	N11.HOG0008464	1	1	1	1	1	1	1	1	1	1	1	1	1	1	1
N11	N11.HOG0008465	1	2	1	1	1	1	1	1	1	1	1	1	0	1	1
N11	N11.HOG0008466	1	2	1	1	0	1	1	1	1	1	1	1	1	1	1
N11	N11.HOG0008467	1	1	1	1	1	1	1	1	1	1	1	1	1	1	1
N11	N11.HOG0008468	1	1	1	1	1	1	1	1	1	1	1	1	1	1	1
N11	N11.HOG0008469	1	1	1	1	1	1	1	1	1	1	1	1	1	1	1
N11	N11.HOG0008470	1	1	1	1	1	1	1	1	1	1	1	1	1	1	1
N11	N11.HOG0008471	1	1	1	1	1	1	1	1	1	1	1	1	1	1	1
N11	N11.HOG0008472	1	1	1	1	1	1	2	1	1	1	1	1	1	1	1
N11	N11.HOG0008473	1	1	1	1	1	1	1	1	1	1	1	1	1	1	1
N11	N11.HOG0008474	1	1	1	1	1	1	1	1	1	1	1	1	1	1	1
N11	N11.HOG0008475	0	1	1	1	1	1	1	1	1	1	1	1	1	1	1
N11	N11.HOG0008476	1	1	1	1	1	1	1	1	1	1	1	1	1	1	1
N11	N11.HOG0008477	1	2	1	1	1	1	0	1	1	1	1	1	0	0	0
N11	N11.HOG0008478	1	1	1	1	1	1	1	1	1	1	1	1	1	1	1
N11	N11.HOG0008479	1	1	1	1	1	1	1	1	1	1	1	1	1	1	1
N11	N11.HOG0008480	1	1	1	1	1	1	1	1	1	1	1	1	1	1	2
N11	N11.HOG0008481	1	1	1	1	1	1	1	1	1	1	1	1	1	1	1
N11	N11.HOG0008482	1	0	1	1	1	1	2	1	1	1	1	1	1	1	1
N11	N11.HOG0008483	1	1	1	1	1	1	1	1	1	1	1	1	1	1	1
N11	N11.HOG0008484	1	1	1	1	1	1	1	1	1	1	1	1	1	1	1
N11	N11.HOG0008485	1	1	1	1	1	1	1	1	1	1	1	1	1	1	1
N11	N11.HOG0008486	1	1	1	1	1	1	1	1	1	1	1	1	1	1	1
N11	N11.HOG0008487	1	1	1	1	1	1	1	1	1	1	1	1	1	1	1
N11	N11.HOG0008488	1	1	1	1	1	1	1	1	1	1	1	1	1	1	1
N11	N11.HOG0008489	1	1	1	1	1	1	1	1	1	1	1	1	1	1	1
N11	N11.HOG0008490	1	0	2	1	1	1	1	1	1	1	1	1	1	1	1
N11	N11.HOG0008491	1	1	1	1	1	1	1	1	1	1	1	1	1	1	1
N11	N11.HOG0008492	1	1	1	1	1	1	1	1	1	1	1	1	1	1	1
N11	N11.HOG0008493	1	1	1	1	1	1	1	1	1	1	1	1	1	1	1
N11	N11.HOG0008494	1	1	1	1	1	1	1	1	1	1	1	1	1	1	1
N11	N11.HOG0008495	0	2	1	1	1	1	1	1	1	1	1	1	1	1	1
N11	N11.HOG0008496	1	1	1	1	1	1	1	1	1	1	1	1	1	1	1
N11	N11.HOG0008497	1	1	1	1	1	1	1	1	1	1	1	1	1	1	1
N11	N11.HOG0008498	1	1	1	1	1	1	1	1	1	1	1	1	1	1	1
N11	N11.HOG0008499	1	1	1	1	1	1	1	1	1	1	1	1	1	1	1
N11	N11.HOG0008500	1	2	1	1	1	1	1	1	1	1	1	1	1	1	1
N11	N11.HOG0008501	1	1	1	1	1	1	1	1	1	1	1	1	1	1	1
N11	N11.HOG0008502	1	1	1	1	1	1	1	1	1	1	1	1	1	1	1
N11	N11.HOG0008503	1	2	1	1	1	1	1	1	1	1	1	1	1	1	1
N11	N11.HOG0008504	0	1	1	1	1	1	1	1	1	1	1	1	1	1	1
N11	N11.HOG0008505	0	1	1	1	1	1	1	1	1	1	1	1	1	1	1
N11	N11.HOG0008506	1	1	1	1	1	1	1	1	1	1	1	1	1	1	1
N11	N11.HOG0008507	1	1	1	1	1	1	1	1	1	1	1	1	1	1	1
N11	N11.HOG0008508	1	1	1	1	1	1	1	1	1	1	1	1	1	1	1
N11	N11.HOG0008509	1	1	1	1	1	1	1	1	1	1	1	1	1	1	1
N11	N11.HOG0008510	1	1	1	1	1	1	1	1	1	1	1	1	1	1	1
N11	N11.HOG0008511	1	1	1	1	1	1	1	1	1	1	1	1	1	1	1
N11	N11.HOG0008512	1	2	1	0	1	1	1	1	1	1	1	1	1	1	1
N11	N11.HOG0008513	1	1	1	1	1	1	1	1	1	1	1	1	1	1	1
N11	N11.HOG0008514	0	1	1	1	1	1	1	1	1	1	1	1	1	1	1
N11	N11.HOG0008515	1	0	1	1	1	1	1	1	1	1	1	1	1	1	1
N11	N11.HOG0008516	1	1	1	1	1	1	1	1	1	1	1	1	1	1	1
N11	N11.HOG0008517	1	1	1	1	1	1	1	1	1	1	1	1	1	1	1
N11	N11.HOG0008518	1	1	1	1	1	1	1	1	1	1	1	1	1	1	1
N11	N11.HOG0008519	1	1	1	1	0	1	1	1	1	1	1	1	1	1	1
N11	N11.HOG0008520	1	1	1	1	1	1	1	1	1	1	1	1	1	1	1
N11	N11.HOG0008521	1	1	1	1	1	1	1	1	1	1	1	1	1	1	1
N11	N11.HOG0008522	1	1	1	1	1	1	1	1	1	1	1	1	1	1	1
N11	N11.HOG0008523	1	1	1	1	1	1	1	1	1	1	1	1	1	1	1
N11	N11.HOG0008524	1	1	1	1	1	1	1	1	1	1	1	1	1	1	1
N11	N11.HOG0008525	1	1	1	1	1	1	1	1	1	1	1	1	1	1	1
N11	N11.HOG0008526	1	1	1	1	1	1	1	1	1	1	1	1	1	1	1
N11	N11.HOG0008527	1	1	1	1	1	1	1	1	1	1	1	1	1	1	1
N11	N11.HOG0008528	1	1	1	1	1	1	1	1	1	1	1	1	1	1	1
N11	N11.HOG0008529	1	1	1	1	1	1	1	1	1	1	1	1	1	1	1
N11	N11.HOG0008530	1	1	1	1	1	1	1	1	1	1	1	1	1	1	1
N11	N11.HOG0008531	1	1	1	1	1	1	1	1	1	1	1	1	1	1	1
N11	N11.HOG0008532	1	3	1	1	1	1	1	1	1	1	1	1	1	1	1
N11	N11.HOG0008533	1	1	1	1	1	1	1	1	1	1	1	1	1	1	1
N11	N11.HOG0008534	0	1	1	1	1	1	1	1	1	1	1	1	1	2	1
N11	N11.HOG0008535	1	1	1	1	1	1	1	1	1	1	1	1	1	1	1
N11	N11.HOG0008536	1	1	1	1	1	1	1	1	1	1	1	1	1	1	1
N11	N11.HOG0008537	1	1	1	1	1	1	1	1	1	1	1	1	1	1	1
N11	N11.HOG0008538	1	1	1	1	1	1	1	1	1	1	1	1	1	1	1
N11	N11.HOG0008539	1	1	1	1	1	1	1	1	1	1	1	1	1	1	1
N11	N11.HOG0008540	1	1	1	1	1	1	1	1	1	1	1	1	1	1	1
N11	N11.HOG0008541	1	1	1	1	1	1	1	1	1	1	1	1	1	1	1
N11	N11.HOG0008542	1	1	1	1	1	1	1	1	1	1	1	1	1	1	1
N11	N11.HOG0008543	1	1	1	1	1	1	1	1	1	1	1	1	1	1	1
N11	N11.HOG0008544	1	0	1	1	1	1	1	1	1	1	1	1	1	1	1
N11	N11.HOG0008545	1	1	1	1	1	1	1	1	1	1	1	1	1	1	1
N11	N11.HOG0008546	1	1	1	1	1	1	1	1	1	1	1	1	1	1	1
N11	N11.HOG0008547	1	1	1	1	1	1	1	1	1	1	1	1	1	1	1
N11	N11.HOG0008548	1	1	1	1	1	1	1	1	1	1	1	1	1	1	1
N11	N11.HOG0008549	1	1	1	1	1	1	1	1	1	1	1	1	1	1	1
N11	N11.HOG0008550	1	1	1	1	1	1	1	1	1	1	1	1	1	1	1
N11	N11.HOG0008551	1	1	1	1	1	1	1	1	1	1	1	0	1	1	1
N11	N11.HOG0008552	1	1	1	1	1	1	1	1	1	1	1	1	1	1	1
N11	N11.HOG0008553	1	1	1	1	1	1	1	1	1	1	1	1	1	1	1
N11	N11.HOG0008554	1	1	1	1	1	1	1	1	1	1	1	1	1	1	1
N11	N11.HOG0008555	1	1	1	1	1	1	1	1	1	1	1	1	1	1	1
N11	N11.HOG0008556	1	1	1	1	1	1	1	1	1	1	1	1	1	1	1
N11	N11.HOG0008557	1	1	1	1	1	1	1	1	1	1	1	1	1	1	1
N11	N11.HOG0008558	1	1	1	1	1	1	1	1	1	1	1	1	1	1	1
N11	N11.HOG0008559	0	1	1	1	1	1	1	1	1	1	1	1	1	1	1
N11	N11.HOG0008560	1	1	1	1	1	1	1	1	1	1	1	1	1	1	1
N11	N11.HOG0008561	1	1	1	1	1	1	1	1	1	1	1	1	1	1	1
N11	N11.HOG0008562	1	1	1	1	1	1	1	1	1	1	1	1	1	1	1
N11	N11.HOG0008563	0	1	1	1	1	1	1	1	1	1	1	1	1	1	1
N11	N11.HOG0008564	1	1	1	1	1	1	1	1	1	1	1	1	1	1	1
N11	N11.HOG0008565	1	1	1	1	1	1	1	1	1	1	1	1	1	1	1
N11	N11.HOG0008566	1	1	1	1	1	1	1	1	1	1	1	1	1	1	1
N11	N11.HOG0008567	1	1	1	1	1	1	2	1	1	1	1	1	1	1	1
N11	N11.HOG0008568	1	1	1	1	1	1	1	1	1	1	1	1	1	1	1
N11	N11.HOG0008569	1	1	1	1	1	1	1	1	1	1	1	1	1	1	1
N11	N11.HOG0008570	1	2	1	1	1	1	1	1	1	1	1	1	1	1	1
N11	N11.HOG0008571	1	1	1	1	1	1	1	1	1	1	1	1	1	1	1
N11	N11.HOG0008572	1	1	1	1	1	1	1	1	1	1	1	1	1	1	1
N11	N11.HOG0008573	1	1	1	1	0	1	1	1	1	1	1	1	1	1	1
N11	N11.HOG0008574	1	1	1	1	1	1	1	1	1	1	1	1	1	1	1
N11	N11.HOG0008575	1	1	1	1	1	1	1	1	1	1	1	1	0	1	1
N11	N11.HOG0008576	1	0	1	1	1	1	0	1	1	1	1	1	1	2	1
N11	N11.HOG0008577	1	1	1	1	1	1	1	1	1	1	1	1	1	1	1
N11	N11.HOG0008578	1	1	2	1	1	1	1	1	1	1	1	1	1	1	1
N11	N11.HOG0008579	1	1	1	1	1	1	1	1	1	1	1	1	1	1	1
N11	N11.HOG0008580	1	1	1	1	1	1	1	1	1	1	1	1	1	1	1
N11	N11.HOG0008581	1	1	1	1	1	1	1	1	1	1	1	1	1	1	1
N11	N11.HOG0008582	1	1	1	1	1	1	1	1	1	1	1	1	1	1	1
N11	N11.HOG0008583	1	1	1	1	1	1	1	1	1	1	1	1	0	1	1
N11	N11.HOG0008584	1	1	1	1	1	1	1	1	1	1	1	1	1	1	1
N11	N11.HOG0008585	1	2	1	1	1	1	1	1	1	1	1	1	1	1	1
N11	N11.HOG0008586	1	1	1	1	1	1	1	1	1	1	1	1	1	1	1
N11	N11.HOG0008587	1	2	1	1	1	1	1	1	1	1	1	1	1	1	1
N11	N11.HOG0008588	1	1	1	1	1	1	1	1	1	1	1	1	1	1	1
N11	N11.HOG0008589	1	1	1	1	1	1	1	1	1	1	1	1	1	1	1
N11	N11.HOG0008590	1	1	1	1	1	1	1	1	1	1	1	1	1	1	1
N11	N11.HOG0008591	1	1	1	1	1	1	1	1	1	1	1	1	1	1	1
N11	N11.HOG0008592	1	1	1	1	1	1	1	1	1	1	1	1	1	1	1
N11	N11.HOG0008593	1	2	1	1	1	1	1	1	1	1	1	1	1	1	1
N11	N11.HOG0008594	1	1	1	1	1	1	1	1	1	1	1	1	1	1	1
N11	N11.HOG0008595	1	1	1	1	1	1	1	1	1	1	1	1	1	1	1
N11	N11.HOG0008596	2	1	1	1	1	1	1	1	1	1	1	1	1	1	1
N11	N11.HOG0008597	1	1	1	1	1	1	1	1	1	1	1	1	1	1	1
N11	N11.HOG0008598	1	2	1	1	1	1	1	1	1	1	1	1	0	1	1
N11	N11.HOG0008599	1	1	1	1	1	1	1	1	1	1	1	1	1	1	1
N11	N11.HOG0008600	1	1	1	1	1	1	1	1	1	1	1	1	1	1	1
N11	N11.HOG0008601	1	1	1	1	1	1	1	1	1	1	1	1	1	1	1
N11	N11.HOG0008602	1	1	1	1	1	1	1	1	1	1	1	1	1	1	1
N11	N11.HOG0008603	1	1	1	1	1	1	1	1	1	1	1	1	1	1	1
N11	N11.HOG0008604	1	1	1	1	1	1	1	1	1	1	1	1	1	1	1
N11	N11.HOG0008605	1	1	1	1	1	1	1	1	1	1	1	1	1	1	1
N11	N11.HOG0008606	1	2	1	1	1	1	1	1	1	1	1	1	1	1	1
N11	N11.HOG0008607	1	1	1	1	0	1	1	1	1	1	1	1	1	1	1
N11	N11.HOG0008608	1	1	1	1	1	1	1	1	1	1	1	1	1	1	1
N11	N11.HOG0008609	1	1	1	1	1	1	1	1	1	1	1	1	1	1	1
N11	N11.HOG0008610	1	1	1	1	1	1	1	1	1	1	1	1	1	1	1
N11	N11.HOG0008611	0	0	1	1	1	1	1	1	1	1	1	1	1	1	1
N11	N11.HOG0008612	1	1	1	1	1	1	1	1	1	1	1	1	1	1	1
N11	N11.HOG0008613	1	1	1	1	1	1	1	1	1	1	1	1	1	1	1
N11	N11.HOG0008614	1	1	1	1	1	1	1	1	1	1	1	1	1	1	1
N11	N11.HOG0008615	1	1	1	1	1	1	1	1	1	1	1	1	1	1	1
N11	N11.HOG0008616	2	2	1	1	1	1	1	1	1	1	1	1	1	1	1
N11	N11.HOG0008617	1	1	1	1	1	1	1	1	1	1	1	1	1	1	1
N11	N11.HOG0008618	1	1	1	1	1	1	1	1	1	1	1	1	1	1	1
N11	N11.HOG0008619	1	1	1	1	1	1	1	1	1	1	1	1	1	1	1
N11	N11.HOG0008620	1	1	1	1	1	1	1	1	1	1	1	1	1	1	1
N11	N11.HOG0008621	1	1	1	1	1	1	1	1	1	1	1	1	1	1	1
N11	N11.HOG0008622	1	1	1	1	1	1	1	1	1	1	1	1	0	1	1
N11	N11.HOG0008623	1	1	1	1	1	1	1	1	1	1	1	1	1	1	1
N11	N11.HOG0008624	1	1	1	1	1	1	1	1	1	1	1	1	1	1	1
N11	N11.HOG0008625	1	1	1	1	1	1	1	1	1	1	1	1	1	1	1
N11	N11.HOG0008626	1	1	1	1	1	1	1	1	1	1	1	1	1	1	1
N11	N11.HOG0008627	1	1	1	1	1	1	1	1	1	1	1	1	1	1	1
N11	N11.HOG0008628	1	1	1	1	1	1	1	1	1	1	1	1	1	1	1
N11	N11.HOG0008629	1	1	1	1	1	1	1	1	1	1	1	1	1	1	1
N11	N11.HOG0008630	1	1	1	1	1	1	1	1	1	1	1	1	1	1	1
N11	N11.HOG0008631	0	1	1	1	1	1	1	1	1	1	1	1	1	1	1
N11	N11.HOG0008632	1	1	1	1	1	1	1	1	1	1	1	1	1	1	1
N11	N11.HOG0008633	1	1	1	1	1	1	1	1	1	1	1	1	1	1	1
N11	N11.HOG0008634	1	1	1	1	1	1	1	1	1	1	1	1	1	1	1
N11	N11.HOG0008636	1	1	1	1	1	1	1	1	1	1	1	1	2	1	1
N11	N11.HOG0008637	1	2	1	1	1	1	1	1	1	1	1	1	1	1	1
N11	N11.HOG0008638	1	1	1	1	1	1	1	1	1	1	1	1	1	1	1
N11	N11.HOG0008639	1	1	1	1	1	1	1	1	1	1	1	1	1	1	1
N11	N11.HOG0008640	0	1	1	1	1	1	1	1	1	1	1	1	1	1	1
N11	N11.HOG0008641	1	1	1	1	1	1	1	1	1	1	1	1	1	1	1
N11	N11.HOG0008642	1	1	1	1	1	1	1	1	1	1	1	1	1	1	1
N11	N11.HOG0008643	1	1	1	1	1	1	1	1	1	1	1	1	1	1	1
N11	N11.HOG0008644	1	1	1	1	1	1	1	1	1	1	1	1	1	1	1
N11	N11.HOG0008645	1	1	1	1	0	1	1	1	1	1	1	1	1	1	1
N11	N11.HOG0008646	1	1	1	1	1	1	1	1	1	1	1	1	1	1	1
N11	N11.HOG0008647	1	1	1	1	1	1	1	1	1	1	1	1	1	1	1
N11	N11.HOG0008648	1	1	1	1	1	1	1	1	1	1	1	1	1	1	1
N11	N11.HOG0008649	1	1	1	1	1	1	1	1	1	1	1	1	1	1	1
N11	N11.HOG0008650	1	1	1	1	1	1	1	1	1	0	0	0	1	1	1
N11	N11.HOG0008651	1	1	1	1	1	1	1	1	1	1	1	1	1	1	1
N11	N11.HOG0008652	1	1	1	1	1	1	1	1	1	1	1	1	1	1	1
N11	N11.HOG0008653	1	1	1	1	1	1	1	1	1	1	1	1	1	1	1
N11	N11.HOG0008654	1	1	1	1	1	1	1	1	1	1	1	1	1	1	1
N11	N11.HOG0008655	1	1	1	1	1	1	1	1	1	1	1	1	1	1	1
N11	N11.HOG0008656	1	1	1	1	1	1	1	1	1	1	1	1	1	1	1
N11	N11.HOG0008657	1	1	1	1	1	1	1	1	1	1	1	1	1	1	1
N11	N11.HOG0008658	1	1	1	1	1	1	1	1	1	1	1	1	1	1	0
N11	N11.HOG0008659	1	1	1	1	1	1	1	1	1	1	1	1	1	1	1
N11	N11.HOG0008660	1	1	1	1	1	1	1	1	1	1	1	1	1	1	1
N11	N11.HOG0008661	1	2	1	1	1	1	1	1	1	1	1	1	1	1	1
N11	N11.HOG0008662	1	1	1	1	1	1	1	1	1	1	1	1	1	1	1
N11	N11.HOG0008663	1	1	1	1	1	1	1	1	1	1	1	1	1	1	1
N11	N11.HOG0008664	1	1	1	1	1	1	1	1	1	1	1	1	1	1	1
N11	N11.HOG0008665	1	1	1	1	1	1	1	1	1	1	1	1	1	1	1
N11	N11.HOG0008666	1	1	1	1	1	1	1	1	1	1	1	1	1	1	1
N11	N11.HOG0008667	1	1	1	1	1	1	1	1	1	1	1	1	1	1	1
N11	N11.HOG0008668	1	1	1	1	1	1	1	1	1	1	1	1	0	1	1
N11	N11.HOG0008669	1	1	1	1	1	1	1	1	1	1	1	1	1	1	1
N11	N11.HOG0008670	1	3	1	1	1	1	1	1	1	1	1	1	1	1	1
N11	N11.HOG0008671	0	1	1	1	1	1	1	1	1	1	1	1	1	1	1
N11	N11.HOG0008672	1	1	1	1	1	1	1	1	1	1	1	1	1	1	1
N11	N11.HOG0008673	1	1	1	1	1	1	1	1	1	1	1	1	1	1	2
N11	N11.HOG0008674	1	1	1	1	1	1	2	1	1	1	1	1	1	1	1
N11	N11.HOG0008675	1	1	1	1	1	1	1	1	1	1	1	1	1	1	1
N11	N11.HOG0008676	1	1	1	1	1	1	1	1	1	1	1	1	1	1	1
N11	N11.HOG0008677	1	1	1	1	1	1	1	1	1	1	1	1	1	1	1
N11	N11.HOG0008678	1	1	1	1	1	1	1	1	1	1	1	1	1	1	1
N11	N11.HOG0008679	1	1	1	1	0	1	1	1	1	1	1	1	1	1	1
N11	N11.HOG0008680	1	1	1	1	1	1	1	1	1	1	1	1	1	1	1
N11	N11.HOG0008681	1	1	1	1	1	1	1	1	1	1	1	1	1	1	1
N11	N11.HOG0008682	1	2	1	1	1	1	1	1	1	1	1	1	1	1	1
N11	N11.HOG0008683	1	0	1	1	1	1	1	1	1	1	1	1	1	1	1
N11	N11.HOG0008684	1	1	1	1	1	1	1	1	1	1	1	1	1	1	1
N11	N11.HOG0008685	1	1	1	1	1	1	1	1	1	1	1	1	0	1	1
N11	N11.HOG0008686	1	1	1	1	1	1	1	1	1	1	1	1	0	1	1
N11	N11.HOG0008687	1	1	1	1	1	1	1	1	1	1	1	1	1	1	1
N11	N11.HOG0008688	1	1	1	1	1	1	1	1	1	1	1	1	1	1	1
N11	N11.HOG0008689	1	1	1	1	1	1	1	1	1	1	1	1	1	1	1
N11	N11.HOG0008690	1	1	1	1	1	1	1	1	1	1	1	1	1	1	1
N11	N11.HOG0008691	1	1	1	1	1	1	1	1	1	1	1	1	1	1	1
N11	N11.HOG0008692	1	1	1	1	1	1	1	1	1	1	1	1	1	1	1
N11	N11.HOG0008693	1	1	1	1	1	1	1	1	1	1	1	1	1	1	1
N11	N11.HOG0008694	1	1	1	1	1	1	1	1	1	1	1	1	1	1	1
N11	N11.HOG0008695	0	1	1	1	1	1	1	1	1	1	1	1	1	1	1
N11	N11.HOG0008696	1	1	1	1	1	1	4	1	2	1	1	1	1	2	4
N11	N11.HOG0008697	1	1	1	1	1	1	1	1	1	1	1	1	1	1	1
N11	N11.HOG0008698	1	1	1	1	1	1	1	1	1	1	1	1	1	1	1
N11	N11.HOG0008699	1	1	1	1	1	1	1	1	1	1	1	1	1	1	1
N11	N11.HOG0008700	1	1	1	1	1	1	1	1	1	1	1	1	1	1	1
N11	N11.HOG0008701	1	1	1	1	1	1	1	1	1	1	1	1	1	1	1
N11	N11.HOG0008702	1	1	1	1	1	1	1	1	1	1	1	1	1	1	1
N11	N11.HOG0008703	1	1	1	1	1	1	1	1	1	1	1	1	1	1	1
N11	N11.HOG0008704	1	1	1	1	1	1	1	1	1	1	1	1	1	2	1
N11	N11.HOG0008705	1	1	1	1	1	1	1	1	1	1	1	1	1	1	1
N11	N11.HOG0008706	1	1	1	1	1	1	1	1	1	1	1	1	1	1	1
N11	N11.HOG0008707	1	1	1	1	1	1	1	1	1	1	1	1	1	1	1
N11	N11.HOG0008708	1	1	1	1	1	1	1	1	1	1	1	1	1	1	1
N11	N11.HOG0008709	1	1	1	1	1	1	1	1	1	1	1	1	1	1	1
N11	N11.HOG0008710	1	1	1	1	1	1	1	1	1	1	1	1	1	1	1
N11	N11.HOG0008711	1	1	1	1	1	1	1	1	1	1	1	1	1	1	1
N11	N11.HOG0008712	1	1	1	1	1	1	1	1	1	1	1	1	1	1	2
N11	N11.HOG0008713	1	1	1	1	1	1	1	1	1	1	1	1	1	1	1
N11	N11.HOG0008714	1	1	1	1	1	1	1	1	1	1	1	1	1	1	1
N11	N11.HOG0008715	1	1	1	1	1	1	1	1	1	1	1	1	1	1	1
N11	N11.HOG0008716	1	1	1	1	1	1	1	1	1	1	1	1	1	1	1
N11	N11.HOG0008717	1	1	1	1	1	1	1	1	1	1	1	1	1	1	0
N11	N11.HOG0008718	0	1	1	1	1	1	1	1	1	1	1	1	1	1	1
N11	N11.HOG0008719	1	1	1	1	1	1	1	1	1	1	1	1	1	1	1
N11	N11.HOG0008720	1	0	1	1	1	1	1	1	1	1	1	1	1	1	1
N11	N11.HOG0008721	1	1	1	1	1	1	1	1	1	1	1	1	1	1	1
N11	N11.HOG0008722	1	1	1	1	1	1	1	1	1	1	1	1	1	1	1
N11	N11.HOG0008723	1	1	1	1	1	1	1	1	1	1	1	1	1	1	1
N11	N11.HOG0008724	1	2	1	1	1	1	1	1	1	1	1	1	1	1	1
N11	N11.HOG0008725	0	0	1	1	1	1	1	1	1	1	1	1	1	1	1
N11	N11.HOG0008726	1	2	1	1	1	1	1	1	1	1	1	1	1	1	1
N11	N11.HOG0008727	1	1	1	1	1	1	1	1	1	1	1	1	1	1	1
N11	N11.HOG0008728	1	0	1	1	1	1	1	1	1	1	1	1	1	1	1
N11	N11.HOG0008729	1	1	1	1	1	1	1	1	1	1	1	1	1	1	1
N11	N11.HOG0008730	1	1	1	1	1	1	1	1	1	1	1	1	1	1	1
N11	N11.HOG0008731	1	1	1	1	1	1	1	1	1	1	1	1	1	1	1
N11	N11.HOG0008732	1	1	1	1	1	1	1	1	1	1	1	1	1	1	1
N11	N11.HOG0008733	1	0	1	1	1	1	1	1	1	1	1	1	1	1	1
N11	N11.HOG0008734	1	1	1	1	1	1	1	1	1	1	1	1	1	1	1
N11	N11.HOG0008735	1	1	1	1	1	1	1	1	1	1	1	1	1	1	1
N11	N11.HOG0008736	1	1	1	1	1	1	1	1	1	1	1	1	1	1	1
N11	N11.HOG0008737	1	1	1	1	1	1	1	1	1	1	1	1	1	1	1
N11	N11.HOG0008738	1	1	1	1	1	1	1	1	1	1	1	1	1	1	1
N11	N11.HOG0008739	1	1	1	1	1	1	1	1	1	1	1	1	1	1	1
N11	N11.HOG0008740	1	1	1	1	1	1	1	1	1	1	1	1	1	1	2
N11	N11.HOG0008741	2	1	1	1	1	1	1	1	1	1	1	1	1	1	1
N11	N11.HOG0008742	1	1	1	1	1	1	1	1	1	1	1	1	1	1	1
N11	N11.HOG0008743	1	1	1	1	1	1	1	1	1	1	1	1	1	1	1
N11	N11.HOG0008744	1	1	1	1	1	1	1	1	1	1	1	1	1	1	1
N11	N11.HOG0008745	1	1	1	1	1	1	1	1	1	1	1	1	1	1	1
N11	N11.HOG0008746	1	1	1	1	1	1	1	1	1	1	1	1	1	1	1
N11	N11.HOG0008747	1	1	1	1	1	1	1	1	1	1	1	1	1	1	1
N11	N11.HOG0008748	1	1	1	1	1	1	1	1	1	1	1	1	1	1	1
N11	N11.HOG0008749	1	1	1	1	1	1	2	1	1	1	1	1	1	1	1
N11	N11.HOG0008750	1	1	1	1	1	1	1	1	1	1	1	1	1	1	1
N11	N11.HOG0008751	0	1	1	1	1	1	1	1	1	1	1	1	1	1	1
N11	N11.HOG0008752	1	1	1	1	1	1	1	1	1	1	1	1	1	1	1
N11	N11.HOG0008753	1	1	1	1	1	1	1	1	1	1	1	1	1	1	1
N11	N11.HOG0008754	1	1	1	1	1	1	1	1	1	1	1	1	1	1	1
N11	N11.HOG0008755	1	1	1	1	1	1	1	1	1	1	1	1	1	1	1
N11	N11.HOG0008756	1	1	1	1	1	1	1	1	1	1	1	1	1	1	1
N11	N11.HOG0008757	1	1	1	1	1	1	1	1	1	1	1	1	1	1	1
N11	N11.HOG0008758	1	1	1	1	1	1	1	1	1	1	1	1	1	1	1
N11	N11.HOG0008759	1	1	1	1	1	1	1	1	1	1	1	1	1	1	1
N11	N11.HOG0008760	1	2	1	1	1	1	1	1	1	1	1	1	1	1	1
N11	N11.HOG0008761	1	1	1	1	1	1	1	1	1	1	1	1	1	1	1
N11	N11.HOG0008762	1	1	1	1	1	1	1	1	1	1	1	1	1	1	1
N11	N11.HOG0008763	1	1	1	1	0	1	1	1	1	1	1	1	1	1	0
N11	N11.HOG0008764	1	1	1	1	1	1	1	1	1	1	1	1	1	1	1
N11	N11.HOG0008765	1	1	1	1	1	1	1	1	1	1	1	1	1	1	0
N11	N11.HOG0008766	1	1	1	1	1	1	1	1	1	1	1	1	1	1	1
N11	N11.HOG0008767	1	1	1	1	1	1	1	1	1	1	1	1	1	1	1
N11	N11.HOG0008768	1	1	1	1	1	1	1	1	1	1	1	1	1	1	1
N11	N11.HOG0008769	1	1	1	1	1	1	1	1	1	1	1	1	1	1	1
N11	N11.HOG0008770	1	0	1	1	1	1	1	1	1	1	1	1	1	1	1
N11	N11.HOG0008771	0	2	1	1	1	0	1	1	1	1	1	1	1	1	1
N11	N11.HOG0008772	1	1	1	1	1	1	1	1	1	1	1	1	1	1	1
N11	N11.HOG0008773	1	1	1	1	1	1	1	1	1	1	1	1	1	1	1
N11	N11.HOG0008774	1	1	1	1	1	1	1	1	1	1	1	1	1	1	1
N11	N11.HOG0008775	1	1	1	1	1	2	1	1	1	1	1	1	1	1	1
N11	N11.HOG0008776	1	1	1	1	1	1	1	1	1	1	1	1	1	1	1
N11	N11.HOG0008777	1	1	1	1	1	1	1	1	1	1	1	1	1	1	1
N11	N11.HOG0008778	1	1	1	1	1	1	1	1	1	1	1	1	1	1	1
N11	N11.HOG0008779	1	1	1	1	1	1	1	1	1	1	1	1	1	1	1
N11	N11.HOG0008780	1	0	1	1	1	1	1	1	1	1	1	1	1	1	1
N11	N11.HOG0008781	1	1	1	1	1	1	1	1	1	1	1	1	0	1	1
N11	N11.HOG0008782	1	1	1	1	1	1	1	1	1	1	1	1	1	1	1
N11	N11.HOG0008783	1	1	1	1	1	1	1	1	1	1	1	1	2	1	1
N11	N11.HOG0008784	1	1	1	1	1	1	1	1	1	1	1	1	1	1	1
N11	N11.HOG0008785	1	1	1	1	1	1	1	1	1	1	1	1	1	1	1
N11	N11.HOG0008786	1	1	1	1	1	1	1	1	1	1	1	1	1	1	1
N11	N11.HOG0008787	1	1	1	1	1	1	1	1	1	1	1	1	1	1	1
N11	N11.HOG0008788	1	1	1	1	1	1	1	1	1	1	1	1	1	1	1
N11	N11.HOG0008789	1	1	1	1	1	1	1	1	1	1	1	1	1	1	1
N11	N11.HOG0008790	1	1	0	1	1	1	1	1	1	1	1	1	1	1	1
N11	N11.HOG0008791	1	1	1	1	1	1	1	1	1	1	1	1	1	1	1
N11	N11.HOG0008792	1	1	1	1	1	1	1	1	1	1	1	1	1	1	1
N11	N11.HOG0008793	1	1	1	1	1	1	1	1	1	1	1	1	1	1	1
N11	N11.HOG0008794	1	1	1	1	1	1	1	1	1	1	1	1	1	1	1
N11	N11.HOG0008795	1	1	1	1	1	1	1	1	1	1	1	0	1	1	1
N11	N11.HOG0008796	1	1	1	1	1	1	1	1	1	1	1	1	1	1	1
N11	N11.HOG0008797	0	1	1	1	1	1	1	1	1	1	1	1	1	1	1
N11	N11.HOG0008798	1	1	1	1	1	1	1	1	1	1	1	1	1	1	1
N11	N11.HOG0008799	1	1	1	1	1	1	1	1	1	1	1	1	1	1	1
N11	N11.HOG0008800	1	1	1	1	1	1	1	1	1	1	1	1	1	1	1
N11	N11.HOG0008801	0	1	1	1	1	1	1	1	1	1	1	1	1	1	1
N11	N11.HOG0008802	1	1	1	1	1	1	1	1	1	1	1	1	1	1	1
N11	N11.HOG0008803	1	1	1	1	1	1	1	1	1	1	1	1	1	1	1
N11	N11.HOG0008804	1	1	1	1	1	1	1	1	1	1	1	1	1	1	1
N11	N11.HOG0008805	1	1	1	1	1	1	1	1	1	1	1	1	1	1	1
N11	N11.HOG0008806	1	2	1	1	1	1	1	1	1	1	1	1	1	1	1
N11	N11.HOG0008807	1	1	1	1	1	1	1	1	1	1	1	1	1	1	1
N11	N11.HOG0008808	1	1	1	1	1	1	1	1	1	1	1	1	1	1	1
N11	N11.HOG0008809	1	1	1	1	1	1	1	1	1	1	1	1	1	1	1
N11	N11.HOG0008810	1	2	1	1	1	1	1	1	1	1	1	1	1	1	1
N11	N11.HOG0008811	1	1	1	1	1	1	1	1	1	1	1	1	1	1	1
N11	N11.HOG0008812	1	1	1	1	1	1	1	1	1	1	1	1	1	1	1
N11	N11.HOG0008813	1	1	1	1	1	1	1	1	1	1	1	1	1	1	1
N11	N11.HOG0008814	1	1	1	1	1	1	1	1	1	1	1	1	1	1	1
N11	N11.HOG0008815	1	1	1	1	1	1	1	1	1	1	1	1	1	1	1
N11	N11.HOG0008816	1	1	1	1	1	1	1	1	1	1	1	1	1	1	1
N11	N11.HOG0008817	1	1	1	1	1	1	1	1	1	1	1	1	1	1	1
N11	N11.HOG0008818	1	1	1	1	1	1	1	1	0	1	1	1	1	1	1
N11	N11.HOG0008819	1	1	1	1	1	1	1	1	1	1	1	1	1	1	1
N11	N11.HOG0008820	1	1	1	1	1	1	1	1	1	1	1	1	1	1	1
N11	N11.HOG0008821	1	1	1	1	1	1	1	1	1	1	1	1	1	1	1
N11	N11.HOG0008822	1	1	1	1	1	1	1	1	1	1	1	1	1	1	1
N11	N11.HOG0008823	1	2	1	1	1	1	1	1	1	1	1	1	1	1	1
N11	N11.HOG0008824	1	1	1	1	1	1	1	1	1	1	1	1	1	1	1
N11	N11.HOG0008825	1	1	1	1	1	1	1	1	1	1	1	1	1	1	1
N11	N11.HOG0008826	1	0	1	1	1	1	1	1	1	1	1	1	2	2	1
N11	N11.HOG0008827	1	0	1	1	0	1	1	1	1	1	1	1	1	1	2
N11	N11.HOG0008828	1	1	1	1	1	1	1	1	1	1	1	1	1	1	1
N11	N11.HOG0008829	1	1	1	1	1	1	1	1	1	1	1	1	1	1	1
N11	N11.HOG0008830	1	1	1	1	1	1	1	1	1	1	1	1	1	1	1
N11	N11.HOG0008831	1	1	1	1	1	1	1	1	1	1	1	1	1	1	1
N11	N11.HOG0008832	1	1	1	1	1	1	1	1	1	1	1	1	1	1	1
N11	N11.HOG0008833	1	0	1	1	1	1	1	1	1	1	1	1	1	1	1
N11	N11.HOG0008834	1	1	1	1	1	1	1	1	1	1	1	1	1	1	1
N11	N11.HOG0008835	1	1	1	1	1	1	0	1	1	1	1	1	1	1	1
N11	N11.HOG0008836	1	0	1	1	0	1	1	1	1	1	1	1	1	1	1
N11	N11.HOG0008837	1	1	1	1	1	1	1	1	1	1	1	1	1	1	1
N11	N11.HOG0008838	1	1	1	1	1	1	1	1	1	1	1	1	1	1	1
N11	N11.HOG0008839	1	1	1	1	1	1	1	1	1	1	1	1	1	1	1
N11	N11.HOG0008840	1	1	1	1	1	1	1	1	1	1	1	1	1	1	1
N11	N11.HOG0008841	2	1	1	1	1	1	1	1	1	1	1	1	1	1	1
N11	N11.HOG0008842	1	1	1	1	1	1	1	1	1	1	1	1	1	1	1
N11	N11.HOG0008843	1	1	1	1	1	1	1	1	1	1	1	1	1	1	1
N11	N11.HOG0008844	1	2	1	1	1	1	1	1	1	1	1	1	1	1	1
N11	N11.HOG0008845	1	1	1	1	1	1	1	1	1	1	1	1	1	1	1
N11	N11.HOG0008846	1	1	1	1	1	1	1	1	1	1	1	1	1	1	1
N11	N11.HOG0008847	1	1	1	1	1	1	1	1	1	1	1	1	1	1	1
N11	N11.HOG0008848	1	1	1	1	1	1	1	1	1	1	2	1	1	1	1
N11	N11.HOG0008849	1	1	1	1	1	1	1	1	1	1	1	1	1	1	1
N11	N11.HOG0008850	1	1	1	1	1	1	1	1	1	1	1	1	1	1	1
N11	N11.HOG0008851	1	1	1	1	1	1	1	1	1	1	1	1	1	1	1
N11	N11.HOG0008852	1	2	1	1	1	1	1	1	1	1	1	1	1	1	1
N11	N11.HOG0008853	1	2	1	1	1	1	1	1	1	1	1	1	1	1	1
N11	N11.HOG0008854	1	2	1	1	0	1	1	1	1	1	1	1	1	1	1
N11	N11.HOG0008855	1	2	1	1	1	1	1	1	1	1	1	1	1	1	1
N11	N11.HOG0008856	1	2	1	1	1	1	1	1	1	1	1	1	1	1	1
N11	N11.HOG0008857	1	1	1	1	1	1	1	1	1	1	1	1	1	1	1
N11	N11.HOG0008858	0	1	1	1	1	1	0	1	1	1	1	1	1	1	1
N11	N11.HOG0008859	0	1	1	1	1	1	1	1	1	1	1	1	1	1	1
N11	N11.HOG0008860	1	1	1	1	1	1	1	1	1	1	1	1	1	1	1
N11	N11.HOG0008861	1	1	1	1	1	1	1	1	1	1	1	1	1	1	1
N11	N11.HOG0008862	1	1	1	1	1	1	1	1	1	1	1	1	1	1	1
N11	N11.HOG0008863	1	1	1	1	1	1	1	1	1	1	1	1	1	1	1
N11	N11.HOG0008864	1	1	1	1	1	1	1	1	1	1	1	1	1	1	1
N11	N11.HOG0008865	1	1	1	1	1	1	1	1	1	1	1	1	1	1	1
N11	N11.HOG0008866	1	1	1	1	2	1	1	1	1	1	1	1	1	1	1
N11	N11.HOG0008867	1	1	1	1	1	1	1	1	1	1	1	1	1	1	1
N11	N11.HOG0008868	1	1	1	1	1	1	1	1	1	1	1	1	1	1	1
N11	N11.HOG0008869	0	1	1	1	1	1	1	1	1	1	1	1	1	1	1
N11	N11.HOG0008870	1	1	1	1	1	1	1	1	1	1	1	1	1	1	1
N11	N11.HOG0008871	1	1	1	1	1	1	1	1	1	1	1	1	1	1	1
N11	N11.HOG0008872	1	1	1	1	1	1	1	1	1	1	1	1	1	1	1
N11	N11.HOG0008873	1	1	1	1	1	1	1	1	1	1	1	1	1	1	1
N11	N11.HOG0008874	1	1	1	1	1	1	1	1	1	1	1	1	1	1	1
N11	N11.HOG0008875	1	1	1	1	1	1	1	1	1	1	1	1	1	1	1
N11	N11.HOG0008876	1	2	1	1	1	1	1	1	1	1	1	1	1	1	1
N11	N11.HOG0008877	1	1	1	1	1	1	1	1	1	1	1	1	1	1	1
N11	N11.HOG0008878	1	1	1	1	1	1	1	1	1	1	1	1	1	1	1
N11	N11.HOG0008879	1	1	1	1	1	1	1	1	1	1	1	1	1	1	1
N11	N11.HOG0008880	1	1	1	1	1	1	1	1	1	1	1	1	1	1	1
N11	N11.HOG0008881	1	1	1	1	1	1	1	1	1	1	1	1	1	1	1
N11	N11.HOG0008882	1	1	1	1	1	1	1	1	1	1	1	1	1	1	1
N11	N11.HOG0008883	1	1	1	1	1	1	1	1	1	1	1	1	1	1	1
N11	N11.HOG0008884	1	2	1	1	1	1	1	1	1	1	1	1	1	1	1
N11	N11.HOG0008885	1	1	1	1	1	1	1	1	1	1	1	1	1	1	1
N11	N11.HOG0008886	1	1	1	1	1	1	1	1	1	1	1	1	1	1	1
N11	N11.HOG0008887	1	1	1	1	1	1	1	1	1	1	1	1	1	1	1
N11	N11.HOG0008888	1	1	1	1	1	1	1	1	1	1	1	1	0	1	1
N11	N11.HOG0008889	1	1	1	1	1	1	1	1	1	1	1	1	1	1	1
N11	N11.HOG0008890	0	2	1	1	1	1	1	1	1	1	1	1	1	1	1
N11	N11.HOG0008891	1	1	1	1	1	1	1	1	1	1	1	1	1	1	1
N11	N11.HOG0008892	1	1	1	1	1	1	1	1	1	1	1	1	1	1	1
N11	N11.HOG0008893	1	1	1	1	1	1	1	1	1	1	1	1	1	1	1
N11	N11.HOG0008894	1	1	1	1	1	1	1	1	1	1	1	1	1	2	1
N11	N11.HOG0008895	1	1	1	1	1	1	1	1	1	1	1	1	1	1	1
N11	N11.HOG0008896	2	1	1	1	1	1	1	1	1	1	1	1	1	1	1
N11	N11.HOG0008897	1	1	1	1	1	1	1	1	1	1	1	1	1	1	1
N11	N11.HOG0008898	1	1	1	1	1	1	1	1	1	1	1	1	1	1	1
N11	N11.HOG0008899	1	1	1	1	1	1	1	1	1	1	1	1	1	1	1
N11	N11.HOG0008900	1	1	1	1	1	1	1	0	0	1	1	1	1	1	1
N11	N11.HOG0008901	1	0	1	1	0	1	2	1	1	1	1	1	1	1	1
N11	N11.HOG0008902	1	1	1	1	1	1	1	1	1	1	1	1	0	1	1
N11	N11.HOG0008903	1	1	1	1	1	1	1	1	1	1	1	1	1	1	1
N11	N11.HOG0008904	1	1	1	1	1	1	1	1	1	1	1	1	1	1	1
N11	N11.HOG0008905	1	1	1	1	1	1	1	1	1	1	1	1	1	1	1
N11	N11.HOG0008906	1	1	1	1	1	1	1	1	1	1	1	1	1	1	1
N11	N11.HOG0008907	1	1	1	1	1	1	1	1	1	1	1	1	1	1	1
N11	N11.HOG0008908	1	1	1	1	1	1	1	1	1	1	1	1	1	1	1
N11	N11.HOG0008909	1	1	1	1	1	1	1	1	1	1	1	1	1	1	1
N11	N11.HOG0008910	1	1	1	1	1	1	1	1	1	1	1	1	1	1	1
N11	N11.HOG0008911	1	1	1	1	1	1	1	1	1	1	1	1	1	1	1
N11	N11.HOG0008912	1	1	1	1	1	1	1	1	1	1	1	1	1	1	1
N11	N11.HOG0008913	1	1	1	1	1	1	1	1	1	1	1	1	1	1	1
N11	N11.HOG0008914	1	1	1	1	1	1	1	1	1	1	1	1	1	1	1
N11	N11.HOG0008915	1	1	1	1	1	1	1	1	1	1	1	1	1	1	1
N11	N11.HOG0008916	1	1	1	1	1	1	1	1	1	1	1	1	1	1	1
N11	N11.HOG0008917	1	1	1	1	1	1	1	1	1	1	1	1	1	1	2
N11	N11.HOG0008918	1	1	1	1	1	1	1	1	1	1	1	1	1	1	1
N11	N11.HOG0008919	1	1	1	1	1	1	1	1	1	1	1	1	1	1	1
N11	N11.HOG0008920	1	1	1	1	1	1	1	1	1	1	1	1	1	1	1
N11	N11.HOG0008921	1	1	1	1	1	1	1	1	1	1	1	1	1	1	1
N11	N11.HOG0008922	1	1	1	1	1	1	1	1	1	1	1	1	0	1	1
N11	N11.HOG0008923	0	1	0	1	1	1	1	1	1	1	1	1	1	1	1
N11	N11.HOG0008924	0	0	0	0	0	0	0	0	0	0	0	0	0	0	1
N11	N11.HOG0008925	1	1	1	1	1	1	1	1	1	1	0	0	1	1	1
N11	N11.HOG0008926	1	0	0	0	0	0	0	0	0	0	0	0	0	0	0
N11	N11.HOG0008927	1	2	1	2	0	0	2	1	1	1	1	1	1	2	0
N11	N11.HOG0008928	1	2	1	1	1	1	1	1	1	1	1	1	1	1	1
N11	N11.HOG0008929	1	1	1	1	1	1	1	1	1	1	1	1	1	1	1
N11	N11.HOG0008930	1	1	1	1	1	1	1	1	1	1	1	1	0	1	1
N11	N11.HOG0008931	1	0	1	1	1	1	1	1	1	1	1	1	1	1	1
N11	N11.HOG0008932	1	1	1	1	1	1	1	1	1	0	1	1	1	1	1
N11	N11.HOG0008933	1	1	1	1	1	1	1	1	1	1	1	1	1	1	1
N11	N11.HOG0008934	0	0	1	1	1	1	1	1	1	1	1	1	1	1	1
N11	N11.HOG0008935	1	1	1	1	1	1	1	1	1	1	1	1	1	1	1
N11	N11.HOG0008936	1	1	1	1	1	1	1	1	1	1	1	1	1	1	1
N11	N11.HOG0008937	1	0	1	1	1	1	1	1	1	1	1	1	0	1	1
N11	N11.HOG0008938	1	1	1	1	1	1	2	1	1	1	1	1	1	1	1
N11	N11.HOG0008939	0	1	1	1	1	1	1	1	1	1	1	1	1	1	1
N11	N11.HOG0008940	1	1	1	1	1	1	1	1	1	1	1	1	0	1	1
N11	N11.HOG0008941	1	1	1	1	1	1	1	1	1	1	1	1	1	1	1
N11	N11.HOG0008942	1	0	1	1	1	1	1	1	1	1	1	1	1	1	1
N11	N11.HOG0008943	1	2	1	1	1	1	1	1	1	1	1	1	1	1	1
N11	N11.HOG0008944	1	1	1	1	1	1	1	1	1	1	1	1	1	1	1
N11	N11.HOG0008945	0	1	1	1	1	1	1	1	1	1	1	1	1	1	1
N11	N11.HOG0008946	1	1	1	1	1	1	1	1	1	1	1	1	1	1	1
N11	N11.HOG0008947	1	1	1	1	1	1	1	1	1	1	1	1	1	1	1
N11	N11.HOG0008948	1	1	1	1	1	1	1	1	1	1	1	1	0	1	1
N11	N11.HOG0008949	1	1	1	1	1	1	1	1	1	1	1	1	1	1	1
N11	N11.HOG0008950	1	0	1	1	0	1	1	1	1	1	1	1	1	1	1
N11	N11.HOG0008951	0	1	1	1	1	1	1	1	1	1	1	1	1	1	1
N11	N11.HOG0008952	1	1	1	1	1	0	1	0	1	1	0	1	1	1	1
N11	N11.HOG0008953	0	3	1	0	1	1	1	1	1	1	0	0	1	1	1
N11	N11.HOG0008954	1	1	1	1	1	1	1	1	1	1	1	1	1	1	1
N11	N11.HOG0008955	1	1	1	1	1	1	1	1	1	1	1	1	1	1	1
N11	N11.HOG0008956	0	3	1	1	1	1	1	1	1	1	1	1	1	1	1
N11	N11.HOG0008957	0	1	1	1	1	1	1	1	1	1	1	1	1	1	1
N11	N11.HOG0008958	1	1	1	1	1	1	1	1	1	1	1	1	1	1	1
N11	N11.HOG0008959	1	1	1	1	1	1	0	1	1	1	1	1	1	1	1
N11	N11.HOG0008960	1	1	1	1	1	1	1	1	1	1	1	1	1	1	1
N11	N11.HOG0008961	1	1	1	1	1	1	1	1	1	1	1	1	1	1	2
N11	N11.HOG0008962	1	1	1	1	1	1	1	1	1	1	1	1	1	1	1
N11	N11.HOG0008963	1	1	1	1	0	1	1	1	1	1	1	1	1	1	1
N11	N11.HOG0008964	1	1	1	1	1	1	1	1	1	1	1	1	1	1	1
N11	N11.HOG0008965	1	1	1	1	1	1	1	1	1	1	1	1	1	1	1
N11	N11.HOG0008966	0	1	1	1	1	1	1	1	1	1	1	1	1	1	1
N11	N11.HOG0008967	1	1	1	1	1	1	1	1	1	1	1	1	1	1	1
N11	N11.HOG0008968	0	1	1	1	1	1	1	1	1	1	1	1	1	1	1
N11	N11.HOG0008969	1	1	1	1	1	1	1	1	1	1	1	1	1	1	1
N11	N11.HOG0008970	0	1	1	1	1	1	1	1	1	1	1	1	1	1	1
N11	N11.HOG0008971	0	0	0	0	0	0	1	1	1	1	1	1	0	0	0
N11	N11.HOG0008972	0	1	1	1	1	1	0	0	0	0	0	0	0	0	0
N11	N11.HOG0008973	0	1	1	1	1	1	1	1	1	1	1	1	0	1	1
N11	N11.HOG0008974	0	1	1	1	1	1	1	1	1	1	1	1	1	1	1
N11	N11.HOG0008975	1	1	1	1	1	1	1	1	1	1	1	1	1	1	1
N11	N11.HOG0008976	1	0	1	1	1	1	1	1	1	1	1	1	1	1	1
N11	N11.HOG0008977	1	1	1	1	1	1	1	1	1	1	1	1	1	1	1
N11	N11.HOG0008978	1	1	1	1	1	1	1	1	1	1	1	1	1	1	1
N11	N11.HOG0008979	1	1	1	1	1	1	1	1	1	1	1	1	0	1	1
N11	N11.HOG0008980	1	2	1	1	0	1	0	1	1	1	1	1	1	1	0
N11	N11.HOG0008981	0	0	0	0	0	0	1	0	0	0	0	0	0	0	0
N11	N11.HOG0008982	0	0	0	0	0	0	0	0	0	0	0	0	0	0	1
N11	N11.HOG0008983	1	1	1	1	1	1	1	1	1	1	1	1	1	1	1
N11	N11.HOG0008984	1	1	1	0	2	1	1	1	1	1	1	1	1	1	1
N11	N11.HOG0008985	1	1	1	1	1	1	1	1	1	1	1	1	1	1	1
N11	N11.HOG0008986	1	1	1	1	1	1	1	1	1	1	1	1	1	1	1
N11	N11.HOG0008987	1	1	1	1	1	1	1	1	1	1	1	1	1	1	1
N11	N11.HOG0008988	1	1	1	1	1	1	1	1	1	1	1	1	1	1	1
N11	N11.HOG0008989	1	1	1	1	1	1	1	1	1	1	1	1	1	1	1
N11	N11.HOG0008990	1	1	1	1	1	1	1	1	1	1	1	1	1	1	1
N11	N11.HOG0008991	1	1	1	1	1	1	1	1	1	1	1	1	1	1	1
N11	N11.HOG0008992	1	1	1	1	1	1	1	1	1	1	1	1	1	1	1
N11	N11.HOG0008993	1	1	1	1	1	1	1	1	1	1	1	1	1	1	1
N11	N11.HOG0008994	1	1	1	1	1	1	1	1	1	1	1	1	0	1	1
N11	N11.HOG0008995	1	1	1	1	1	1	1	1	1	1	1	1	1	1	1
N11	N11.HOG0008996	1	1	1	1	1	1	1	1	1	1	1	1	1	1	1
N11	N11.HOG0008997	1	3	1	1	1	1	1	1	1	1	1	1	1	1	1
N11	N11.HOG0008998	1	1	1	1	1	1	1	1	1	1	1	1	1	1	1
N11	N11.HOG0008999	2	1	1	1	1	1	1	1	1	1	1	1	1	1	1
N11	N11.HOG0009000	1	1	1	1	1	1	1	1	1	1	1	1	1	1	1
N11	N11.HOG0009001	0	1	1	1	1	1	1	1	1	1	1	1	1	1	1
N11	N11.HOG0009002	1	1	1	1	1	1	1	1	1	1	1	1	1	1	1
N11	N11.HOG0009003	1	1	1	1	1	1	1	1	1	1	1	1	1	1	1
N11	N11.HOG0009004	1	1	1	1	1	1	1	1	1	1	1	1	1	1	1
N11	N11.HOG0009005	1	1	1	1	1	1	1	1	1	1	1	1	1	1	0
N11	N11.HOG0009006	1	1	1	1	1	1	1	1	1	1	1	1	1	1	1
N11	N11.HOG0009007	1	1	1	1	1	1	1	1	1	1	1	1	1	1	1
N11	N11.HOG0009008	1	1	1	1	1	1	1	1	1	1	1	1	1	1	1
N11	N11.HOG0009009	1	1	1	1	1	1	1	1	1	1	1	1	1	1	1
N11	N11.HOG0009010	1	0	1	1	1	1	1	1	1	1	1	1	1	1	1
N11	N11.HOG0009011	0	1	1	1	1	1	1	1	1	1	1	1	1	1	1
N11	N11.HOG0009012	1	1	1	1	1	1	1	1	1	1	1	1	1	1	1
N11	N11.HOG0009013	1	1	1	1	1	1	1	1	1	1	1	1	1	1	1
N11	N11.HOG0009014	1	2	1	1	1	0	1	1	1	1	1	1	1	1	1
N11	N11.HOG0009015	1	1	1	1	1	1	1	1	1	1	1	1	1	1	1
N11	N11.HOG0009016	1	1	1	1	1	1	1	1	1	1	1	1	1	1	1
N11	N11.HOG0009017	1	1	1	1	1	1	1	1	1	1	1	1	1	1	1
N11	N11.HOG0009018	1	1	1	1	1	1	1	1	1	1	1	1	1	1	1
N11	N11.HOG0009019	1	1	1	1	1	1	1	1	1	1	1	1	1	1	1
N11	N11.HOG0009020	1	1	1	1	1	1	1	1	1	1	1	1	1	1	1
N11	N11.HOG0009021	1	1	1	1	1	1	1	1	1	1	1	1	1	1	1
N11	N11.HOG0009022	0	1	1	1	1	1	1	1	1	1	1	1	1	1	1
N11	N11.HOG0009023	1	1	1	1	1	1	1	1	1	1	1	1	1	1	1
N11	N11.HOG0009024	1	1	1	1	1	1	1	1	1	1	1	1	1	1	1
N11	N11.HOG0009025	1	1	1	1	1	1	1	1	1	1	1	1	1	1	1
N11	N11.HOG0009026	1	1	1	1	1	1	1	1	1	1	1	1	1	1	1
N11	N11.HOG0009027	1	1	1	1	1	1	1	1	1	1	1	1	1	1	1
N11	N11.HOG0009028	1	1	1	1	1	1	1	1	1	1	1	1	1	1	1
N11	N11.HOG0009029	1	1	1	1	1	1	1	1	1	1	1	1	1	1	1
N11	N11.HOG0009030	1	1	1	1	1	1	1	1	1	1	1	1	1	1	1
N11	N11.HOG0009031	1	1	1	1	1	1	1	1	1	1	1	1	1	1	1
N11	N11.HOG0009032	1	1	1	1	1	1	1	1	1	1	1	1	1	1	1
N11	N11.HOG0009033	2	1	1	1	1	1	1	1	1	1	1	1	1	1	1
N11	N11.HOG0009034	2	1	1	1	1	1	1	1	1	1	1	1	1	1	1
N11	N11.HOG0009035	1	2	1	1	1	1	1	1	1	1	1	1	1	1	0
N11	N11.HOG0009036	1	1	1	1	1	1	1	1	1	1	1	1	1	1	1
N11	N11.HOG0009037	1	1	1	1	1	1	1	1	1	1	1	1	1	1	1
N11	N11.HOG0009038	1	1	1	1	1	1	1	1	1	1	1	1	1	1	1
N11	N11.HOG0009039	1	1	1	1	0	1	1	1	1	1	1	1	1	1	1
N11	N11.HOG0009040	1	0	1	1	1	1	1	1	1	1	1	1	1	1	1
N11	N11.HOG0009041	1	1	1	1	1	1	1	1	1	1	1	1	1	1	2
N11	N11.HOG0009042	1	1	1	1	1	1	1	1	1	1	1	1	1	1	1
N11	N11.HOG0009043	1	1	1	1	1	1	1	1	1	1	1	1	1	1	1
N11	N11.HOG0009044	1	1	1	1	1	1	1	1	1	1	1	1	1	1	1
N11	N11.HOG0009045	1	1	1	1	1	1	1	1	1	1	1	1	0	1	1
N11	N11.HOG0009046	1	1	1	1	1	1	1	1	1	1	1	1	1	1	1
N11	N11.HOG0009047	1	1	1	1	1	1	1	1	1	1	1	1	1	1	1
N11	N11.HOG0009048	1	1	1	1	1	1	1	1	1	1	1	1	1	1	1
N11	N11.HOG0009049	1	1	1	1	1	0	1	1	1	1	1	1	1	1	1
N11	N11.HOG0009050	1	1	1	1	1	1	1	1	1	1	1	1	1	1	1
N11	N11.HOG0009051	1	1	1	1	1	1	1	1	1	1	1	1	1	1	1
N11	N11.HOG0009052	1	1	1	1	1	1	1	1	1	1	1	1	1	1	1
N11	N11.HOG0009053	1	1	1	1	1	1	1	1	1	1	1	1	1	1	1
N11	N11.HOG0009054	1	1	1	1	1	1	1	1	1	1	1	1	1	1	1
N11	N11.HOG0009055	1	1	1	1	0	1	1	1	1	1	1	1	1	1	1
N11	N11.HOG0009056	1	1	1	1	1	1	1	1	1	1	1	1	1	1	1
N11	N11.HOG0009057	0	2	1	1	1	1	1	1	1	1	1	1	1	1	1
N11	N11.HOG0009058	1	1	1	1	1	1	1	1	1	1	1	1	1	1	1
N11	N11.HOG0009059	1	1	1	1	0	1	1	1	1	1	1	1	1	1	1
N11	N11.HOG0009060	1	1	1	1	1	1	1	1	1	1	1	1	1	1	1
N11	N11.HOG0009061	1	1	1	1	1	1	1	1	1	1	1	1	1	1	1
N11	N11.HOG0009062	1	1	1	1	1	1	1	1	1	1	1	1	1	1	1
N11	N11.HOG0009063	1	1	1	1	1	1	1	1	1	1	1	1	1	1	2
N11	N11.HOG0009064	1	1	1	1	1	1	1	1	1	1	1	1	1	1	1
N11	N11.HOG0009065	1	1	1	1	1	1	1	1	1	1	1	1	1	1	1
N11	N11.HOG0009066	1	1	1	1	1	1	1	1	1	1	1	1	1	1	1
N11	N11.HOG0009067	1	1	1	1	0	1	1	1	1	1	1	1	1	1	1
N11	N11.HOG0009068	1	1	1	1	1	1	1	1	1	1	1	1	1	1	1
N11	N11.HOG0009069	1	1	1	1	1	1	1	1	1	1	1	1	1	1	1
N11	N11.HOG0009070	1	1	1	1	0	1	1	1	1	1	1	1	1	1	1
N11	N11.HOG0009071	1	1	1	1	1	1	1	1	1	1	1	1	1	1	1
N11	N11.HOG0009072	1	1	1	1	1	1	1	1	0	1	1	1	1	1	1
N11	N11.HOG0009073	0	1	1	1	1	1	1	1	1	1	1	1	1	1	1
N11	N11.HOG0009074	1	1	1	1	1	1	1	1	1	1	1	1	1	1	1
N11	N11.HOG0009075	1	1	1	1	1	1	1	1	1	1	1	1	1	1	1
N11	N11.HOG0009076	1	1	1	1	1	1	1	1	1	1	1	1	1	1	1
N11	N11.HOG0009077	0	1	0	0	0	0	0	0	0	0	0	0	0	0	0
N11	N11.HOG0009078	1	1	1	1	1	1	1	1	1	1	1	1	1	1	1
N11	N11.HOG0009079	1	1	1	1	1	1	1	1	1	1	1	1	1	1	1
N11	N11.HOG0009080	1	1	1	1	1	1	1	1	1	1	1	1	1	1	1
N11	N11.HOG0009081	1	0	0	1	1	1	1	1	1	1	1	1	1	1	1
N11	N11.HOG0009082	1	1	1	1	1	1	1	1	1	1	1	1	1	1	1
N11	N11.HOG0009083	1	1	1	1	1	1	1	1	1	1	1	1	1	1	1
N11	N11.HOG0009084	1	1	1	1	1	1	1	1	1	1	1	1	1	1	1
N11	N11.HOG0009085	1	2	1	1	1	1	1	1	1	1	1	1	1	1	1
N11	N11.HOG0009086	1	1	1	1	1	1	1	1	1	1	1	1	1	1	1
N11	N11.HOG0009087	0	1	1	1	1	1	1	1	1	1	1	1	1	1	1
N11	N11.HOG0009088	1	2	1	1	1	1	1	1	1	1	1	1	1	1	1
N11	N11.HOG0009089	1	1	1	1	1	1	1	1	1	1	1	1	1	1	1
N11	N11.HOG0009090	1	1	1	1	1	1	1	1	1	1	1	1	1	1	1
N11	N11.HOG0009091	1	1	1	1	1	1	1	1	1	1	1	1	1	1	1
N11	N11.HOG0009092	1	1	1	1	1	1	1	1	1	1	1	1	1	1	1
N11	N11.HOG0009093	1	2	1	1	1	1	1	1	1	1	1	1	1	1	1
N11	N11.HOG0009094	1	1	1	1	1	1	1	1	1	1	1	1	1	1	1
N11	N11.HOG0009095	1	1	1	1	1	1	1	1	1	1	1	1	1	1	1
N11	N11.HOG0009096	1	2	1	1	1	1	1	1	1	1	1	0	1	1	1
N11	N11.HOG0009097	1	1	1	1	1	1	1	1	1	1	1	1	1	1	1
N11	N11.HOG0009098	1	1	1	1	1	1	1	1	1	1	1	1	1	1	1
N11	N11.HOG0009099	0	1	1	1	1	1	1	1	1	1	1	1	1	1	1
N11	N11.HOG0009100	1	1	1	1	1	1	1	1	1	1	1	1	1	1	2
N11	N11.HOG0009101	1	1	1	1	1	1	1	1	1	1	1	1	1	1	1
N11	N11.HOG0009102	1	1	1	1	1	1	1	1	1	1	1	1	1	0	1
N11	N11.HOG0009103	1	1	1	1	1	1	1	1	1	1	1	0	1	1	1
N11	N11.HOG0009104	1	1	1	1	1	1	1	1	1	1	1	1	1	1	1
N11	N11.HOG0009105	1	1	1	1	1	1	1	1	1	1	1	1	1	1	1
N11	N11.HOG0009106	1	1	1	1	1	1	1	1	1	1	1	1	1	1	1
N11	N11.HOG0009107	1	1	1	1	1	1	1	1	1	1	1	1	2	1	1
N11	N11.HOG0009108	1	1	2	1	1	1	1	1	1	1	1	1	1	1	1
N11	N11.HOG0009109	1	1	1	1	1	1	1	1	1	1	1	1	1	1	1
N11	N11.HOG0009110	1	1	1	1	1	1	1	1	1	1	1	1	1	1	1
N11	N11.HOG0009111	0	1	1	1	1	1	1	1	1	1	1	1	1	1	2
N11	N11.HOG0009112	1	1	1	1	1	1	1	1	1	1	1	1	1	1	1
N11	N11.HOG0009113	1	0	1	1	1	1	1	1	1	1	1	1	1	1	1
N11	N11.HOG0009114	1	1	1	1	1	1	1	1	1	1	1	1	1	1	1
N11	N11.HOG0009115	1	1	1	0	1	1	1	1	0	1	1	1	1	1	1
N11	N11.HOG0009116	1	1	1	1	1	1	1	1	1	1	1	1	1	1	1
N11	N11.HOG0009117	1	1	1	1	1	1	1	1	1	1	1	1	1	1	1
N11	N11.HOG0009118	1	1	1	1	1	1	1	1	1	1	1	1	1	1	1
N11	N11.HOG0009119	1	1	1	1	1	1	1	1	1	1	1	1	1	1	1
N11	N11.HOG0009120	1	0	1	1	1	1	1	1	1	1	1	1	1	1	1
N11	N11.HOG0009121	1	1	1	1	1	1	1	1	1	1	1	1	1	1	1
N11	N11.HOG0009122	1	1	1	1	1	1	1	1	1	1	1	1	1	1	1
N11	N11.HOG0009123	1	2	1	1	0	1	1	1	1	1	1	1	1	1	1
N11	N11.HOG0009124	0	1	1	1	0	1	1	1	1	1	1	1	1	1	1
N11	N11.HOG0009125	1	1	1	1	1	1	1	1	1	1	1	1	1	1	1
N11	N11.HOG0009126	1	1	1	1	1	1	1	1	1	1	1	1	1	1	1
N11	N11.HOG0009127	1	1	1	1	1	1	1	1	1	1	1	1	1	1	1
N11	N11.HOG0009128	1	1	1	1	1	1	0	1	1	1	1	1	0	1	1
N11	N11.HOG0009129	1	1	1	1	1	1	1	1	1	1	1	1	1	1	1
N11	N11.HOG0009130	1	1	1	1	1	1	1	1	1	1	1	1	1	1	1
N11	N11.HOG0009131	1	1	1	1	0	1	1	1	1	1	1	1	1	1	1
N11	N11.HOG0009132	1	1	1	1	1	1	1	1	1	1	1	1	1	1	1
N11	N11.HOG0009133	1	1	1	1	1	1	1	1	1	1	1	1	1	1	1
N11	N11.HOG0009134	1	1	1	1	1	1	1	1	1	1	1	1	1	1	1
N11	N11.HOG0009135	3	1	1	1	1	1	1	1	0	1	1	1	1	1	1
N11	N11.HOG0009136	1	1	1	1	1	1	1	1	1	1	1	1	1	1	1
N11	N11.HOG0009137	1	1	1	1	1	1	1	1	1	1	1	1	1	1	1
N11	N11.HOG0009138	1	1	1	1	1	1	1	1	1	1	1	1	1	1	1
N11	N11.HOG0009139	1	1	1	1	1	1	1	1	1	1	1	1	1	1	1
N11	N11.HOG0009140	1	1	1	1	1	1	1	1	1	1	1	1	1	1	1
N11	N11.HOG0009141	1	1	1	1	1	1	1	1	1	1	1	1	1	1	1
N11	N11.HOG0009142	1	1	1	1	1	1	1	1	1	1	1	1	1	1	1
N11	N11.HOG0009143	1	1	1	1	1	1	1	1	1	1	1	1	1	1	1
N11	N11.HOG0009144	1	1	1	1	1	1	1	1	1	1	1	1	1	1	1
N11	N11.HOG0009145	1	1	1	1	1	1	1	1	1	1	1	1	1	1	1
N11	N11.HOG0009146	1	1	1	1	1	1	1	1	1	1	1	1	1	1	2
N11	N11.HOG0009147	1	0	1	1	1	1	1	1	1	1	1	1	1	1	1
N11	N11.HOG0009148	1	2	1	1	1	1	1	1	1	1	1	1	1	1	1
N11	N11.HOG0009149	1	1	1	1	1	1	1	1	1	1	1	1	1	1	1
N11	N11.HOG0009150	1	1	1	1	1	1	1	1	1	1	1	1	0	1	1
N11	N11.HOG0009151	1	1	1	1	1	1	1	1	1	1	1	1	1	1	1
N11	N11.HOG0009152	1	1	1	1	1	1	1	1	1	1	1	1	1	1	1
N11	N11.HOG0009153	1	2	1	1	1	1	1	1	1	1	1	1	0	1	1
N11	N11.HOG0009154	1	2	1	1	1	1	1	1	1	1	1	1	1	1	1
N11	N11.HOG0009155	1	1	1	1	1	1	1	1	1	1	1	1	1	1	1
N11	N11.HOG0009156	1	1	1	1	1	1	1	1	1	1	1	1	1	1	1
N11	N11.HOG0009157	1	1	1	1	2	1	1	1	1	1	1	1	1	1	1
N11	N11.HOG0009158	1	0	1	1	1	1	1	1	1	1	1	1	1	1	1
N11	N11.HOG0009159	1	1	1	1	1	1	1	1	1	1	1	1	1	1	1
N11	N11.HOG0009160	1	0	1	1	1	1	1	1	1	1	1	1	1	1	1
N11	N11.HOG0009161	1	1	1	1	1	1	1	1	1	1	1	1	1	1	1
N11	N11.HOG0009162	1	2	1	1	1	1	1	1	1	1	1	1	1	1	1
N11	N11.HOG0009163	0	1	1	1	1	1	1	1	1	1	1	1	1	1	1
N11	N11.HOG0009164	1	1	1	1	1	1	1	1	1	1	1	1	1	1	1
N11	N11.HOG0009165	1	1	1	1	1	1	1	1	1	1	1	1	1	1	1
N11	N11.HOG0009166	1	1	1	1	1	1	1	1	1	1	1	1	1	1	1
N11	N11.HOG0009167	1	1	1	1	1	1	1	1	1	1	1	1	1	1	1
N11	N11.HOG0009168	1	0	1	1	1	1	1	1	1	1	1	1	1	1	1
N11	N11.HOG0009169	1	1	1	1	1	1	1	1	1	1	1	1	1	1	1
N11	N11.HOG0009170	1	0	1	1	1	1	1	1	1	1	1	1	1	1	1
N11	N11.HOG0009171	1	1	1	1	0	1	1	1	1	1	1	1	1	1	1
N11	N11.HOG0009172	1	0	1	1	1	1	1	1	1	1	1	1	1	1	1
N11	N11.HOG0009173	1	1	1	1	1	1	1	1	1	1	1	1	1	1	1
N11	N11.HOG0009174	1	1	1	1	1	1	1	1	1	1	1	1	1	1	1
N11	N11.HOG0009175	1	1	1	1	1	1	1	1	1	1	1	1	1	1	1
N11	N11.HOG0009176	1	1	1	1	1	1	1	1	1	1	1	1	0	1	1
N11	N11.HOG0009177	1	1	1	1	1	1	1	1	1	1	1	1	1	1	1
N11	N11.HOG0009178	1	1	1	1	1	1	1	1	1	1	1	1	1	1	1
N11	N11.HOG0009179	1	1	1	1	1	1	1	1	1	1	1	1	1	1	1
N11	N11.HOG0009180	1	1	1	1	1	1	1	1	1	1	1	1	1	1	1
N11	N11.HOG0009181	1	1	1	1	1	1	1	1	1	1	1	1	1	1	1
N11	N11.HOG0009182	1	1	1	1	1	1	1	1	1	1	1	1	1	1	1
N11	N11.HOG0009183	1	1	1	1	1	1	1	1	1	1	1	1	1	1	1
N11	N11.HOG0009184	1	1	1	1	1	1	1	1	1	1	1	1	1	1	1
N11	N11.HOG0009185	1	0	1	1	1	1	1	1	1	1	1	1	1	1	1
N11	N11.HOG0009186	0	1	1	1	1	1	1	1	1	1	1	1	1	1	1
N11	N11.HOG0009187	1	1	1	1	1	1	1	1	1	1	1	1	1	1	1
N11	N11.HOG0009188	1	1	1	1	1	1	1	1	1	1	1	1	1	1	1
N11	N11.HOG0009189	1	1	1	1	1	1	1	1	1	1	1	1	1	1	1
N11	N11.HOG0009190	1	1	1	1	1	1	1	1	1	1	1	1	1	1	1
N11	N11.HOG0009191	1	0	1	1	1	1	1	1	1	1	1	1	1	1	1
N11	N11.HOG0009192	1	1	1	1	1	1	1	1	1	1	1	1	1	1	1
N11	N11.HOG0009193	1	2	1	1	1	1	1	1	1	1	1	1	1	1	1
N11	N11.HOG0009194	1	1	1	1	1	1	1	1	1	1	1	1	1	1	1
N11	N11.HOG0009195	1	1	1	1	1	1	1	1	1	1	1	1	1	1	1
N11	N11.HOG0009196	1	1	1	1	1	1	1	1	1	1	1	1	1	1	1
N11	N11.HOG0009197	1	1	1	1	1	1	1	1	1	1	1	1	1	1	1
N11	N11.HOG0009198	1	2	1	1	1	1	1	1	1	1	1	1	1	1	1
N11	N11.HOG0009199	1	1	1	1	1	1	1	1	1	1	1	0	1	1	1
N11	N11.HOG0009200	0	2	1	1	1	1	1	1	1	1	1	1	1	1	1
N11	N11.HOG0009201	0	1	1	1	1	1	1	1	1	1	1	1	1	1	1
N11	N11.HOG0009202	1	1	1	1	1	1	1	1	1	1	1	1	1	1	1
N11	N11.HOG0009203	1	1	1	1	1	1	1	1	1	1	1	1	0	1	1
N11	N11.HOG0009204	1	1	1	1	1	1	1	1	1	1	1	1	1	1	1
N11	N11.HOG0009205	1	1	1	1	1	1	1	1	1	1	1	1	1	1	1
N11	N11.HOG0009206	1	1	1	1	1	1	1	1	1	1	1	1	1	1	2
N11	N11.HOG0009207	1	3	1	1	1	1	1	1	1	1	1	0	1	1	1
N11	N11.HOG0009208	1	1	1	1	1	1	1	1	1	1	1	1	1	1	1
N11	N11.HOG0009209	1	1	1	1	0	1	1	1	1	1	1	1	1	1	1
N11	N11.HOG0009210	1	1	1	1	1	1	1	1	1	1	1	1	1	1	1
N11	N11.HOG0009211	1	1	1	1	1	1	1	1	1	1	1	1	1	1	1
N11	N11.HOG0009212	1	1	1	1	1	1	1	1	1	1	1	1	1	1	1
N11	N11.HOG0009213	1	1	1	1	1	1	1	1	1	1	1	1	1	0	1
N11	N11.HOG0009214	1	1	1	1	1	1	1	1	1	1	1	1	1	1	1
N11	N11.HOG0009215	1	1	1	1	1	1	1	1	1	1	1	1	1	1	1
N11	N11.HOG0009216	1	1	1	1	1	1	1	1	1	1	1	1	0	1	1
N11	N11.HOG0009217	1	1	1	1	1	1	1	1	1	1	1	1	1	1	1
N11	N11.HOG0009218	1	1	1	1	1	1	1	1	1	1	1	1	1	1	0
N11	N11.HOG0009219	1	0	1	1	1	1	1	1	1	1	1	1	1	1	1
N11	N11.HOG0009220	0	0	1	1	1	1	1	1	1	1	1	1	1	1	1
N11	N11.HOG0009221	1	1	1	1	1	1	1	1	1	1	1	1	1	1	1
N11	N11.HOG0009222	1	0	1	1	1	1	1	1	1	1	1	1	1	1	1
N11	N11.HOG0009223	1	1	1	1	1	1	1	1	1	1	1	0	1	1	1
N11	N11.HOG0009224	1	0	1	1	1	1	1	1	1	1	1	1	1	1	1
N11	N11.HOG0009225	1	2	1	1	0	1	1	1	1	1	1	1	1	1	1
N11	N11.HOG0009226	1	1	1	1	1	1	1	1	1	1	1	1	1	1	1
N11	N11.HOG0009227	1	1	1	1	1	1	1	1	1	1	1	1	0	1	1
N11	N11.HOG0009228	1	1	1	1	1	1	1	1	1	1	1	1	0	1	1
N11	N11.HOG0009229	1	1	1	1	1	1	1	1	1	1	1	1	1	1	1
N11	N11.HOG0009230	1	1	1	1	1	1	1	1	1	1	1	1	1	1	1
N11	N11.HOG0009231	1	1	1	1	1	1	1	1	1	1	1	1	1	1	1
N11	N11.HOG0009232	0	1	1	1	1	1	1	1	1	1	1	1	1	1	1
N11	N11.HOG0009233	0	1	1	1	1	1	1	1	1	1	1	1	1	1	1
N11	N11.HOG0009234	1	1	1	1	1	1	1	1	1	1	1	1	1	1	1
N11	N11.HOG0009235	1	1	1	1	1	1	1	1	1	1	1	1	1	1	1
N11	N11.HOG0009236	1	1	1	1	1	1	1	1	1	1	1	1	1	1	2
N11	N11.HOG0009237	1	0	1	1	1	1	1	1	1	1	1	1	0	1	1
N11	N11.HOG0009238	1	1	1	1	1	1	1	1	1	1	1	1	1	1	1
N11	N11.HOG0009239	1	1	1	1	1	1	1	1	1	1	1	1	1	1	1
N11	N11.HOG0009240	0	1	1	1	1	1	1	1	1	1	1	1	1	1	1
N11	N11.HOG0009241	1	1	1	1	1	1	1	1	1	1	1	1	1	1	1
N11	N11.HOG0009242	1	1	1	1	1	1	1	1	1	1	1	1	1	1	1
N11	N11.HOG0009243	1	1	1	1	1	1	1	1	1	1	1	1	1	1	1
N11	N11.HOG0009244	1	1	1	1	1	1	1	1	1	1	1	1	1	1	1
N11	N11.HOG0009245	1	1	1	1	1	1	1	1	1	1	1	1	1	1	1
N11	N11.HOG0009246	1	1	1	1	1	1	1	1	1	1	1	1	1	1	1
N11	N11.HOG0009247	0	1	1	1	1	1	1	1	1	1	1	1	1	1	1
N11	N11.HOG0009248	1	1	1	1	1	1	1	1	1	1	1	1	1	1	1
N11	N11.HOG0009249	1	0	1	1	1	1	1	1	1	1	1	1	1	1	1
N11	N11.HOG0009250	1	1	1	1	1	1	1	1	1	1	1	1	1	1	1
N11	N11.HOG0009251	1	1	1	1	1	1	1	1	1	1	1	1	1	1	1
N11	N11.HOG0009252	1	1	1	1	1	1	1	1	1	1	1	1	1	1	1
N11	N11.HOG0009253	1	1	1	1	1	1	1	1	1	1	1	1	1	1	1
N11	N11.HOG0009254	1	1	1	1	1	1	1	1	1	1	1	1	1	1	1
N11	N11.HOG0009255	1	1	1	1	1	1	1	1	1	1	1	1	1	1	1
N11	N11.HOG0009256	0	0	1	1	1	1	1	1	1	1	1	1	1	1	1
N11	N11.HOG0009257	1	1	1	1	0	1	1	1	1	1	1	1	1	1	1
N11	N11.HOG0009258	1	1	1	1	1	1	1	1	1	1	1	1	1	1	1
N11	N11.HOG0009259	1	1	1	1	1	1	1	1	1	1	1	1	1	1	1
N11	N11.HOG0009260	1	1	1	1	1	1	1	1	1	1	1	1	1	1	1
N11	N11.HOG0009261	1	2	1	1	1	1	1	1	1	1	1	1	1	1	1
N11	N11.HOG0009262	1	1	1	1	1	1	1	1	1	1	1	1	1	1	1
N11	N11.HOG0009263	1	1	1	1	1	1	1	1	1	1	1	1	1	1	1
N11	N11.HOG0009264	1	1	1	1	1	1	1	1	1	1	1	1	1	1	1
N11	N11.HOG0009265	1	1	1	1	1	1	1	1	1	1	1	1	1	1	1
N11	N11.HOG0009266	1	1	1	1	1	1	1	1	1	1	1	1	1	1	1
N11	N11.HOG0009267	1	2	1	1	1	1	1	1	1	1	1	1	1	1	1
N11	N11.HOG0009268	1	1	1	1	1	1	1	1	1	1	1	1	1	1	1
N11	N11.HOG0009269	1	0	1	1	0	1	1	1	1	1	1	1	2	1	1
N11	N11.HOG0009270	1	1	1	1	1	1	1	1	1	1	1	1	1	1	1
N11	N11.HOG0009271	0	1	1	1	1	1	1	1	1	1	1	1	1	1	1
N11	N11.HOG0009272	1	1	1	1	1	1	1	1	1	1	1	1	1	1	1
N11	N11.HOG0009273	1	1	1	1	1	1	0	1	1	1	1	1	1	1	1
N11	N11.HOG0009274	1	1	1	1	1	1	1	1	1	1	1	1	1	1	1
N11	N11.HOG0009275	1	1	1	1	1	1	1	1	1	1	1	1	1	1	1
N11	N11.HOG0009276	1	1	1	1	1	1	1	1	1	1	1	1	1	1	1
N11	N11.HOG0009277	1	1	1	1	1	1	1	1	1	1	1	1	1	1	1
N11	N11.HOG0009278	1	1	1	1	1	1	1	1	1	1	1	1	1	1	1
N11	N11.HOG0009279	1	1	1	1	1	1	1	1	1	1	1	1	1	1	1
N11	N11.HOG0009280	1	2	1	1	1	1	1	1	1	1	1	1	1	1	1
N11	N11.HOG0009281	1	1	1	1	1	1	1	1	1	1	1	1	1	1	1
N11	N11.HOG0009282	1	1	1	1	1	1	1	1	1	1	1	1	1	1	1
N11	N11.HOG0009283	1	1	1	1	1	1	1	1	1	1	1	1	1	1	1
N11	N11.HOG0009284	1	1	1	1	1	1	1	1	1	1	1	1	1	1	1
N11	N11.HOG0009285	1	1	1	1	1	1	1	1	1	1	1	1	1	1	1
N11	N11.HOG0009286	1	1	1	1	1	1	1	1	1	1	1	1	1	1	1
N11	N11.HOG0009287	1	1	1	1	1	1	1	1	1	1	1	1	1	1	1
N11	N11.HOG0009288	1	1	1	1	1	1	1	1	1	1	1	1	1	1	1
N11	N11.HOG0009289	1	1	1	1	1	1	1	1	1	1	1	1	1	1	1
N11	N11.HOG0009290	1	1	1	1	1	1	1	1	1	1	1	1	1	1	1
N11	N11.HOG0009291	1	1	1	1	1	1	1	1	1	1	1	1	1	1	1
N11	N11.HOG0009292	0	1	1	1	1	1	1	1	1	1	1	1	1	1	1
N11	N11.HOG0009293	1	1	1	1	1	1	1	1	1	1	1	1	1	1	1
N11	N11.HOG0009294	1	1	1	1	0	1	1	1	1	1	1	1	1	1	1
N11	N11.HOG0009295	1	1	1	1	1	1	1	1	1	1	1	1	1	1	1
N11	N11.HOG0009296	1	1	1	1	1	1	1	1	1	1	1	1	1	1	1
N11	N11.HOG0009297	1	1	1	1	1	1	1	1	1	1	1	1	1	1	1
N11	N11.HOG0009298	1	1	1	1	0	1	1	1	1	1	1	1	1	1	1
N11	N11.HOG0009299	1	1	1	1	1	1	1	1	1	1	1	1	1	1	1
N11	N11.HOG0009300	1	1	1	1	1	1	1	1	1	1	1	1	1	1	1
N11	N11.HOG0009301	1	0	1	1	1	1	1	1	1	1	1	1	1	1	1
N11	N11.HOG0009302	1	1	1	1	1	1	1	1	1	1	1	1	1	1	0
N11	N11.HOG0009303	1	1	2	1	1	1	1	1	1	0	1	1	1	1	1
N11	N11.HOG0009304	1	1	1	1	1	1	1	1	1	1	1	1	1	1	1
N11	N11.HOG0009305	1	1	1	1	1	1	1	1	1	1	1	1	1	1	1
N11	N11.HOG0009306	1	1	1	1	1	1	1	1	1	1	1	1	1	1	1
N11	N11.HOG0009307	1	2	1	1	1	1	0	1	1	1	1	1	0	0	0
N11	N11.HOG0009308	1	0	1	1	1	1	1	1	1	1	1	1	1	1	1
N11	N11.HOG0009309	1	1	0	1	1	1	1	1	1	1	1	1	1	1	1
N11	N11.HOG0009310	1	1	1	1	1	1	1	1	1	1	1	1	1	1	1
N11	N11.HOG0009311	1	1	1	1	1	1	1	1	1	1	1	1	1	1	1
N11	N11.HOG0009312	0	1	1	1	1	1	1	1	1	1	1	1	1	1	1
N11	N11.HOG0009313	1	1	1	1	1	1	1	1	1	1	1	1	1	1	1
N11	N11.HOG0009314	0	1	1	1	1	1	1	1	1	1	1	1	1	1	1
N11	N11.HOG0009315	1	1	1	1	1	1	1	1	1	1	1	1	1	1	1
N11	N11.HOG0009316	1	1	1	1	1	1	1	1	1	1	1	1	1	1	1
N11	N11.HOG0009317	1	1	1	1	1	1	1	1	1	1	1	1	1	1	1
N11	N11.HOG0009318	1	1	1	1	1	1	1	1	1	1	1	1	1	1	1
N11	N11.HOG0009319	1	1	1	1	1	1	1	1	1	1	1	1	1	1	1
N11	N11.HOG0009320	1	1	1	1	1	1	1	1	1	1	1	1	1	1	1
N11	N11.HOG0009321	1	1	1	1	1	1	1	1	1	1	1	1	1	1	1
N11	N11.HOG0009322	1	1	1	1	1	1	1	1	1	1	1	1	0	1	1
N11	N11.HOG0009323	1	0	1	1	1	1	1	1	1	1	1	1	1	1	1
N11	N11.HOG0009324	1	1	1	1	1	1	2	1	1	1	1	1	1	1	1
N11	N11.HOG0009325	1	1	1	1	1	1	1	1	1	1	1	1	1	1	1
N11	N11.HOG0009326	1	1	1	1	1	1	1	1	0	1	1	1	1	1	1
N11	N11.HOG0009327	1	1	1	1	1	1	1	1	1	1	1	1	1	1	1
N11	N11.HOG0009328	0	1	1	1	1	1	1	1	1	1	1	1	1	1	1
N11	N11.HOG0009329	1	1	1	1	1	1	1	1	1	1	1	1	1	1	1
N11	N11.HOG0009330	1	0	1	1	1	1	1	1	1	1	1	1	1	1	1
N11	N11.HOG0009331	1	1	1	1	0	1	1	1	1	1	1	1	1	1	1
N11	N11.HOG0009332	1	0	1	1	1	1	1	1	1	1	1	1	1	1	1
N11	N11.HOG0009333	1	1	1	1	1	1	1	1	1	1	1	1	1	1	1
N11	N11.HOG0009334	1	1	1	1	1	1	1	1	1	1	1	1	1	1	1
N11	N11.HOG0009335	0	1	1	1	1	1	1	1	1	1	1	1	1	1	1
N11	N11.HOG0009336	0	1	1	0	1	1	1	1	1	1	1	1	2	1	1
N11	N11.HOG0009337	1	0	1	1	1	1	1	1	1	1	1	1	1	1	1
N11	N11.HOG0009338	1	1	1	1	1	1	1	1	1	1	1	1	1	1	1
N11	N11.HOG0009339	1	1	1	1	1	1	1	1	1	1	1	1	1	1	1
N11	N11.HOG0009340	0	2	1	1	1	1	1	1	1	1	1	1	1	1	1
N11	N11.HOG0009341	1	0	1	1	1	1	1	1	1	1	1	1	1	1	1
N11	N11.HOG0009342	1	1	1	1	0	1	1	1	1	1	1	1	1	1	1
N11	N11.HOG0009343	1	1	1	1	1	1	1	1	1	1	1	1	1	1	1
N11	N11.HOG0009344	1	1	1	1	1	1	1	1	1	1	1	1	1	1	1
N11	N11.HOG0009345	1	1	1	1	1	1	1	1	1	1	1	1	1	1	1
N11	N11.HOG0009346	0	1	1	1	1	1	1	1	1	1	1	1	1	1	1
N11	N11.HOG0009347	1	1	1	1	1	1	1	1	1	1	1	1	1	1	1
N11	N11.HOG0009348	1	1	1	1	1	1	1	1	1	1	1	1	1	1	1
N11	N11.HOG0009349	1	1	1	1	1	1	0	1	1	1	1	1	1	1	1
N11	N11.HOG0009350	1	1	1	1	1	1	1	1	1	1	1	1	1	1	0
N11	N11.HOG0009351	3	0	1	1	1	1	1	1	1	1	1	1	1	1	1
N11	N11.HOG0009352	1	1	1	1	1	1	1	1	1	1	1	1	1	1	1
N11	N11.HOG0009353	1	1	1	1	1	1	1	1	1	1	1	1	1	1	1
N11	N11.HOG0009354	1	1	1	1	1	1	1	1	1	1	1	1	1	1	1
N11	N11.HOG0009355	1	1	1	1	1	1	1	1	1	1	1	1	1	1	1
N11	N11.HOG0009356	1	1	1	1	1	1	1	1	1	1	1	1	1	1	1
N11	N11.HOG0009357	1	1	1	1	1	1	1	1	1	1	1	1	1	1	1
N11	N11.HOG0009358	1	1	1	1	1	1	1	1	1	1	1	1	1	1	1
N11	N11.HOG0009359	1	1	1	1	1	1	1	1	1	1	1	1	1	1	1
N11	N11.HOG0009360	1	1	1	1	1	1	1	1	1	1	1	1	1	1	1
N11	N11.HOG0009361	1	1	1	1	1	1	1	1	1	1	1	1	1	1	1
N11	N11.HOG0009362	1	1	1	1	1	1	1	1	1	1	1	1	0	1	1
N11	N11.HOG0009363	1	1	1	1	1	1	1	1	1	1	1	1	1	1	1
N11	N11.HOG0009364	1	1	1	1	1	1	2	1	1	1	1	1	1	1	1
N11	N11.HOG0009365	1	1	1	1	1	1	1	1	1	1	1	1	1	1	1
N11	N11.HOG0009366	1	1	1	1	1	1	1	1	1	1	1	1	1	1	1
N11	N11.HOG0009367	1	1	1	1	1	1	1	1	1	1	1	1	1	1	1
N11	N11.HOG0009368	1	1	1	1	1	1	1	1	1	1	1	1	1	1	1
N11	N11.HOG0009369	1	1	1	1	1	1	1	1	1	1	1	1	1	1	1
N11	N11.HOG0009370	1	1	1	1	1	1	1	1	1	1	1	1	1	1	1
N11	N11.HOG0009371	1	1	1	1	1	1	1	1	1	1	1	1	1	1	1
N11	N11.HOG0009372	1	1	1	1	1	1	1	1	1	1	1	1	1	1	1
N11	N11.HOG0009373	1	1	1	1	1	1	1	1	1	1	1	1	1	1	1
N11	N11.HOG0009374	1	0	1	1	1	1	1	1	1	1	1	1	1	1	1
N11	N11.HOG0009375	0	2	1	1	1	1	1	1	1	1	1	1	1	1	1
N11	N11.HOG0009376	1	0	1	1	1	1	1	1	1	1	1	1	1	1	1
N11	N11.HOG0009377	1	1	1	1	1	1	1	1	1	1	1	1	1	1	1
N11	N11.HOG0009378	1	2	1	1	0	1	1	1	1	1	1	1	1	1	1
N11	N11.HOG0009379	1	1	1	1	1	1	1	1	1	1	1	1	1	1	1
N11	N11.HOG0009380	1	1	1	1	1	1	1	1	1	1	1	1	1	1	1
N11	N11.HOG0009381	1	1	1	1	1	1	1	1	1	1	1	1	1	1	1
N11	N11.HOG0009382	1	1	1	1	1	1	1	1	1	1	1	1	1	1	1
N11	N11.HOG0009383	0	1	1	1	1	1	1	1	1	1	1	1	1	1	1
N11	N11.HOG0009384	1	0	1	1	1	1	1	1	1	1	1	1	1	1	1
N11	N11.HOG0009385	0	1	0	0	0	0	0	0	0	0	0	0	0	0	0
N11	N11.HOG0009386	1	1	1	1	1	1	1	1	1	1	1	1	1	1	1
N11	N11.HOG0009387	0	1	1	1	1	1	1	1	1	1	1	1	1	1	1
N11	N11.HOG0009388	1	1	1	1	1	1	1	1	1	1	1	1	1	1	0
N11	N11.HOG0009389	1	1	1	1	1	1	1	1	1	1	1	1	1	1	1
N11	N11.HOG0009390	1	0	1	1	1	1	1	1	1	1	1	1	1	1	1
N11	N11.HOG0009391	1	1	1	1	0	1	1	1	1	1	1	1	1	1	1
N11	N11.HOG0009392	1	0	1	1	1	1	1	1	1	1	1	1	1	1	1
N11	N11.HOG0009393	1	0	1	1	1	1	1	1	1	1	1	1	1	1	1
N11	N11.HOG0009394	1	1	1	1	1	1	1	1	1	1	1	1	1	1	1
N11	N11.HOG0009395	1	1	1	1	1	1	1	1	1	1	1	1	1	1	1
N11	N11.HOG0009396	1	0	1	1	1	1	1	1	1	1	1	1	1	1	1
N11	N11.HOG0009397	1	1	1	1	1	1	1	1	1	1	1	1	1	1	1
N11	N11.HOG0009398	1	1	1	1	1	1	1	1	1	1	1	1	1	1	1
N11	N11.HOG0009399	1	1	1	1	1	1	1	1	1	1	1	1	1	1	1
N11	N11.HOG0009400	1	1	1	1	1	1	1	1	1	1	1	1	1	1	1
N11	N11.HOG0009401	1	1	1	1	1	1	1	1	1	1	1	1	1	1	1
N11	N11.HOG0009402	1	1	1	1	1	1	1	1	1	1	1	1	1	1	1
N11	N11.HOG0009403	1	1	1	1	0	1	1	1	1	1	1	1	1	1	1
N11	N11.HOG0009404	1	1	1	1	1	1	1	1	1	1	1	1	1	1	1
N11	N11.HOG0009405	1	1	1	1	1	1	1	1	1	1	1	1	1	1	1
N11	N11.HOG0009406	1	1	1	1	1	1	1	1	1	1	1	1	1	1	1
N11	N11.HOG0009407	1	1	1	1	1	1	1	1	1	1	1	1	1	1	1
N11	N11.HOG0009408	1	1	1	1	1	1	1	1	1	1	1	1	1	1	1
N11	N11.HOG0009409	1	1	0	1	1	1	1	1	1	1	1	0	1	1	1
N11	N11.HOG0009410	1	1	1	1	1	1	1	1	1	1	1	1	1	1	1
N11	N11.HOG0009411	1	1	1	1	1	1	1	1	1	1	1	1	1	1	1
N11	N11.HOG0009412	1	1	1	1	1	1	1	1	1	1	1	1	1	1	1
N11	N11.HOG0009413	1	1	1	1	1	1	1	1	1	1	1	1	1	1	1
N11	N11.HOG0009414	1	1	1	1	1	1	1	1	1	1	1	1	1	1	1
N11	N11.HOG0009415	1	0	1	1	1	1	1	1	1	1	1	1	1	1	1
N11	N11.HOG0009416	1	0	1	1	1	1	1	1	1	1	1	1	1	1	1
N11	N11.HOG0009417	1	1	1	1	1	1	1	1	1	1	1	1	0	1	1
N11	N11.HOG0009418	1	1	1	1	1	1	1	1	1	1	1	1	1	1	1
N11	N11.HOG0009419	1	1	1	1	1	1	1	1	1	1	1	1	1	1	1
N11	N11.HOG0009420	1	1	1	1	1	1	1	1	1	1	1	1	1	1	1
N11	N11.HOG0009421	2	0	1	1	1	1	1	1	1	1	1	1	1	1	1
N11	N11.HOG0009422	1	1	1	1	1	1	1	1	1	1	1	1	1	1	1
N11	N11.HOG0009423	1	0	1	1	1	1	1	1	1	1	1	1	1	1	1
N11	N11.HOG0009424	1	1	1	1	2	1	1	1	1	1	1	1	1	1	1
N11	N11.HOG0009425	1	1	1	1	1	1	1	1	1	1	1	1	1	1	1
N11	N11.HOG0009426	1	1	1	1	1	1	1	1	1	1	1	1	1	1	1
N11	N11.HOG0009427	1	1	1	1	1	1	1	1	1	1	1	1	1	1	1
N11	N11.HOG0009428	1	1	1	1	1	1	1	1	1	1	1	1	1	1	1
N11	N11.HOG0009429	1	1	1	1	1	1	1	1	1	1	1	1	1	1	1
N11	N11.HOG0009430	1	0	1	1	1	1	1	1	1	1	1	1	1	1	1
N11	N11.HOG0009431	1	1	1	1	0	1	1	1	1	1	1	1	1	1	1
N11	N11.HOG0009432	1	1	1	1	1	1	0	1	1	1	1	1	1	1	1
N11	N11.HOG0009433	1	1	1	1	1	1	1	1	1	1	1	1	1	1	0
N11	N11.HOG0009434	1	0	1	0	1	1	1	1	1	1	1	1	1	1	1
N11	N11.HOG0009435	1	1	1	1	1	1	1	1	1	1	1	1	1	1	1
N11	N11.HOG0009436	1	0	2	1	1	1	1	1	1	1	1	1	1	1	1
N11	N11.HOG0009437	1	1	1	1	1	1	1	1	1	1	1	1	1	1	1
N11	N11.HOG0009438	1	1	1	1	1	1	1	1	1	1	1	1	1	1	1
N11	N11.HOG0009439	1	1	1	1	1	1	1	1	1	1	1	1	1	1	1
N11	N11.HOG0009440	1	1	1	1	1	1	1	1	1	1	1	1	1	1	1
N11	N11.HOG0009441	1	1	1	1	1	1	1	1	1	1	1	1	1	2	1
N11	N11.HOG0009442	1	0	1	1	1	1	1	1	1	1	1	1	1	2	1
N11	N11.HOG0009443	1	1	1	1	1	1	1	1	0	1	1	1	1	1	1
N11	N11.HOG0009444	1	0	1	1	1	1	1	1	1	1	1	1	1	1	1
N11	N11.HOG0009445	1	1	1	1	1	1	1	1	1	1	1	1	1	1	1
N11	N11.HOG0009446	1	1	1	1	1	1	1	1	1	1	1	1	1	1	1
N11	N11.HOG0009447	1	1	1	1	1	1	0	1	1	1	1	1	1	1	1
N11	N11.HOG0009448	1	1	1	1	1	1	1	1	1	1	1	1	1	1	1
N11	N11.HOG0009449	1	1	1	1	1	1	1	1	1	1	1	0	1	1	1
N11	N11.HOG0009450	1	1	1	1	1	1	1	1	1	1	1	1	2	1	1
N11	N11.HOG0009451	1	1	1	1	1	1	1	1	1	1	1	1	1	1	1
N11	N11.HOG0009452	1	1	1	1	1	1	1	1	1	1	1	1	1	1	1
N11	N11.HOG0009453	1	1	1	1	1	1	1	1	1	1	1	1	1	1	1
N11	N11.HOG0009454	0	1	1	1	1	1	1	1	1	1	1	1	1	2	1
N11	N11.HOG0009455	1	1	1	1	1	1	1	1	1	0	1	1	1	1	1
N11	N11.HOG0009456	2	1	1	1	1	1	1	1	1	1	1	1	1	2	1
N11	N11.HOG0009457	1	1	1	1	1	1	1	1	1	1	1	1	1	1	1
N11	N11.HOG0009458	1	1	1	1	1	1	1	1	1	1	1	1	1	1	1
N11	N11.HOG0009459	1	1	1	1	1	1	1	1	1	1	1	1	1	1	1
N11	N11.HOG0009460	1	1	1	1	1	1	1	1	1	1	1	1	1	1	1
N11	N11.HOG0009461	1	1	1	1	1	1	1	1	1	1	1	1	1	1	1
N11	N11.HOG0009462	1	1	1	1	1	1	1	1	1	1	1	1	1	1	1
N11	N11.HOG0009463	1	1	1	1	1	1	1	1	1	1	1	1	1	1	1
N11	N11.HOG0009464	1	1	1	1	1	1	1	1	1	1	1	1	1	1	1
N11	N11.HOG0009465	0	1	1	1	1	1	1	1	1	1	1	1	1	1	1
N11	N11.HOG0009466	1	2	1	1	0	1	1	1	1	1	1	1	1	1	1
N11	N11.HOG0009467	1	1	1	1	1	1	1	1	1	1	1	1	1	1	1
N11	N11.HOG0009468	1	1	1	1	1	1	1	1	1	1	1	1	0	1	1
N11	N11.HOG0009469	1	1	1	1	1	1	1	1	1	1	1	1	0	1	1
N11	N11.HOG0009470	1	1	1	1	1	1	1	1	1	1	1	1	1	1	1
N11	N11.HOG0009471	1	1	1	1	1	1	1	1	1	1	1	1	1	1	1
N11	N11.HOG0009472	0	1	1	1	1	1	1	1	1	1	1	1	0	1	1
N11	N11.HOG0009473	1	1	1	1	1	1	1	1	1	1	1	1	1	1	1
N11	N11.HOG0009474	1	1	1	1	1	1	1	1	1	1	1	1	1	1	1
N11	N11.HOG0009475	1	2	1	1	0	1	1	1	1	1	1	1	1	1	1
N11	N11.HOG0009476	1	1	1	1	1	1	1	1	1	1	1	1	1	1	1
N11	N11.HOG0009477	0	1	1	1	1	1	2	1	1	1	1	1	1	1	1
N11	N11.HOG0009478	1	1	1	1	1	1	1	1	1	1	1	1	1	1	1
N11	N11.HOG0009479	1	1	1	1	1	1	1	1	1	1	1	1	1	1	1
N11	N11.HOG0009480	1	1	1	1	1	1	1	1	1	1	1	1	1	1	1
N11	N11.HOG0009481	1	1	1	1	1	1	1	1	1	1	1	1	1	1	1
N11	N11.HOG0009482	1	1	1	1	1	1	1	1	1	1	1	1	1	1	1
N11	N11.HOG0009483	1	1	1	1	1	1	1	1	1	1	1	1	1	1	1
N11	N11.HOG0009484	1	0	1	1	1	1	1	1	1	1	1	1	1	1	1
N11	N11.HOG0009485	1	1	1	1	1	1	1	1	1	1	1	1	1	1	1
N11	N11.HOG0009486	1	1	1	1	1	1	1	1	1	1	1	1	1	1	1
N11	N11.HOG0009487	1	1	1	1	1	1	1	1	1	1	1	1	1	1	1
N11	N11.HOG0009488	1	1	1	1	1	1	1	1	1	1	1	1	1	1	1
N11	N11.HOG0009489	1	1	1	1	1	1	1	1	1	1	1	1	1	1	1
N11	N11.HOG0009490	2	1	1	1	1	1	1	1	1	1	1	1	1	1	1
N11	N11.HOG0009491	1	1	1	1	1	1	1	1	1	1	1	1	1	1	1
N11	N11.HOG0009492	1	1	1	1	1	1	1	1	1	1	1	1	1	1	1
N11	N11.HOG0009493	1	1	1	1	1	1	1	1	1	1	1	1	1	1	1
N11	N11.HOG0009494	1	1	1	1	1	1	1	1	1	1	1	1	1	1	1
N11	N11.HOG0009495	1	1	1	1	1	1	1	1	1	1	1	1	1	1	1
N11	N11.HOG0009496	1	1	1	1	1	1	1	1	1	1	1	1	1	1	1
N11	N11.HOG0009497	1	1	1	1	1	1	1	1	1	1	1	1	1	1	1
N11	N11.HOG0009498	1	1	1	1	1	1	1	1	1	1	1	1	1	1	1
N11	N11.HOG0009499	1	1	1	1	1	1	1	1	1	1	1	1	1	1	1
N11	N11.HOG0009500	0	1	1	1	1	1	1	1	1	1	1	1	1	1	1
N11	N11.HOG0009501	1	1	1	1	1	1	1	1	1	1	1	1	1	1	1
N11	N11.HOG0009502	1	1	1	1	1	1	1	1	1	1	1	1	1	1	1
N11	N11.HOG0009503	1	1	1	1	1	1	1	1	1	1	1	1	1	1	1
N11	N11.HOG0009504	1	1	1	1	1	1	1	1	1	1	1	1	1	1	1
N11	N11.HOG0009505	0	1	1	1	1	1	1	1	1	1	1	1	1	1	1
N11	N11.HOG0009506	0	1	1	1	1	1	1	1	1	1	1	1	1	1	1
N11	N11.HOG0009507	1	1	1	1	1	1	1	1	1	1	1	1	1	1	2
N11	N11.HOG0009508	1	1	1	1	1	1	1	1	1	1	1	1	1	1	2
N11	N11.HOG0009509	1	1	1	1	1	1	1	1	1	1	1	1	1	1	1
N11	N11.HOG0009510	1	1	1	1	1	1	1	1	1	1	1	1	1	1	1
N11	N11.HOG0009511	1	1	1	1	1	1	1	1	1	1	1	1	1	1	1
N11	N11.HOG0009512	1	1	1	1	1	1	1	1	1	1	1	1	1	1	1
N11	N11.HOG0009513	1	1	1	1	1	1	1	1	1	1	1	1	1	1	1
N11	N11.HOG0009514	1	1	1	1	1	1	1	1	1	1	1	1	1	1	1
N11	N11.HOG0009515	1	1	1	1	1	1	1	1	1	1	1	1	1	1	1
N11	N11.HOG0009516	2	1	1	1	1	1	1	1	1	1	1	1	1	1	1
N11	N11.HOG0009517	1	1	1	1	1	1	1	1	1	1	1	1	1	1	1
N11	N11.HOG0009518	1	1	1	1	1	1	2	1	1	1	1	1	1	1	1
N11	N11.HOG0009519	1	1	1	1	1	1	1	1	1	1	1	1	1	1	1
N11	N11.HOG0009520	0	1	1	1	1	1	1	1	1	1	1	1	1	1	1
N11	N11.HOG0009521	1	1	1	1	1	1	1	1	1	1	1	1	1	1	1
N11	N11.HOG0009522	1	1	1	1	1	1	1	1	1	1	1	1	1	1	1
N11	N11.HOG0009523	1	0	1	1	1	1	1	0	0	1	1	0	1	1	1
N11	N11.HOG0009524	0	1	0	0	0	0	0	0	0	0	0	0	0	0	0
N11	N11.HOG0009525	0	2	0	0	0	0	0	0	0	0	0	0	0	0	0
N11	N11.HOG0009526	1	1	1	1	0	1	1	1	1	1	1	1	1	1	1
N11	N11.HOG0009527	1	1	1	1	1	1	1	1	1	1	1	1	1	1	1
N11	N11.HOG0009528	1	2	1	1	1	1	1	1	1	1	1	1	0	1	1
N11	N11.HOG0009529	1	1	1	1	1	1	1	1	1	1	1	1	1	1	1
N11	N11.HOG0009530	1	1	1	1	1	1	1	1	1	1	1	1	1	1	1
N11	N11.HOG0009531	0	1	1	1	1	1	1	1	1	1	1	1	1	1	1
N11	N11.HOG0009532	1	1	1	1	1	1	1	1	1	1	1	1	1	1	1
N11	N11.HOG0009533	1	1	1	1	1	1	1	1	1	1	1	1	1	1	1
N11	N11.HOG0009534	1	2	1	1	0	1	1	1	1	1	1	1	1	1	1
N11	N11.HOG0009535	1	0	1	1	1	1	1	1	1	1	1	1	1	1	1
N11	N11.HOG0009536	1	1	1	1	1	1	1	1	1	1	1	1	1	1	1
N11	N11.HOG0009537	0	1	0	0	0	0	0	0	0	0	0	0	0	0	0
N11	N11.HOG0009538	1	1	1	0	1	1	1	1	1	1	1	0	1	1	1
N11	N11.HOG0009539	1	1	1	1	1	1	1	1	1	1	1	1	1	1	2
N11	N11.HOG0009540	1	1	1	1	1	1	1	1	1	1	1	1	1	1	1
N11	N11.HOG0009541	1	1	1	1	1	1	1	1	1	1	1	0	1	1	1
N11	N11.HOG0009542	1	1	1	1	1	1	1	1	1	1	1	1	1	1	1
N11	N11.HOG0009543	1	1	1	1	1	1	1	1	1	1	1	1	1	1	1
N11	N11.HOG0009544	1	2	1	1	1	1	1	1	1	1	1	1	1	1	1
N11	N11.HOG0009545	1	1	1	1	1	1	1	1	1	1	1	1	1	1	1
N11	N11.HOG0009546	1	1	1	1	1	1	1	1	1	1	1	1	1	1	1
N11	N11.HOG0009547	1	1	1	1	1	1	1	1	1	1	1	1	1	1	1
N11	N11.HOG0009548	1	1	1	1	1	1	1	1	1	1	1	1	1	1	1
N11	N11.HOG0009549	1	1	1	1	1	1	1	1	1	1	1	1	1	1	1
N11	N11.HOG0009550	1	1	1	1	1	1	1	1	1	1	1	1	1	1	1
N11	N11.HOG0009551	1	1	1	1	0	1	1	1	1	1	1	1	1	1	1
N11	N11.HOG0009552	1	1	1	1	1	1	1	1	1	1	1	1	1	1	1
N11	N11.HOG0009553	1	1	1	1	1	1	1	1	1	1	1	1	1	1	1
N11	N11.HOG0009554	1	1	1	1	1	1	1	1	1	1	1	1	2	1	1
N11	N11.HOG0009555	1	1	1	1	1	1	1	1	1	1	1	1	1	1	1
N11	N11.HOG0009556	1	1	1	1	1	1	1	1	1	1	1	1	1	1	1
N11	N11.HOG0009557	1	1	1	1	1	1	1	1	1	1	1	1	1	1	1
N11	N11.HOG0009558	1	1	1	1	1	1	1	1	1	1	1	1	1	1	1
N11	N11.HOG0009559	1	1	1	1	1	1	1	1	1	1	1	1	1	1	1
N11	N11.HOG0009560	1	1	1	1	1	1	1	1	1	1	1	1	1	1	1
N11	N11.HOG0009561	1	1	1	1	1	1	1	1	1	1	1	1	1	1	1
N11	N11.HOG0009562	0	1	1	1	1	1	1	1	1	1	1	1	1	1	1
N11	N11.HOG0009563	0	1	1	1	1	1	1	1	1	1	1	1	1	1	1
N11	N11.HOG0009564	1	1	1	1	1	1	1	1	1	1	1	1	1	1	1
N11	N11.HOG0009565	1	1	1	1	1	1	1	1	1	1	1	1	1	1	1
N11	N11.HOG0009566	1	1	1	1	1	1	1	1	1	1	1	1	1	1	1
N11	N11.HOG0009567	1	1	1	1	1	1	1	1	1	1	1	1	1	1	1
N11	N11.HOG0009568	1	1	1	1	1	1	1	1	1	1	1	1	1	1	1
N11	N11.HOG0009569	1	1	1	1	1	1	1	1	1	1	1	1	1	1	1
N11	N11.HOG0009570	1	1	1	1	1	1	1	1	1	1	1	1	1	1	1
N11	N11.HOG0009571	1	0	1	1	1	1	1	1	1	1	1	1	1	1	1
N11	N11.HOG0009572	1	1	1	1	1	1	1	1	1	1	1	1	1	1	1
N11	N11.HOG0009573	1	1	1	1	1	1	1	1	1	1	1	1	1	1	1
N11	N11.HOG0009574	1	1	1	1	1	1	1	1	1	1	1	1	1	1	1
N11	N11.HOG0009575	1	1	1	1	1	1	1	1	1	1	1	1	1	1	1
N11	N11.HOG0009576	1	1	1	1	1	1	1	1	1	1	1	1	1	1	1
N11	N11.HOG0009577	1	1	1	1	1	1	1	1	1	1	1	1	1	1	1
N11	N11.HOG0009578	1	1	1	1	1	1	1	1	1	1	1	1	1	1	1
N11	N11.HOG0009579	1	1	1	1	1	1	1	1	1	1	1	1	1	1	1
N11	N11.HOG0009580	1	1	1	1	1	1	1	1	1	1	1	1	0	1	1
N11	N11.HOG0009581	1	1	1	1	1	1	1	1	1	1	1	1	1	1	1
N11	N11.HOG0009582	1	1	1	1	1	1	1	1	1	1	1	1	1	1	1
N11	N11.HOG0009583	1	1	1	1	1	1	1	1	1	1	1	1	0	1	1
N11	N11.HOG0009584	1	0	1	1	1	1	1	1	1	1	1	1	1	1	1
N11	N11.HOG0009585	1	1	1	1	1	1	1	1	1	1	1	1	1	1	1
N11	N11.HOG0009586	1	1	1	1	1	1	1	1	1	1	1	1	1	1	1
N11	N11.HOG0009587	1	1	1	1	1	1	0	1	1	1	1	1	1	1	1
N11	N11.HOG0009588	1	1	1	1	1	1	1	1	1	1	1	1	1	1	1
N11	N11.HOG0009589	1	1	1	1	1	1	1	1	1	1	1	1	1	1	1
N11	N11.HOG0009590	1	1	1	1	1	1	1	1	1	1	1	1	1	1	1
N11	N11.HOG0009591	1	1	1	1	1	1	1	1	1	1	1	1	1	1	1
N11	N11.HOG0009592	1	1	1	1	1	1	1	1	1	1	1	1	1	1	1
N11	N11.HOG0009593	0	1	1	1	1	1	1	1	1	1	1	1	1	1	1
N11	N11.HOG0009594	1	1	1	1	1	1	1	1	1	1	1	1	1	1	1
N11	N11.HOG0009595	1	1	1	1	1	1	1	1	1	1	1	1	1	1	1
N11	N11.HOG0009596	1	1	1	1	1	1	1	1	1	1	1	1	1	1	1
N11	N11.HOG0009597	1	2	1	1	1	1	1	1	1	1	1	1	1	1	1
N11	N11.HOG0009598	1	2	1	1	1	1	1	1	1	1	1	1	1	1	1
N11	N11.HOG0009599	1	1	1	1	1	1	1	1	1	1	1	1	1	1	1
N11	N11.HOG0009600	1	1	1	1	1	1	1	1	1	1	1	1	1	1	1
N11	N11.HOG0009601	1	1	1	1	1	1	1	1	1	1	1	1	1	1	1
N11	N11.HOG0009602	1	1	1	1	1	1	1	1	1	1	1	1	1	1	1
N11	N11.HOG0009603	1	1	1	1	1	1	1	1	1	1	1	1	1	1	1
N11	N11.HOG0009604	1	0	1	1	1	1	1	1	1	1	1	1	1	1	1
N11	N11.HOG0009605	1	1	1	1	1	1	1	1	1	1	1	1	1	0	1
N11	N11.HOG0009606	0	1	1	1	1	1	1	1	1	1	1	1	1	1	1
N11	N11.HOG0009607	1	1	1	1	1	1	1	1	1	1	1	1	1	1	1
N11	N11.HOG0009608	1	1	1	1	1	1	1	1	1	1	1	1	1	1	1
N11	N11.HOG0009609	1	1	1	1	1	1	1	1	1	1	1	1	1	1	1
N11	N11.HOG0009610	1	1	1	1	1	1	1	1	1	1	1	1	1	1	1
N11	N11.HOG0009611	1	1	1	1	1	1	1	1	1	1	1	1	1	1	1
N11	N11.HOG0009612	1	1	1	1	1	1	2	1	1	1	1	1	1	1	1
N11	N11.HOG0009613	1	1	1	1	1	1	1	1	1	1	1	1	1	1	1
N11	N11.HOG0009614	1	1	1	1	1	1	1	1	1	1	1	1	1	1	1
N11	N11.HOG0009615	1	1	1	1	1	1	1	1	1	1	1	1	1	1	1
N11	N11.HOG0009616	0	1	1	1	1	1	1	1	1	1	1	1	1	1	1
N11	N11.HOG0009617	1	2	1	1	1	1	1	1	1	1	1	1	1	1	1
N11	N11.HOG0009618	1	1	1	1	1	1	1	1	1	1	1	1	0	1	1
N11	N11.HOG0009619	1	1	1	1	1	1	1	1	1	1	1	1	1	1	1
N11	N11.HOG0009620	1	1	1	1	1	1	1	1	1	1	1	1	1	1	1
N11	N11.HOG0009621	1	1	1	1	1	1	1	1	1	1	1	1	1	1	1
N11	N11.HOG0009622	1	1	1	1	1	1	1	1	1	1	1	1	1	1	1
N11	N11.HOG0009623	1	0	1	1	1	1	1	1	1	1	1	1	1	1	1
N11	N11.HOG0009624	1	0	1	1	1	1	1	1	1	1	1	1	0	1	1
N11	N11.HOG0009625	1	1	1	1	1	1	1	1	1	1	1	1	1	1	1
N11	N11.HOG0009626	0	1	1	1	1	1	1	1	1	1	1	1	1	1	1
N11	N11.HOG0009627	1	1	1	1	1	1	1	1	1	1	1	1	1	1	1
N11	N11.HOG0009628	0	1	1	1	1	1	1	1	1	1	1	1	1	1	1
N11	N11.HOG0009629	1	1	1	1	1	1	1	1	1	1	1	1	1	1	1
N11	N11.HOG0009630	1	1	1	1	1	1	1	1	1	1	1	1	1	1	1
N11	N11.HOG0009631	1	1	1	1	1	1	1	1	1	1	1	1	1	1	1
N11	N11.HOG0009632	1	2	1	1	1	1	1	1	1	1	1	0	1	1	1
N11	N11.HOG0009633	1	1	1	1	1	1	1	1	1	1	1	1	1	1	1
N11	N11.HOG0009634	1	2	1	1	1	1	1	1	1	1	1	1	1	1	1
N11	N11.HOG0009635	1	1	1	1	1	1	1	1	1	1	1	1	1	1	1
N11	N11.HOG0009636	1	1	1	1	1	1	1	1	1	1	1	1	1	1	1
N11	N11.HOG0009637	1	1	1	1	1	1	1	0	0	1	1	1	1	1	1
N11	N11.HOG0009638	1	1	1	1	1	1	1	1	1	1	1	1	1	1	1
N11	N11.HOG0009639	1	1	1	1	1	1	1	1	1	1	1	1	1	1	1
N11	N11.HOG0009640	1	1	1	1	1	1	1	1	1	1	1	1	1	1	1
N11	N11.HOG0009641	0	1	1	1	1	1	1	1	1	1	1	1	1	1	1
N11	N11.HOG0009642	1	1	1	1	1	1	1	1	1	1	1	1	1	1	1
N11	N11.HOG0009643	1	0	1	1	1	1	1	1	1	1	1	1	1	1	1
N11	N11.HOG0009644	1	1	1	1	1	1	1	1	1	1	1	1	1	1	1
N11	N11.HOG0009645	1	2	1	1	1	1	1	1	1	1	1	1	1	1	1
N11	N11.HOG0009646	1	2	1	1	1	1	1	1	1	1	1	1	1	1	1
N11	N11.HOG0009647	1	1	1	1	1	1	1	1	1	1	1	1	1	1	1
N11	N11.HOG0009648	1	0	1	1	1	1	1	1	1	1	1	1	1	1	1
N11	N11.HOG0009649	1	1	1	1	1	1	1	1	1	1	1	1	1	1	1
N11	N11.HOG0009650	1	1	1	1	1	1	1	1	1	1	1	1	1	1	1
N11	N11.HOG0009651	1	1	1	1	1	1	1	1	1	1	1	1	1	1	1
N11	N11.HOG0009652	1	1	1	1	1	1	1	1	1	1	1	1	1	1	1
N11	N11.HOG0009653	1	1	1	1	1	1	1	1	1	1	1	1	1	1	1
N11	N11.HOG0009654	1	1	1	1	1	1	1	1	1	1	0	1	1	1	1
N11	N11.HOG0009655	1	1	1	0	1	1	1	1	1	1	1	1	1	1	1
N11	N11.HOG0009656	1	2	1	1	1	1	1	1	1	1	1	1	1	1	1
N11	N11.HOG0009657	1	1	1	1	1	1	1	1	1	1	1	1	1	1	1
N11	N11.HOG0009658	1	1	1	1	1	1	1	1	1	1	1	1	1	1	1
N11	N11.HOG0009659	0	1	1	1	1	1	1	1	1	1	1	1	1	1	1
N11	N11.HOG0009660	1	1	1	1	1	1	1	1	1	1	1	1	1	1	1
N11	N11.HOG0009661	1	1	1	1	1	1	1	1	1	1	1	1	1	1	1
N11	N11.HOG0009662	1	1	1	1	1	1	1	1	1	1	1	1	1	1	1
N11	N11.HOG0009663	1	1	1	1	1	1	1	1	1	1	1	1	1	1	1
N11	N11.HOG0009664	1	1	1	1	1	1	1	1	1	1	1	1	1	1	1
N11	N11.HOG0009665	0	1	1	1	1	1	1	1	1	1	1	1	1	1	1
N11	N11.HOG0009666	1	1	1	1	1	1	1	1	1	1	1	1	1	1	1
N11	N11.HOG0009667	1	1	1	1	1	1	1	1	1	1	1	1	1	1	1
N11	N11.HOG0009668	1	1	1	1	1	1	1	1	1	1	1	1	1	1	1
N11	N11.HOG0009669	1	1	1	1	1	1	1	1	1	1	1	1	1	1	1
N11	N11.HOG0009670	1	0	1	1	1	1	1	1	1	1	1	1	1	1	1
N11	N11.HOG0009671	1	1	1	1	1	1	1	1	1	1	1	1	1	1	1
N11	N11.HOG0009672	0	1	1	1	1	1	1	1	1	1	1	1	1	1	1
N11	N11.HOG0009673	1	1	1	1	1	1	1	1	1	1	1	1	1	1	1
N11	N11.HOG0009674	1	1	1	1	1	1	1	1	1	1	1	1	1	1	1
N11	N11.HOG0009675	1	1	1	1	1	1	1	1	1	1	1	1	1	1	1
N11	N11.HOG0009676	1	1	1	1	1	1	1	1	1	1	1	1	1	1	1
N11	N11.HOG0009677	0	1	1	1	1	1	1	1	1	1	1	1	1	2	1
N11	N11.HOG0009678	1	1	1	1	1	1	1	1	1	1	1	1	1	1	1
N11	N11.HOG0009679	1	1	1	1	0	1	1	1	1	1	1	1	1	1	1
N11	N11.HOG0009680	1	1	1	1	1	1	1	1	1	1	1	1	1	1	1
N11	N11.HOG0009681	1	1	1	1	1	1	1	1	1	1	1	1	1	1	1
N11	N11.HOG0009682	1	1	1	1	1	1	1	1	1	1	1	1	1	1	1
N11	N11.HOG0009683	0	1	1	1	1	1	1	1	1	1	1	1	1	1	1
N11	N11.HOG0009684	1	1	1	1	1	1	1	1	1	1	1	1	1	1	1
N11	N11.HOG0009685	1	1	1	1	1	1	1	1	1	1	1	1	1	1	1
N11	N11.HOG0009686	1	1	1	1	1	1	1	1	1	1	1	1	2	1	1
N11	N11.HOG0009687	1	1	1	1	1	1	1	1	1	1	1	1	1	1	1
N11	N11.HOG0009688	1	1	1	1	1	1	1	1	1	1	1	1	0	1	1
N11	N11.HOG0009689	1	1	1	1	1	1	1	1	1	1	1	1	1	1	1
N11	N11.HOG0009690	1	1	1	1	1	1	1	1	1	1	1	1	1	1	1
N11	N11.HOG0009691	1	1	1	1	1	1	1	1	1	1	1	1	1	1	1
N11	N11.HOG0009692	1	1	1	1	1	1	1	1	1	1	1	1	1	1	1
N11	N11.HOG0009693	1	1	1	1	1	1	1	1	1	1	1	1	1	1	1
N11	N11.HOG0009694	1	1	1	1	1	1	1	1	1	1	1	1	1	1	1
N11	N11.HOG0009695	1	1	1	1	1	1	1	1	1	1	1	1	1	1	1
N11	N11.HOG0009696	1	1	1	1	1	1	1	1	1	1	1	1	1	1	1
N11	N11.HOG0009697	1	1	1	1	1	1	1	1	1	1	1	1	0	1	1
N11	N11.HOG0009698	1	1	1	1	1	1	1	1	1	1	1	1	1	1	2
N11	N11.HOG0009699	1	0	1	1	1	1	1	1	1	1	1	1	1	1	1
N11	N11.HOG0009700	1	1	1	1	1	1	1	1	1	1	1	1	0	1	1
N11	N11.HOG0009701	1	1	1	1	1	1	1	1	1	1	1	1	1	1	1
N11	N11.HOG0009702	0	2	1	1	1	1	1	1	1	1	1	1	1	1	1
N11	N11.HOG0009703	0	0	1	1	1	1	1	1	1	1	1	1	1	1	1
N11	N11.HOG0009704	1	1	1	1	1	1	1	1	1	1	1	1	1	1	1
N11	N11.HOG0009705	1	2	1	1	1	1	1	1	1	1	1	1	1	1	2
N11	N11.HOG0009706	1	1	1	1	1	1	1	1	1	1	1	1	1	1	1
N11	N11.HOG0009707	1	1	1	1	1	1	1	1	1	1	1	1	1	1	1
N11	N11.HOG0009708	1	1	1	1	1	1	1	1	1	1	1	1	1	1	1
N11	N11.HOG0009709	1	1	1	1	1	1	1	1	1	1	1	1	1	1	1
N11	N11.HOG0009710	1	1	1	1	1	1	1	1	1	1	1	1	1	1	1
N11	N11.HOG0009711	0	1	1	1	1	1	1	1	1	1	1	1	1	1	1
N11	N11.HOG0009712	1	1	1	1	1	1	1	1	1	1	1	1	1	1	1
N11	N11.HOG0009713	1	2	1	1	1	1	1	1	1	1	1	1	1	1	0
N11	N11.HOG0009714	1	1	1	1	1	1	1	1	1	1	1	1	1	1	1
N11	N11.HOG0009715	1	1	1	1	1	1	1	1	1	1	1	1	1	1	1
N11	N11.HOG0009716	1	1	1	1	1	0	1	1	1	1	1	1	1	1	1
N11	N11.HOG0009717	1	1	1	1	1	1	1	1	1	1	1	1	2	1	1
N11	N11.HOG0009718	1	1	1	1	1	1	1	1	1	1	1	1	1	1	1
N11	N11.HOG0009719	1	1	1	1	2	1	1	1	1	1	1	1	1	1	1
N11	N11.HOG0009720	2	1	1	1	1	1	1	1	1	1	1	1	1	1	1
N11	N11.HOG0009721	1	1	1	1	1	1	1	1	1	1	1	1	1	1	1
N11	N11.HOG0009722	1	1	1	1	1	1	1	1	1	1	1	1	1	1	1
N11	N11.HOG0009723	1	1	1	1	1	1	1	1	1	1	1	1	1	1	1
N11	N11.HOG0009724	1	1	1	1	1	1	1	1	1	1	1	1	1	1	1
N11	N11.HOG0009725	1	1	1	1	1	1	1	1	1	1	1	1	1	1	1
N11	N11.HOG0009726	1	1	1	1	0	1	1	1	1	1	1	1	1	1	1
N11	N11.HOG0009727	1	1	0	0	0	0	0	0	0	0	0	0	1	1	0
N11	N11.HOG0009728	1	1	1	1	2	0	1	0	0	0	0	0	1	1	0
N11	N11.HOG0009729	0	0	0	0	1	0	0	1	0	0	0	0	1	0	0
N11	N11.HOG0009730	1	1	1	1	1	1	1	1	1	1	1	1	1	1	1
N11	N11.HOG0009731	1	1	1	1	1	1	1	1	1	1	1	1	1	1	1
N11	N11.HOG0009732	1	0	1	1	0	1	1	1	1	1	1	1	1	1	1
N11	N11.HOG0009733	1	2	1	1	2	1	1	1	1	1	1	1	1	1	1
N11	N11.HOG0009734	0	1	1	1	1	1	1	1	1	1	1	1	1	1	1
N11	N11.HOG0009735	0	1	1	1	0	1	1	1	1	1	1	1	1	0	1
N11	N11.HOG0009736	0	1	1	1	1	1	1	1	1	1	1	1	0	0	1
N11	N11.HOG0009737	1	1	1	1	1	1	1	1	1	1	1	1	1	1	1
N11	N11.HOG0009738	1	1	1	1	1	1	1	1	1	1	1	1	1	1	1
N11	N11.HOG0009739	0	1	1	1	1	1	1	1	1	1	1	1	1	1	1
N11	N11.HOG0009740	1	1	1	1	1	1	1	1	1	1	1	1	1	1	2
N11	N11.HOG0009741	1	1	1	1	1	1	1	1	1	1	1	1	1	1	1
N11	N11.HOG0009742	1	1	1	1	1	1	1	1	1	1	1	1	1	1	1
N11	N11.HOG0009743	1	1	1	1	1	1	1	1	1	1	1	1	1	1	1
N11	N11.HOG0009744	1	1	1	1	1	1	1	1	1	1	1	1	1	1	1
N11	N11.HOG0009745	1	1	1	1	1	1	1	1	1	1	1	1	1	1	0
N11	N11.HOG0009746	0	1	1	1	1	1	1	1	1	1	1	1	1	1	1
N11	N11.HOG0009747	1	1	1	1	1	1	1	1	1	1	1	1	1	1	1
N11	N11.HOG0009748	1	1	1	1	1	1	1	1	1	1	1	1	1	1	1
N11	N11.HOG0009749	1	1	1	1	1	1	1	1	1	1	1	1	1	1	1
N11	N11.HOG0009750	1	1	1	1	1	1	1	1	1	1	1	1	1	2	1
N11	N11.HOG0009751	1	1	1	1	1	1	1	1	0	1	1	1	1	1	1
N11	N11.HOG0009752	1	1	1	1	1	1	1	1	1	1	1	1	1	1	1
N11	N11.HOG0009753	1	1	1	1	1	1	1	1	1	1	1	1	1	1	1
N11	N11.HOG0009754	1	1	1	0	1	1	1	1	1	1	1	1	1	1	1
N11	N11.HOG0009755	1	0	1	1	1	1	1	1	1	1	1	1	1	1	1
N11	N11.HOG0009756	0	1	1	1	1	1	1	1	1	1	1	1	1	1	1
N11	N11.HOG0009757	1	2	1	1	1	1	1	1	1	1	1	1	1	1	1
N11	N11.HOG0009758	1	1	1	1	1	1	1	1	1	1	1	1	1	1	1
N11	N11.HOG0009759	0	1	1	1	1	1	1	1	1	1	1	1	1	1	1
N11	N11.HOG0009760	1	2	1	1	1	1	1	1	1	1	1	1	1	1	1
N11	N11.HOG0009761	1	1	1	1	1	1	1	1	1	1	1	1	1	1	2
N11	N11.HOG0009762	1	1	1	1	1	1	1	1	1	1	1	1	1	1	1
N11	N11.HOG0009763	1	2	1	1	0	1	1	1	1	1	1	1	1	1	1
N11	N11.HOG0009764	1	0	1	1	0	1	1	1	1	1	1	1	1	1	1
N11	N11.HOG0009765	1	1	1	1	1	1	1	1	1	1	1	1	1	1	1
N11	N11.HOG0009766	1	1	1	1	1	1	1	1	1	1	1	1	1	1	1
N11	N11.HOG0009767	1	1	1	1	1	1	1	1	1	1	1	1	1	1	2
N11	N11.HOG0009768	1	1	1	1	1	1	1	1	1	1	1	1	1	1	1
N11	N11.HOG0009769	1	1	1	1	1	0	1	1	1	1	1	1	1	1	1
N11	N11.HOG0009770	0	1	1	1	1	0	1	1	1	1	1	1	7	1	1
N11	N11.HOG0009771	1	0	1	1	1	1	1	1	1	1	1	1	1	1	1
N11	N11.HOG0009772	1	0	1	1	1	1	1	1	1	1	1	1	1	1	1
N11	N11.HOG0009773	1	1	1	1	1	1	1	1	1	1	1	1	1	1	1
N11	N11.HOG0009774	1	0	1	1	1	1	1	1	1	1	1	1	1	1	1
N11	N11.HOG0009775	1	1	1	1	1	1	1	1	1	1	1	1	1	1	1
N11	N11.HOG0009776	1	1	1	1	1	1	1	1	1	1	1	1	1	1	1
N11	N11.HOG0009777	1	0	1	1	0	1	1	1	1	1	1	1	1	1	1
N11	N11.HOG0009778	1	1	1	1	1	1	1	1	1	1	1	1	0	1	1
N11	N11.HOG0009779	1	1	1	1	1	1	1	1	1	1	1	1	1	1	1
N11	N11.HOG0009780	0	1	1	1	1	1	1	1	1	1	1	1	2	1	1
N11	N11.HOG0009781	1	1	1	1	1	1	1	1	1	1	1	1	1	1	1
N11	N11.HOG0009782	1	1	1	1	1	1	1	1	1	1	1	1	1	1	1
N11	N11.HOG0009783	1	1	1	1	1	1	1	1	1	1	1	1	1	1	1
N11	N11.HOG0009784	1	1	1	1	1	1	1	1	1	1	1	1	1	1	1
N11	N11.HOG0009785	1	1	1	1	1	1	1	1	1	1	1	1	1	1	1
N11	N11.HOG0009786	1	0	1	1	1	1	1	1	1	1	1	1	1	1	1
N11	N11.HOG0009787	1	1	1	1	1	1	1	1	1	1	1	0	0	1	1
N11	N11.HOG0009788	1	1	1	1	1	1	1	1	1	1	1	1	1	2	1
N11	N11.HOG0009789	1	0	1	1	1	1	1	1	1	1	1	1	1	0	1
N11	N11.HOG0009790	1	1	1	1	1	1	1	1	1	1	1	1	1	1	1
N11	N11.HOG0009791	1	1	1	1	1	1	2	1	1	1	1	1	1	1	1
N11	N11.HOG0009792	0	1	1	1	1	1	1	1	2	1	0	1	1	1	1
N11	N11.HOG0009793	1	1	1	1	1	1	0	1	1	1	1	1	1	1	1
N11	N11.HOG0009794	1	1	1	1	1	1	1	1	1	1	1	1	1	1	1
N11	N11.HOG0009795	1	2	1	1	1	1	1	1	1	1	1	1	1	1	1
N11	N11.HOG0009796	1	1	1	1	1	1	1	1	1	1	1	1	1	1	1
N11	N11.HOG0009797	0	1	1	1	1	1	1	1	1	1	1	1	1	1	1
N11	N11.HOG0009798	1	1	1	1	1	1	1	1	1	1	1	1	1	1	1
N11	N11.HOG0009799	1	1	1	1	1	1	1	1	1	1	1	1	1	1	1
N11	N11.HOG0009800	1	2	1	1	1	1	1	1	0	1	1	1	1	1	1
N11	N11.HOG0009801	1	1	1	1	1	1	1	1	1	1	1	1	1	1	1
N11	N11.HOG0009802	1	1	1	1	1	1	1	1	1	1	1	1	1	1	1
N11	N11.HOG0009803	1	1	1	1	1	1	1	1	1	1	1	1	1	1	1
N11	N11.HOG0009804	1	1	1	1	1	1	1	1	1	1	1	1	1	1	1
N11	N11.HOG0009805	1	1	1	1	1	1	1	1	1	1	1	1	1	1	1
N11	N11.HOG0009806	1	1	1	1	0	1	0	1	1	1	1	1	1	1	1
N11	N11.HOG0009807	1	1	1	1	1	1	1	1	1	1	1	1	1	1	1
N11	N11.HOG0009808	1	1	1	1	1	1	1	1	1	1	1	1	1	1	1
N11	N11.HOG0009809	0	1	1	1	1	1	1	1	1	1	1	1	1	1	1
N11	N11.HOG0009810	1	1	1	1	1	1	1	1	1	1	1	1	1	1	1
N11	N11.HOG0009811	1	0	1	1	1	1	1	1	1	1	1	1	1	1	1
N11	N11.HOG0009812	1	1	1	1	1	1	1	1	1	1	1	1	1	1	1
N11	N11.HOG0009813	1	0	1	1	1	1	1	1	1	1	1	1	1	1	1
N11	N11.HOG0009814	0	1	1	1	1	1	1	1	1	1	1	1	1	1	1
N11	N11.HOG0009815	1	1	1	1	1	1	1	1	1	1	1	1	1	1	1
N11	N11.HOG0009816	0	1	1	1	1	1	1	1	1	1	1	1	1	1	1
N11	N11.HOG0009817	1	0	1	2	0	1	1	1	1	1	1	1	1	1	1
N11	N11.HOG0009818	1	1	1	1	1	1	1	1	1	1	1	1	1	1	1
N11	N11.HOG0009819	0	1	1	1	1	1	1	1	1	1	1	1	0	1	1
N11	N11.HOG0009820	1	1	1	1	1	1	1	1	1	1	1	1	1	1	1
N11	N11.HOG0009821	1	1	1	1	1	1	1	1	1	1	1	1	0	1	1
N11	N11.HOG0009822	1	1	1	1	1	1	1	1	1	1	1	1	1	1	1
N11	N11.HOG0009823	1	1	1	1	1	1	1	1	1	1	1	1	1	1	1
N11	N11.HOG0009824	1	1	1	1	1	1	1	1	1	1	1	1	1	1	1
N11	N11.HOG0009825	1	1	1	1	1	1	1	1	1	1	1	1	1	1	1
N11	N11.HOG0009826	1	1	1	1	1	1	1	1	1	1	1	1	1	1	1
N11	N11.HOG0009827	0	1	1	1	1	1	1	1	1	1	1	1	1	1	1
N11	N11.HOG0009828	1	1	1	1	1	1	1	1	1	1	1	1	1	1	1
N11	N11.HOG0009829	1	0	1	1	1	1	1	1	1	1	1	1	1	1	1
N11	N11.HOG0009830	1	0	1	1	1	1	1	1	1	1	1	1	1	1	1
N11	N11.HOG0009831	1	1	1	1	1	1	1	1	1	1	1	1	1	1	1
N11	N11.HOG0009832	2	1	1	1	1	1	1	1	1	1	1	1	1	1	1
N11	N11.HOG0009833	0	1	1	1	1	1	1	1	1	1	1	1	1	1	1
N11	N11.HOG0009834	1	1	1	1	1	1	1	1	1	1	1	1	1	1	1
N11	N11.HOG0009835	1	1	1	1	1	1	2	1	1	1	1	1	1	1	1
N11	N11.HOG0009836	1	1	1	1	1	1	1	1	1	1	1	1	1	1	1
N11	N11.HOG0009837	1	1	1	1	1	1	1	1	1	1	1	1	1	1	1
N11	N11.HOG0009838	1	1	1	1	1	1	1	1	1	1	1	1	1	1	1
N11	N11.HOG0009839	1	1	1	1	1	1	1	1	1	1	1	1	1	1	1
N11	N11.HOG0009840	1	2	1	1	1	1	1	1	1	1	1	1	1	1	1
N11	N11.HOG0009841	0	0	1	1	0	1	1	1	1	1	1	1	1	1	1
N11	N11.HOG0009842	1	0	1	1	1	1	1	1	1	1	1	1	1	1	1
N11	N11.HOG0009843	1	1	1	1	1	1	1	1	1	1	1	1	1	1	1
N11	N11.HOG0009844	1	1	1	1	1	1	1	1	1	1	0	1	1	1	1
N11	N11.HOG0009845	1	1	1	1	1	1	1	1	1	1	0	1	1	1	1
N11	N11.HOG0009846	1	1	1	1	1	1	0	1	1	1	1	1	1	1	1
N11	N11.HOG0009847	1	0	1	1	1	1	1	1	1	1	1	1	1	1	1
N11	N11.HOG0009848	1	1	1	1	1	1	1	1	1	1	1	1	2	1	1
N11	N11.HOG0009849	0	1	1	1	1	1	1	1	1	1	1	1	1	1	1
N11	N11.HOG0009850	1	0	1	1	1	1	1	1	1	1	1	1	1	1	1
N11	N11.HOG0009851	1	1	1	1	1	2	1	1	1	1	1	1	1	1	0
N11	N11.HOG0009852	1	1	1	1	1	1	1	1	1	1	1	1	1	1	1
N11	N11.HOG0009853	1	1	1	1	1	1	1	1	1	1	1	0	1	1	1
N11	N11.HOG0009854	0	1	1	1	1	1	1	1	1	1	1	1	1	1	1
N11	N11.HOG0009855	1	2	1	1	1	1	1	1	1	1	1	1	1	1	1
N11	N11.HOG0009856	0	1	1	1	1	1	1	1	1	1	1	1	1	1	1
N11	N11.HOG0009857	0	1	1	1	1	1	1	1	1	1	1	1	1	1	1
N11	N11.HOG0009858	1	1	1	1	1	1	1	1	1	1	1	1	1	1	1
N11	N11.HOG0009859	1	1	1	1	0	1	1	1	1	1	1	1	0	1	1
N11	N11.HOG0009860	1	1	1	1	1	1	1	1	1	1	1	1	1	1	1
N11	N11.HOG0009861	1	1	1	1	1	1	1	1	1	1	1	1	1	1	1
N11	N11.HOG0009862	1	1	1	1	1	1	1	1	1	1	1	1	1	1	1
N11	N11.HOG0009863	1	1	0	1	2	0	1	1	1	1	1	1	1	1	1
N11	N11.HOG0009864	1	1	1	1	1	1	1	1	1	1	1	1	1	1	1
N11	N11.HOG0009865	0	1	1	1	1	1	1	1	1	1	1	1	1	1	1
N11	N11.HOG0009866	1	1	1	1	1	1	1	1	1	1	1	1	1	1	0
N11	N11.HOG0009867	0	1	1	1	1	1	1	1	1	1	1	1	1	1	1
N11	N11.HOG0009868	1	1	1	1	1	1	1	1	1	1	1	1	1	1	1
N11	N11.HOG0009869	1	1	1	1	1	1	1	1	1	1	1	1	1	1	1
N11	N11.HOG0009870	0	1	1	1	1	1	1	1	1	1	1	1	1	1	1
N11	N11.HOG0009871	1	0	1	1	1	1	1	1	1	1	1	1	1	1	1
N11	N11.HOG0009872	1	1	1	1	1	1	1	1	1	1	1	1	1	1	1
N11	N11.HOG0009873	1	1	1	1	1	1	1	1	1	1	1	1	1	1	1
N11	N11.HOG0009874	1	1	1	1	1	1	1	1	1	1	1	1	1	1	1
N11	N11.HOG0009875	1	1	1	1	1	1	1	1	1	1	1	1	1	1	1
N11	N11.HOG0009876	1	1	1	1	1	1	1	1	1	1	1	1	1	1	1
N11	N11.HOG0009877	1	0	1	1	1	1	1	1	1	1	1	1	1	1	1
N11	N11.HOG0009878	0	0	1	1	1	1	1	1	1	1	1	1	1	2	1
N11	N11.HOG0009879	0	0	0	0	0	0	0	0	0	0	0	0	0	0	1
N11	N11.HOG0009880	0	0	0	1	0	1	1	1	0	1	0	1	0	0	1
N11	N11.HOG0009881	1	1	1	1	1	1	1	1	1	1	1	1	1	1	1
N11	N11.HOG0009882	1	0	1	1	1	1	1	1	1	1	1	1	1	1	2
N11	N11.HOG0009883	1	0	1	1	1	1	1	1	1	1	1	1	1	1	1
N11	N11.HOG0009884	1	1	1	1	1	1	1	1	1	1	1	1	0	1	1
N11	N11.HOG0009885	1	0	1	1	1	1	1	1	1	1	1	1	1	1	1
N11	N11.HOG0009886	1	1	1	1	1	1	1	1	1	1	1	1	1	1	1
N11	N11.HOG0009887	1	1	1	1	1	1	1	1	1	1	1	1	1	1	1
N11	N11.HOG0009888	1	1	1	1	1	1	1	1	1	1	1	1	1	1	1
N11	N11.HOG0009889	1	1	1	1	1	1	1	1	1	1	1	1	1	1	1
N11	N11.HOG0009890	0	1	1	1	1	1	1	1	1	1	1	1	1	1	1
N11	N11.HOG0009891	1	1	1	1	1	1	1	1	1	1	1	1	0	1	1
N11	N11.HOG0009892	1	1	1	1	1	1	1	1	1	1	1	1	1	1	1
N11	N11.HOG0009893	1	1	1	1	1	1	1	1	1	1	1	1	1	1	1
N11	N11.HOG0009894	0	1	1	1	1	1	1	1	1	1	1	1	1	1	1
N11	N11.HOG0009895	1	1	1	1	1	1	1	1	1	0	1	1	1	1	1
N11	N11.HOG0009896	1	1	1	1	0	1	2	1	1	1	1	1	1	1	1
N11	N11.HOG0009897	1	1	1	1	1	1	1	1	1	1	1	1	1	1	1
N11	N11.HOG0009898	1	1	1	1	1	1	1	1	1	1	1	1	1	1	1
N11	N11.HOG0009899	1	2	1	1	1	1	1	1	1	1	1	1	1	1	1
N11	N11.HOG0009900	1	1	1	1	1	1	0	0	1	1	1	1	1	1	1
N11	N11.HOG0009901	1	1	1	1	1	1	1	1	1	1	1	1	1	1	1
N11	N11.HOG0009902	1	1	1	1	1	1	1	1	1	1	1	1	1	1	1
N11	N11.HOG0009903	0	1	1	1	1	1	1	1	1	1	1	1	1	1	1
N11	N11.HOG0009904	0	0	0	0	1	0	0	0	0	0	0	0	0	0	0
N11	N11.HOG0009905	1	1	1	1	1	1	1	1	1	1	1	1	1	2	1
N11	N11.HOG0009906	1	1	1	1	1	1	1	1	1	1	1	1	1	1	1
N11	N11.HOG0009907	1	1	1	1	1	1	1	1	1	1	1	1	1	1	1
N11	N11.HOG0009908	1	1	1	1	1	1	1	1	1	1	1	1	1	1	1
N11	N11.HOG0009909	1	1	1	1	1	1	1	1	1	1	1	1	1	1	1
N11	N11.HOG0009910	1	1	1	1	1	1	1	1	1	1	1	1	1	1	1
N11	N11.HOG0009911	1	1	1	1	1	1	1	1	1	1	1	1	1	1	1
N11	N11.HOG0009912	1	1	1	1	1	1	1	1	1	1	1	1	1	1	1
N11	N11.HOG0009913	1	0	1	1	0	1	1	1	1	1	1	2	1	1	1
N11	N11.HOG0009914	1	1	1	1	1	1	1	1	1	1	1	1	1	1	1
N11	N11.HOG0009915	1	2	1	1	1	1	1	1	1	1	1	1	1	1	1
N11	N11.HOG0009916	1	1	1	1	1	1	1	1	1	1	1	1	1	1	1
N11	N11.HOG0009917	1	1	1	1	1	1	1	1	1	1	1	1	0	1	1
N11	N11.HOG0009918	1	1	1	1	1	1	1	1	1	1	1	1	1	1	1
N11	N11.HOG0009919	1	1	1	1	1	1	1	1	1	1	1	1	1	1	1
N11	N11.HOG0009920	1	1	1	1	1	1	1	1	1	1	1	1	1	1	1
N11	N11.HOG0009921	0	1	1	1	1	1	1	1	1	1	1	1	1	1	1
N11	N11.HOG0009922	1	0	1	1	1	1	1	1	1	1	1	1	1	1	1
N11	N11.HOG0009923	1	1	1	1	1	1	1	1	1	1	1	1	1	1	1
N11	N11.HOG0009924	1	1	1	1	1	1	1	1	1	1	1	1	1	1	1
N11	N11.HOG0009925	1	1	1	1	1	1	1	1	1	1	0	1	1	1	1
N11	N11.HOG0009926	1	1	1	1	1	1	1	1	1	1	1	1	1	1	1
N11	N11.HOG0009927	1	1	1	1	1	1	1	1	1	1	1	1	1	1	1
N11	N11.HOG0009928	1	1	1	1	1	1	1	1	1	1	1	1	1	1	1
N11	N11.HOG0009929	1	2	1	1	1	1	1	1	1	1	1	1	1	1	1
N11	N11.HOG0009930	1	1	1	1	1	1	1	1	0	1	1	1	1	1	1
N11	N11.HOG0009931	1	1	1	1	1	1	1	1	1	0	1	1	1	1	1
N11	N11.HOG0009932	1	1	1	1	1	1	1	1	1	1	1	1	1	1	1
N11	N11.HOG0009933	1	1	1	1	1	1	1	1	1	1	1	1	1	1	1
N11	N11.HOG0009934	1	1	1	1	1	1	1	1	1	1	1	1	1	1	2
N11	N11.HOG0009935	1	1	1	1	1	1	1	1	1	1	1	1	1	1	1
N11	N11.HOG0009936	1	0	1	1	1	1	1	1	1	1	1	1	1	0	1
N11	N11.HOG0009937	1	1	1	1	1	1	1	1	1	1	1	1	1	1	1
N11	N11.HOG0009938	1	1	1	1	1	1	1	1	1	1	1	1	1	1	1
N11	N11.HOG0009939	1	1	1	1	1	1	1	1	1	1	1	1	1	1	1
N11	N11.HOG0009940	1	1	1	1	1	1	1	1	1	1	1	1	0	1	1
N11	N11.HOG0009941	1	1	1	1	1	1	1	1	1	1	1	1	2	1	1
N11	N11.HOG0009942	1	1	1	1	1	1	1	1	1	1	1	1	1	1	1
N11	N11.HOG0009943	1	1	1	1	1	1	1	1	1	1	1	1	1	1	1
N11	N11.HOG0009944	1	2	1	1	1	1	1	1	1	1	1	1	1	1	1
N11	N11.HOG0009945	0	1	1	1	1	1	1	1	1	1	1	1	1	1	1
N11	N11.HOG0009946	1	1	1	1	1	0	1	1	1	1	1	1	1	1	1
N11	N11.HOG0009947	1	1	1	1	1	1	1	1	1	1	1	1	1	1	1
N11	N11.HOG0009948	1	0	1	1	1	1	1	1	1	1	1	1	1	1	0
N11	N11.HOG0009949	0	0	0	0	0	0	1	0	0	0	0	0	0	0	0
N11	N11.HOG0009950	1	1	1	1	1	1	1	1	1	1	1	1	1	1	1
N11	N11.HOG0009951	0	2	1	0	1	1	1	1	1	1	1	1	1	1	1
N11	N11.HOG0009952	1	1	1	1	1	1	1	1	1	1	1	1	1	1	1
N11	N11.HOG0009953	1	1	1	1	1	1	1	1	1	1	1	1	1	1	1
N11	N11.HOG0009954	1	1	1	1	1	1	1	1	1	1	1	1	1	1	1
N11	N11.HOG0009955	1	1	1	1	1	1	1	1	1	1	1	1	1	1	1
N11	N11.HOG0009956	1	1	1	1	1	1	1	1	1	1	1	1	1	1	1
N11	N11.HOG0009957	1	1	1	1	1	1	1	1	1	1	1	1	1	1	1
N11	N11.HOG0009958	0	1	1	0	1	1	1	1	1	0	0	1	1	1	1
N11	N11.HOG0009959	1	1	1	1	0	1	1	1	1	1	1	1	1	1	1
N11	N11.HOG0009960	1	1	1	1	1	1	1	1	1	1	1	1	1	1	1
N11	N11.HOG0009961	1	1	1	1	1	1	1	1	1	1	1	1	1	1	1
N11	N11.HOG0009962	1	1	1	1	1	1	1	1	1	1	1	1	1	1	1
N11	N11.HOG0009963	1	1	1	1	1	0	1	1	1	1	1	1	1	1	1
N11	N11.HOG0009964	1	0	1	1	1	1	1	1	1	1	1	1	1	1	1
N11	N11.HOG0009965	1	0	1	1	1	1	2	1	1	1	1	1	1	1	2
N11	N11.HOG0009966	1	1	1	1	1	1	1	1	1	1	1	1	1	1	1
N11	N11.HOG0009967	1	1	1	1	1	1	1	1	1	1	1	1	1	1	1
N11	N11.HOG0009968	1	1	1	1	1	1	1	1	1	1	1	1	1	1	1
N11	N11.HOG0009969	1	1	1	1	1	1	1	1	1	1	1	1	1	1	1
N11	N11.HOG0009970	1	1	1	1	1	1	1	1	1	1	1	1	1	1	1
N11	N11.HOG0009971	1	1	1	1	1	1	1	1	1	1	1	1	1	1	1
N11	N11.HOG0009972	0	1	1	1	1	1	1	1	1	1	1	1	1	1	1
N11	N11.HOG0009973	1	1	1	1	1	1	1	1	1	1	1	1	1	1	1
N11	N11.HOG0009974	1	1	1	1	1	1	1	1	1	1	1	1	1	1	1
N11	N11.HOG0009975	1	1	1	1	1	1	0	1	1	1	1	1	1	1	1
N11	N11.HOG0009976	1	1	1	1	1	1	1	1	1	1	1	1	1	1	1
N11	N11.HOG0009977	0	0	1	1	1	1	1	1	1	1	1	1	1	1	2
N11	N11.HOG0009978	1	1	1	1	1	1	1	1	1	1	1	1	1	1	1
N11	N11.HOG0009979	1	0	1	1	0	1	1	1	1	1	1	1	1	1	1
N11	N11.HOG0009980	1	1	1	1	1	1	1	1	1	1	1	1	1	1	1
N11	N11.HOG0009981	1	1	1	1	1	1	1	1	1	1	1	1	1	1	1
N11	N11.HOG0009982	1	1	1	1	1	1	1	1	1	1	1	1	1	1	1
N11	N11.HOG0009983	1	1	1	1	1	1	1	1	1	1	1	1	0	1	1
N11	N11.HOG0009984	1	1	1	1	1	1	1	1	1	1	1	1	1	1	1
N11	N11.HOG0009985	1	1	1	1	1	1	1	1	1	1	1	1	1	1	1
N11	N11.HOG0009986	1	1	1	1	1	1	1	1	1	1	1	1	1	1	1
N11	N11.HOG0009987	1	1	1	1	1	1	1	1	1	1	1	1	1	1	1
N11	N11.HOG0009988	1	1	1	1	1	1	1	1	1	1	1	1	1	1	1
N11	N11.HOG0009989	1	1	1	0	1	1	1	1	1	1	1	1	1	1	1
N11	N11.HOG0009990	1	1	1	1	1	1	1	1	1	1	1	1	1	1	1
N11	N11.HOG0009991	0	1	1	1	0	1	1	1	1	1	1	1	1	1	1
N11	N11.HOG0009992	1	1	1	1	1	1	1	1	1	1	1	1	1	1	1
N11	N11.HOG0009993	1	1	1	1	1	1	1	1	1	1	1	1	0	1	0
N11	N11.HOG0009994	1	1	0	1	1	1	1	1	1	1	1	1	1	1	1
N11	N11.HOG0009995	1	1	1	1	1	1	1	1	1	1	1	1	1	1	1
N11	N11.HOG0009996	1	1	1	1	1	1	1	1	1	1	1	1	1	1	1
N11	N11.HOG0009997	1	1	1	1	1	1	1	1	1	1	1	1	1	1	1
N11	N11.HOG0009998	1	1	1	1	1	1	1	1	1	1	1	1	1	1	1
N11	N11.HOG0009999	1	1	1	1	1	1	1	1	1	1	1	1	1	1	2
N11	N11.HOG0010000	1	1	1	1	1	1	1	1	1	0	0	0	1	1	1
N11	N11.HOG0010001	1	0	1	1	1	1	1	1	1	1	1	1	1	1	1
N11	N11.HOG0010002	1	1	1	1	1	1	1	1	1	1	1	1	1	1	1
N11	N11.HOG0010003	0	1	2	1	1	1	1	1	1	1	1	1	1	1	1
N11	N11.HOG0010004	1	1	1	1	1	1	1	1	1	1	1	1	0	1	1
N11	N11.HOG0010005	1	0	1	1	0	1	1	1	1	1	1	1	0	1	1
N11	N11.HOG0010006	0	1	1	1	1	1	1	1	1	1	1	1	1	1	1
N11	N11.HOG0010007	1	1	1	1	1	1	1	1	1	1	1	1	1	1	1
N11	N11.HOG0010008	1	1	1	1	0	1	1	1	1	1	1	1	1	1	1
N11	N11.HOG0010009	1	1	1	1	1	1	1	1	1	1	1	1	1	1	1
N11	N11.HOG0010010	1	1	1	1	1	1	1	1	1	1	1	1	1	1	1
N11	N11.HOG0010011	1	1	1	1	1	1	1	1	1	1	1	1	1	1	1
N11	N11.HOG0010012	1	1	1	1	1	1	1	1	1	1	0	1	1	1	1
N11	N11.HOG0010013	1	1	1	1	1	1	1	1	1	1	1	1	0	1	1
N11	N11.HOG0010014	1	1	1	1	1	1	1	1	1	1	1	1	0	1	1
N11	N11.HOG0010015	1	1	1	1	1	1	1	1	1	1	1	1	1	1	1
N11	N11.HOG0010016	1	1	1	1	0	1	1	1	1	1	1	1	1	1	1
N11	N11.HOG0010017	2	1	1	1	1	1	1	1	1	0	0	1	1	1	1
N11	N11.HOG0010018	1	0	1	1	1	1	1	1	1	1	1	1	1	1	1
N11	N11.HOG0010019	0	1	1	1	1	1	1	1	1	1	1	1	1	1	1
N11	N11.HOG0010020	1	1	1	1	0	0	1	1	1	1	1	1	1	1	1
N11	N11.HOG0010021	1	1	1	1	1	1	1	1	1	1	1	1	1	1	1
N11	N11.HOG0010022	1	1	1	1	1	1	1	1	1	1	1	1	1	1	1
N11	N11.HOG0010023	1	1	1	1	1	1	1	1	1	1	1	1	1	1	1
N11	N11.HOG0010024	1	1	1	1	1	1	1	1	1	1	1	1	1	1	1
N11	N11.HOG0010025	1	1	1	1	1	1	1	1	1	1	1	1	1	1	1
N11	N11.HOG0010026	1	1	1	1	1	1	1	1	1	1	1	1	1	1	1
N11	N11.HOG0010027	1	1	1	1	1	1	1	1	1	1	1	1	1	1	1
N11	N11.HOG0010028	1	1	1	1	1	1	1	1	1	1	1	1	1	1	1
N11	N11.HOG0010029	1	1	1	1	0	1	1	1	1	1	1	1	1	1	1
N11	N11.HOG0010030	1	1	1	1	1	1	1	1	1	1	1	1	1	1	1
N11	N11.HOG0010031	0	1	1	1	1	1	1	1	1	1	1	1	1	1	1
N11	N11.HOG0010032	1	1	1	1	1	1	1	1	1	1	1	1	1	1	1
N11	N11.HOG0010033	1	1	1	1	1	1	1	1	1	1	1	1	1	1	1
N11	N11.HOG0010034	1	1	1	1	1	1	1	1	1	1	1	0	1	1	1
N11	N11.HOG0010035	1	2	1	1	1	1	1	1	1	1	1	1	1	1	1
N11	N11.HOG0010036	1	1	1	1	1	2	1	1	1	1	1	1	1	1	1
N11	N11.HOG0010037	1	1	1	1	1	1	1	1	1	1	1	1	1	1	1
N11	N11.HOG0010038	1	1	1	1	1	1	1	1	1	1	1	1	0	1	1
N11	N11.HOG0010039	1	2	1	1	1	1	1	1	1	1	1	1	1	1	1
N11	N11.HOG0010040	1	0	1	1	1	1	1	1	1	1	1	1	1	1	1
N11	N11.HOG0010041	1	0	1	1	1	1	1	1	1	1	1	1	1	1	0
N11	N11.HOG0010042	1	1	1	1	1	1	1	1	1	1	1	1	1	1	1
N11	N11.HOG0010043	1	2	1	1	1	1	1	1	1	1	1	1	1	1	1
N11	N11.HOG0010044	1	1	1	1	1	1	1	1	1	1	1	1	1	1	1
N11	N11.HOG0010045	1	1	1	1	1	1	1	1	1	1	1	1	1	1	1
N11	N11.HOG0010046	1	1	1	1	1	1	1	1	1	1	1	1	1	1	1
N11	N11.HOG0010047	1	1	1	1	1	1	1	1	1	1	1	1	1	1	1
N11	N11.HOG0010048	1	1	1	1	1	1	0	1	1	1	1	1	1	1	1
N11	N11.HOG0010049	1	1	1	1	1	1	1	1	1	1	1	1	1	1	1
N11	N11.HOG0010050	1	0	1	1	1	1	1	1	1	1	1	1	0	2	1
N11	N11.HOG0010051	1	1	1	1	1	1	1	1	1	1	1	1	1	1	1
N11	N11.HOG0010052	1	1	1	1	2	1	1	1	1	1	1	1	1	1	1
N11	N11.HOG0010053	1	1	1	1	1	1	1	1	1	1	1	1	1	1	1
N11	N11.HOG0010054	1	1	1	1	1	1	1	1	1	1	1	1	1	1	1
N11	N11.HOG0010055	1	1	1	1	1	1	1	1	1	1	1	1	1	1	1
N11	N11.HOG0010056	1	1	1	1	1	1	1	1	1	1	1	1	1	1	1
N11	N11.HOG0010057	1	1	1	1	1	1	1	1	1	1	1	1	1	1	1
N11	N11.HOG0010058	1	1	1	1	1	1	1	1	1	1	1	1	1	1	1
N11	N11.HOG0010059	1	2	1	1	1	1	1	1	1	1	1	1	1	1	1
N11	N11.HOG0010060	1	0	1	1	1	1	1	1	1	1	1	1	1	1	1
N11	N11.HOG0010061	1	1	1	1	1	1	1	1	1	1	1	1	1	1	1
N11	N11.HOG0010062	1	0	1	1	1	1	1	1	1	1	1	1	1	1	1
N11	N11.HOG0010063	1	1	1	1	1	0	1	1	1	1	1	1	1	1	1
N11	N11.HOG0010064	1	1	1	1	1	1	1	1	1	1	1	1	1	1	1
N11	N11.HOG0010065	1	1	1	1	1	1	1	1	1	1	1	1	1	1	1
N11	N11.HOG0010066	1	1	1	1	1	1	1	1	1	1	1	1	1	1	0
N11	N11.HOG0010067	1	1	1	1	1	1	1	1	1	1	1	1	3	1	1
N11	N11.HOG0010068	1	1	1	1	1	1	1	1	1	1	1	1	1	1	1
N11	N11.HOG0010069	1	1	1	1	1	1	1	1	1	1	1	1	1	1	1
N11	N11.HOG0010070	1	1	1	1	1	1	1	1	1	1	1	1	1	1	1
N11	N11.HOG0010071	1	0	1	1	1	1	1	1	1	1	1	1	1	1	1
N11	N11.HOG0010072	1	2	1	1	1	1	1	1	1	1	1	1	1	1	1
N11	N11.HOG0010073	1	1	1	1	1	1	1	1	1	1	1	1	1	1	1
N11	N11.HOG0010074	0	2	1	1	1	1	1	1	1	1	1	1	1	1	1
N11	N11.HOG0010075	0	1	1	1	1	1	1	1	1	1	1	1	2	1	1
N11	N11.HOG0010076	1	1	1	1	1	1	1	1	1	1	1	1	1	1	1
N11	N11.HOG0010077	1	1	1	1	1	1	1	1	1	1	1	1	1	1	1
N11	N11.HOG0010078	0	1	1	1	1	1	1	1	1	1	1	1	1	1	0
N11	N11.HOG0010079	1	1	1	1	1	1	1	1	1	1	1	1	1	1	1
N11	N11.HOG0010080	0	1	1	1	1	1	1	1	1	1	1	1	1	1	1
N11	N11.HOG0010081	1	0	1	0	1	1	1	1	1	1	1	0	1	1	1
N11	N11.HOG0010082	1	0	1	1	1	1	1	1	1	1	1	1	1	1	1
N11	N11.HOG0010083	1	1	1	1	1	1	1	1	1	1	1	1	1	1	1
N11	N11.HOG0010084	1	1	1	1	1	1	1	1	1	1	1	1	1	1	1
N11	N11.HOG0010085	0	1	1	1	1	1	0	1	1	1	1	1	0	1	1
N11	N11.HOG0010086	1	0	1	1	1	1	1	1	1	1	1	1	1	1	1
N11	N11.HOG0010087	1	0	0	0	0	0	0	0	0	0	0	0	0	0	0
N11	N11.HOG0010088	1	1	1	1	1	1	1	1	1	1	1	1	1	1	1
N11	N11.HOG0010089	1	1	1	1	1	1	1	1	1	1	1	1	1	1	1
N11	N11.HOG0010090	1	2	1	1	1	1	1	1	1	1	1	1	1	1	1
N11	N11.HOG0010091	1	1	1	1	1	1	1	1	1	1	1	1	1	1	1
N11	N11.HOG0010092	0	1	1	1	1	1	1	1	1	1	1	1	1	1	1
N11	N11.HOG0010093	1	1	1	1	1	1	1	1	1	1	1	1	1	1	1
N11	N11.HOG0010094	3	0	1	1	0	1	2	1	1	1	1	1	2	2	1
N11	N11.HOG0010095	1	1	1	1	1	1	1	1	1	1	1	1	0	1	1
N11	N11.HOG0010096	0	0	1	1	1	1	1	1	1	1	1	1	1	1	1
N11	N11.HOG0010097	1	1	1	1	1	1	1	1	1	2	1	1	1	1	1
N11	N11.HOG0010098	1	0	1	1	1	1	1	1	1	1	1	1	1	1	1
N11	N11.HOG0010099	1	1	1	1	1	1	1	1	1	1	1	1	1	1	1
N11	N11.HOG0010100	1	1	1	1	1	1	1	1	1	1	1	1	1	1	1
N11	N11.HOG0010101	1	2	1	1	1	1	2	1	1	1	1	1	1	1	1
N11	N11.HOG0010102	1	1	1	1	1	1	1	1	1	1	1	1	1	1	1
N11	N11.HOG0010103	0	1	1	1	1	1	1	1	1	1	1	1	1	1	1
N11	N11.HOG0010104	0	0	0	0	1	0	1	1	0	0	0	0	0	1	0
N11	N11.HOG0010105	0	1	1	1	1	1	0	1	1	1	1	1	0	0	0
N11	N11.HOG0010106	1	0	0	0	0	0	1	1	1	1	1	1	1	1	1
N11	N11.HOG0010107	1	1	1	1	1	1	1	1	1	1	1	1	1	1	1
N11	N11.HOG0010108	1	1	1	1	1	1	1	1	1	1	1	1	1	1	1
N11	N11.HOG0010109	1	1	1	1	1	1	1	1	1	1	1	1	1	1	1
N11	N11.HOG0010110	1	1	1	1	1	1	0	1	1	1	1	1	0	0	1
N11	N11.HOG0010111	1	1	1	1	1	1	1	1	1	1	1	1	1	1	1
N11	N11.HOG0010112	1	1	1	1	0	1	1	1	1	1	1	1	1	1	1
N11	N11.HOG0010113	1	1	1	1	1	1	1	1	1	1	1	1	1	1	1
N11	N11.HOG0010114	1	1	1	1	1	1	1	1	1	1	1	1	1	1	1
N11	N11.HOG0010115	1	1	1	1	1	1	1	1	1	1	1	1	1	1	1
N11	N11.HOG0010116	0	1	1	0	1	1	1	1	1	1	1	1	2	2	1
N11	N11.HOG0010117	1	1	1	1	1	1	1	1	1	1	1	1	1	1	1
N11	N11.HOG0010118	1	1	1	1	1	1	1	1	1	1	1	1	1	1	1
N11	N11.HOG0010119	1	1	1	1	1	1	1	1	1	1	1	1	1	1	1
N11	N11.HOG0010120	1	1	1	1	1	1	1	1	1	1	1	1	0	1	1
N11	N11.HOG0010121	1	1	1	1	1	1	1	1	1	1	1	1	1	1	1
N11	N11.HOG0010122	1	1	1	1	1	1	1	1	1	1	1	1	1	1	1
N11	N11.HOG0010123	1	2	1	1	1	1	1	1	1	1	1	1	1	1	1
N11	N11.HOG0010124	1	1	1	1	1	1	1	1	1	1	1	1	1	1	1
N11	N11.HOG0010125	1	1	1	1	1	1	1	1	1	1	1	1	1	1	1
N11	N11.HOG0010126	1	2	1	1	1	1	1	1	1	1	1	1	1	1	1
N11	N11.HOG0010127	1	1	1	1	1	1	1	1	1	1	1	1	1	1	1
N11	N11.HOG0010128	1	1	1	1	1	1	1	1	1	1	1	1	1	1	1
N11	N11.HOG0010129	1	1	1	1	1	1	1	1	1	1	1	1	0	1	1
N11	N11.HOG0010130	1	1	1	1	1	1	1	1	1	1	1	1	1	1	1
N11	N11.HOG0010131	1	1	1	1	1	1	1	1	1	1	1	1	1	1	1
N11	N11.HOG0010132	1	1	1	1	1	1	1	1	1	1	1	0	1	1	1
N11	N11.HOG0010133	1	1	1	1	1	1	1	0	1	1	1	1	1	1	1
N11	N11.HOG0010134	1	1	1	1	1	1	1	1	1	1	1	1	1	1	1
N11	N11.HOG0010135	0	1	1	1	1	1	1	1	1	1	1	1	1	1	1
N11	N11.HOG0010136	1	1	1	1	1	1	1	1	1	1	1	1	1	1	1
N11	N11.HOG0010137	1	1	1	1	1	1	1	1	1	1	1	1	1	1	1
N11	N11.HOG0010138	1	1	1	1	1	1	1	1	1	1	1	1	1	1	1
N11	N11.HOG0010139	1	1	1	1	1	1	1	1	1	1	1	1	1	1	1
N11	N11.HOG0010140	0	1	1	1	0	1	1	1	1	1	1	1	1	1	1
N11	N11.HOG0010141	1	1	1	1	1	1	1	1	1	1	1	1	1	1	1
N11	N11.HOG0010142	1	1	1	1	1	1	1	1	1	1	1	1	1	1	1
N11	N11.HOG0010143	1	1	1	1	1	1	1	1	1	1	1	1	1	1	1
N11	N11.HOG0010144	1	1	1	1	1	1	1	1	1	1	1	1	1	1	1
N11	N11.HOG0010145	1	1	1	1	1	1	1	1	1	1	1	1	1	1	1
N11	N11.HOG0010146	1	1	1	1	1	1	1	1	1	1	1	1	0	1	1
N11	N11.HOG0010147	1	0	1	1	1	1	1	1	1	1	1	1	1	1	1
N11	N11.HOG0010148	1	1	1	1	1	1	1	1	1	1	1	1	1	1	1
N11	N11.HOG0010149	1	0	1	1	1	1	1	1	1	1	1	1	1	0	1
N11	N11.HOG0010150	1	1	1	1	1	1	1	1	1	1	1	1	1	1	1
N11	N11.HOG0010151	1	0	1	1	1	1	1	1	1	1	1	1	1	1	1
N11	N11.HOG0010152	1	1	1	1	1	1	1	1	1	1	1	0	1	1	1
N11	N11.HOG0010153	1	1	0	1	1	1	1	1	1	1	1	1	1	1	1
N11	N11.HOG0010154	1	2	1	1	1	1	1	1	1	1	1	1	1	1	1
N11	N11.HOG0010155	1	1	1	1	0	1	1	1	1	1	1	1	1	1	1
N11	N11.HOG0010156	1	1	1	1	1	1	1	1	1	1	1	1	1	1	1
N11	N11.HOG0010157	0	1	1	1	1	1	1	1	1	1	1	1	1	1	1
N11	N11.HOG0010158	1	1	1	1	1	1	1	1	1	1	1	1	0	1	1
N11	N11.HOG0010159	1	1	1	1	1	1	1	1	1	1	1	1	1	1	1
N11	N11.HOG0010160	1	0	1	1	1	1	1	1	1	1	1	1	1	1	1
N11	N11.HOG0010161	1	1	1	1	1	1	1	1	1	1	1	1	1	1	1
N11	N11.HOG0010162	1	1	1	1	1	1	1	1	1	1	1	1	0	1	1
N11	N11.HOG0010163	0	1	1	1	1	1	1	1	1	1	1	1	1	1	1
N11	N11.HOG0010164	1	1	1	1	1	1	1	1	1	1	1	1	1	1	1
N11	N11.HOG0010165	1	1	0	1	1	1	0	1	1	1	1	0	1	1	1
N11	N11.HOG0010166	1	1	1	1	1	1	1	1	1	1	1	1	1	1	0
N11	N11.HOG0010167	1	1	1	1	1	1	1	1	1	1	1	1	1	1	1
N11	N11.HOG0010168	1	1	1	1	1	1	1	1	1	1	1	1	1	1	1
N11	N11.HOG0010169	0	1	1	1	1	1	1	1	1	1	1	1	1	1	1
N11	N11.HOG0010170	2	1	1	1	1	1	1	1	1	1	1	1	1	1	1
N11	N11.HOG0010171	1	1	1	1	1	1	1	1	1	1	1	1	1	1	1
N11	N11.HOG0010172	1	1	1	1	1	1	1	1	1	1	1	1	1	1	1
N11	N11.HOG0010173	1	1	1	1	1	1	1	1	1	1	1	1	1	1	1
N11	N11.HOG0010174	1	1	1	1	1	1	1	1	1	1	1	1	1	1	1
N11	N11.HOG0010175	0	1	1	1	1	1	1	1	1	1	1	1	1	1	1
N11	N11.HOG0010176	0	1	1	1	1	1	1	1	1	1	1	1	0	1	1
N11	N11.HOG0010177	1	1	1	1	1	1	1	1	1	1	1	1	0	1	1
N11	N11.HOG0010178	1	0	1	0	1	1	1	1	1	1	1	1	2	1	1
N11	N11.HOG0010179	1	3	1	1	1	1	1	1	1	1	1	1	0	1	1
N11	N11.HOG0010180	1	1	1	1	1	1	1	1	1	1	1	1	1	1	1
N11	N11.HOG0010181	1	0	1	1	1	1	1	1	1	1	1	1	1	1	1
N11	N11.HOG0010182	1	1	1	1	1	1	1	1	1	1	1	1	1	1	1
N11	N11.HOG0010183	1	1	1	1	1	1	1	1	1	1	1	1	1	1	1
N11	N11.HOG0010184	1	1	1	1	0	1	1	1	1	1	1	1	1	1	1
N11	N11.HOG0010185	1	1	1	1	1	1	1	1	1	1	1	1	1	1	1
N11	N11.HOG0010186	0	1	1	1	1	1	1	1	1	1	1	1	1	1	1
N11	N11.HOG0010187	0	1	1	1	1	1	1	1	1	1	1	1	1	1	1
N11	N11.HOG0010188	1	1	1	1	1	0	1	1	1	1	1	1	1	1	1
N11	N11.HOG0010189	1	1	1	1	1	1	1	1	1	1	1	1	1	1	1
N11	N11.HOG0010190	1	1	1	1	1	1	1	1	1	1	2	1	0	1	1
N11	N11.HOG0010191	1	1	1	1	1	1	1	1	1	1	1	1	1	1	1
N11	N11.HOG0010192	1	1	1	1	1	1	1	1	1	1	1	1	1	1	1
N11	N11.HOG0010193	1	1	1	1	1	1	1	1	1	1	1	1	1	1	1
N11	N11.HOG0010194	1	1	1	1	1	1	1	1	1	1	1	1	1	1	0
N11	N11.HOG0010195	1	1	1	1	1	1	1	1	1	1	1	1	1	1	1
N11	N11.HOG0010196	1	1	1	1	1	1	1	1	1	1	1	1	1	1	1
N11	N11.HOG0010197	0	1	1	1	1	1	1	1	1	1	1	1	1	1	1
N11	N11.HOG0010198	1	2	1	1	1	1	1	0	1	0	0	0	1	0	1
N11	N11.HOG0010199	1	1	1	1	0	1	1	1	1	1	1	1	1	1	1
N11	N11.HOG0010200	0	1	1	1	1	1	1	1	1	1	1	1	1	1	1
N11	N11.HOG0010201	0	1	1	1	1	1	1	1	1	1	1	0	1	1	1
N11	N11.HOG0010202	1	1	1	1	1	1	1	1	1	1	1	1	1	1	1
N11	N11.HOG0010203	0	1	1	1	1	1	1	1	1	1	0	0	1	1	1
N11	N11.HOG0010204	1	0	1	1	0	1	1	1	1	1	1	1	1	1	1
N11	N11.HOG0010205	0	1	1	1	1	1	1	1	1	1	1	1	0	1	0
N11	N11.HOG0010206	1	0	0	0	0	0	0	0	0	0	0	0	1	0	1
N11	N11.HOG0010207	0	0	1	1	1	1	1	1	1	1	1	1	1	0	1
N11	N11.HOG0010208	1	2	1	1	1	1	1	1	1	1	1	1	1	1	1
N11	N11.HOG0010209	0	1	1	1	1	1	1	1	1	1	1	1	1	1	1
N11	N11.HOG0010210	1	0	1	1	1	1	1	1	1	1	1	1	1	1	1
N11	N11.HOG0010211	2	1	1	1	1	1	1	1	0	0	1	1	1	1	1
N11	N11.HOG0010212	1	1	1	1	1	1	0	1	1	1	1	1	1	1	1
N11	N11.HOG0010213	1	1	1	1	1	1	1	1	1	1	1	1	1	1	1
N11	N11.HOG0010214	1	1	1	1	1	1	1	1	1	1	1	1	1	1	1
N11	N11.HOG0010215	1	2	1	1	1	1	1	1	1	1	1	1	1	1	1
N11	N11.HOG0010216	1	1	1	1	1	1	1	1	1	1	1	1	1	1	1
N11	N11.HOG0010217	1	1	1	1	1	1	1	1	1	1	1	1	1	1	1
N11	N11.HOG0010218	1	0	1	1	1	1	1	1	1	1	1	1	1	1	1
N11	N11.HOG0010219	0	1	1	1	1	1	1	1	1	1	1	1	1	1	1
N11	N11.HOG0010220	0	0	1	1	0	1	0	0	0	0	0	0	0	0	0
N11	N11.HOG0010221	0	1	0	0	0	0	1	1	1	1	1	1	1	1	0
N11	N11.HOG0010222	0	1	0	0	1	0	0	0	0	0	0	0	0	0	1
N11	N11.HOG0010223	1	1	1	1	1	1	1	1	1	0	0	0	1	1	1
N11	N11.HOG0010224	0	1	0	0	0	0	0	0	0	0	0	0	0	0	0
N11	N11.HOG0010225	1	1	0	0	1	0	0	0	0	0	0	0	0	1	0
N11	N11.HOG0010226	0	0	1	1	0	1	1	1	1	1	0	1	1	0	1
N11	N11.HOG0010227	0	1	1	1	1	1	1	1	1	1	1	1	1	1	1
N11	N11.HOG0010228	0	1	1	1	1	1	1	1	1	1	1	1	1	1	1
N11	N11.HOG0010229	1	3	1	1	1	1	1	1	1	1	1	1	1	1	1
N11	N11.HOG0010230	0	0	1	1	1	1	1	1	1	1	1	1	1	1	1
N11	N11.HOG0010231	1	1	1	1	1	1	1	1	1	1	1	1	1	1	1
N11	N11.HOG0010232	1	1	1	1	1	1	1	1	1	1	1	1	1	1	1
N11	N11.HOG0010233	1	1	1	1	1	1	1	1	1	1	1	1	1	1	1
N11	N11.HOG0010234	0	1	1	1	0	1	1	1	1	1	1	1	2	2	2
N11	N11.HOG0010235	1	1	1	1	1	1	1	1	1	1	1	1	2	1	1
N11	N11.HOG0010236	1	1	1	1	1	1	1	1	1	1	1	1	1	1	1
N11	N11.HOG0010237	1	1	1	1	1	1	1	1	1	1	1	1	1	1	1
N11	N11.HOG0010238	1	1	1	1	1	1	1	1	1	1	1	1	1	1	1
N11	N11.HOG0010239	1	1	1	1	1	1	1	1	1	1	1	1	1	1	1
N11	N11.HOG0010240	1	0	1	1	0	1	1	1	1	1	1	1	1	1	1
N11	N11.HOG0010241	0	1	0	0	1	0	0	0	0	0	0	0	0	0	0
N11	N11.HOG0010242	0	1	0	0	1	0	0	0	0	0	0	0	0	0	0
N11	N11.HOG0010243	1	1	1	1	1	1	1	1	1	1	1	1	1	1	0
N11	N11.HOG0010244	0	1	1	1	1	1	1	1	1	1	1	1	1	1	1
N11	N11.HOG0010245	1	0	1	1	1	1	1	1	1	1	1	1	1	1	1
N11	N11.HOG0010246	1	2	1	1	2	1	1	1	1	0	1	1	1	1	1
N11	N11.HOG0010247	1	1	1	1	1	1	1	1	1	1	1	1	1	1	1
N11	N11.HOG0010248	0	1	1	1	1	1	1	1	1	1	1	1	1	0	1
N11	N11.HOG0010249	1	1	1	1	0	1	2	1	1	1	1	1	1	2	1
N11	N11.HOG0010250	1	1	0	0	0	0	0	0	0	0	0	0	0	0	0
N11	N11.HOG0010251	1	1	1	1	1	1	1	1	1	1	1	1	1	1	1
N11	N11.HOG0010252	1	1	1	1	1	1	1	1	1	1	1	1	1	1	1
N11	N11.HOG0010253	1	1	1	1	1	1	1	1	1	1	1	1	1	1	1
N11	N11.HOG0010254	1	1	1	1	1	1	1	1	1	1	1	1	1	0	1
N11	N11.HOG0010255	0	1	1	1	1	1	1	1	1	1	1	1	1	1	1
N11	N11.HOG0010256	1	1	1	1	1	1	1	1	1	1	1	1	1	1	1
N11	N11.HOG0010257	1	0	1	1	1	1	1	1	1	1	1	1	1	1	1
N11	N11.HOG0010258	1	1	1	1	1	1	1	1	1	1	1	1	1	1	1
N11	N11.HOG0010259	1	0	1	1	1	1	1	1	1	1	1	1	1	1	1
N11	N11.HOG0010260	1	1	1	1	0	1	1	1	1	1	1	1	1	1	1
N11	N11.HOG0010261	1	1	1	1	1	1	1	1	1	1	1	1	1	1	1
N11	N11.HOG0010262	1	2	1	1	1	1	1	1	1	1	1	1	1	1	2
N11	N11.HOG0010263	1	1	1	1	1	1	1	1	1	1	1	1	1	1	1
N11	N11.HOG0010264	1	1	1	1	0	1	1	1	1	1	1	1	1	1	1
N11	N11.HOG0010265	1	1	1	1	1	1	1	1	1	1	1	1	1	1	1
N11	N11.HOG0010266	1	1	1	1	1	1	1	1	1	1	1	1	1	1	1
N11	N11.HOG0010267	1	1	1	1	1	1	1	1	1	1	1	1	1	1	1
N11	N11.HOG0010268	0	1	1	1	1	1	1	1	1	1	1	1	0	1	1
N11	N11.HOG0010269	1	1	1	1	1	1	1	1	1	1	1	1	1	1	1
N11	N11.HOG0010270	1	0	1	1	1	1	1	1	1	1	1	1	1	1	1
N11	N11.HOG0010271	0	1	1	1	1	1	1	1	1	1	1	1	1	1	1
N11	N11.HOG0010272	1	0	1	0	1	1	1	1	1	1	1	1	1	1	1
N11	N11.HOG0010273	1	1	1	1	1	1	1	1	1	1	1	1	1	1	1
N11	N11.HOG0010274	1	1	1	1	1	1	1	1	1	1	1	1	0	1	1
N11	N11.HOG0010275	1	1	1	1	1	1	1	1	1	1	1	1	1	1	1
N11	N11.HOG0010276	1	1	1	1	1	1	1	1	1	1	1	1	1	1	1
N11	N11.HOG0010277	1	1	1	1	1	1	1	1	1	1	1	1	1	1	1
N11	N11.HOG0010278	1	0	1	1	1	1	1	1	1	1	1	1	1	1	1
N11	N11.HOG0010279	1	0	1	1	1	1	1	1	1	1	1	1	1	1	1
N11	N11.HOG0010280	2	1	1	1	1	1	1	1	1	1	1	1	1	1	1
N11	N11.HOG0010281	0	1	1	1	1	1	0	1	1	1	1	1	1	1	1
N11	N11.HOG0010282	1	1	1	1	1	1	1	1	1	1	1	1	1	1	1
N11	N11.HOG0010283	1	0	1	1	1	1	1	1	1	1	1	1	1	1	1
N11	N11.HOG0010284	1	0	1	1	1	1	1	1	1	1	1	1	1	1	1
N11	N11.HOG0010285	1	1	1	1	1	1	1	1	1	1	1	1	1	1	0
N11	N11.HOG0010286	1	0	1	1	1	1	1	1	1	1	1	1	1	1	1
N11	N11.HOG0010287	1	1	1	1	1	1	1	1	1	1	1	0	1	1	1
N11	N11.HOG0010288	0	1	1	1	1	1	1	1	1	1	1	1	1	1	1
N11	N11.HOG0010289	0	1	1	1	1	1	1	1	1	1	1	1	1	1	1
N11	N11.HOG0010290	1	1	1	1	1	1	1	1	1	1	1	1	1	1	1
N11	N11.HOG0010291	1	1	1	1	1	1	1	1	1	1	1	1	1	1	1
N11	N11.HOG0010292	1	1	1	1	0	1	1	1	1	1	1	1	1	1	1
N11	N11.HOG0010293	1	1	1	1	1	1	1	1	1	1	1	1	1	1	1
N11	N11.HOG0010294	1	0	1	1	1	1	1	1	1	1	1	0	1	1	1
N11	N11.HOG0010295	1	1	1	1	1	1	1	1	1	1	1	1	1	1	1
N11	N11.HOG0010296	0	1	1	1	1	1	1	1	1	1	1	1	1	1	1
N11	N11.HOG0010297	1	1	1	1	1	1	1	1	1	1	1	1	1	1	1
N11	N11.HOG0010298	1	1	1	1	1	1	1	1	1	1	1	1	1	1	1
N11	N11.HOG0010299	1	1	1	1	1	1	1	1	1	1	1	1	0	1	1
N11	N11.HOG0010300	0	1	1	1	1	1	1	1	1	1	1	1	1	1	1
N11	N11.HOG0010301	0	1	1	1	1	1	1	1	1	1	1	1	0	0	1
N11	N11.HOG0010302	1	1	1	1	1	1	1	1	1	1	1	1	1	1	1
N11	N11.HOG0010303	1	1	1	1	1	1	1	1	1	1	1	1	1	1	1
N11	N11.HOG0010304	0	1	1	1	1	1	1	1	1	1	1	1	1	0	1
N11	N11.HOG0010305	1	1	1	1	1	1	1	1	1	1	1	1	1	1	1
N11	N11.HOG0010306	1	1	1	1	1	1	1	1	1	1	1	1	1	1	1
N11	N11.HOG0010307	1	1	1	1	1	1	1	1	1	1	1	1	1	1	1
N11	N11.HOG0010308	1	0	1	1	1	1	1	1	1	1	1	1	1	1	1
N11	N11.HOG0010309	1	1	1	1	1	1	1	1	1	1	1	1	1	1	1
N11	N11.HOG0010310	0	1	1	0	1	0	1	2	1	1	1	0	1	1	0
N11	N11.HOG0010311	1	1	1	1	1	1	1	1	1	1	1	1	1	1	1
N11	N11.HOG0010312	1	1	1	1	1	1	1	1	1	1	1	1	1	1	1
N11	N11.HOG0010313	1	0	1	1	1	1	1	1	1	1	1	1	1	1	1
N11	N11.HOG0010314	0	1	1	1	1	1	1	1	1	1	1	1	1	1	1
N11	N11.HOG0010315	1	1	1	1	1	0	1	1	1	1	1	1	1	1	0
N11	N11.HOG0010316	1	1	1	1	1	1	1	1	1	1	1	0	1	1	1
N11	N11.HOG0010317	1	0	1	1	1	1	1	1	1	1	1	1	1	1	1
N11	N11.HOG0010318	1	1	1	1	1	1	1	1	1	1	1	1	2	1	1
N11	N11.HOG0010319	1	1	1	1	1	1	1	1	1	1	1	1	1	1	1
N11	N11.HOG0010320	1	1	1	1	1	1	1	1	1	1	1	1	1	1	1
N11	N11.HOG0010321	1	1	1	1	1	1	1	1	1	1	1	1	1	1	1
N11	N11.HOG0010322	1	1	1	1	1	1	1	1	1	1	1	1	1	1	1
N11	N11.HOG0010323	1	1	1	1	1	1	1	1	1	1	1	1	1	0	1
N11	N11.HOG0010324	1	1	1	1	1	1	1	1	1	1	1	1	1	1	1
N11	N11.HOG0010325	1	0	1	1	0	1	1	1	1	1	1	1	1	1	1
N11	N11.HOG0010326	1	1	1	1	1	1	1	1	1	1	1	1	1	1	1
N11	N11.HOG0010327	1	1	1	1	1	1	1	1	1	1	1	1	1	1	1
N11	N11.HOG0010328	1	1	1	1	1	1	1	1	1	1	1	1	0	1	1
N11	N11.HOG0010329	1	1	1	1	1	1	1	1	1	1	1	1	1	1	1
N11	N11.HOG0010330	1	1	1	1	1	1	1	1	1	1	1	1	1	1	1
N11	N11.HOG0010331	1	1	1	1	1	1	1	1	1	1	1	1	1	1	1
N11	N11.HOG0010332	1	1	1	1	1	1	1	1	1	1	1	1	1	1	1
N11	N11.HOG0010333	1	1	1	1	1	1	1	1	1	1	1	1	0	1	1
N11	N11.HOG0010334	1	2	1	1	1	1	1	1	1	1	1	1	1	1	1
N11	N11.HOG0010335	2	1	1	1	1	1	1	1	1	1	1	1	1	1	1
N11	N11.HOG0010336	1	1	1	1	1	1	1	1	1	1	1	1	1	1	1
N11	N11.HOG0010337	1	1	1	1	1	1	1	1	1	1	1	1	1	1	1
N11	N11.HOG0010338	1	1	1	1	1	1	1	1	1	1	1	1	1	1	1
N11	N11.HOG0010339	1	1	1	1	1	1	1	1	1	1	1	1	1	1	1
N11	N11.HOG0010340	1	1	1	1	1	1	1	1	1	1	1	1	1	1	1
N11	N11.HOG0010341	1	1	1	1	1	1	1	1	1	1	1	1	1	1	1
N11	N11.HOG0010342	1	1	1	1	0	1	1	1	1	1	1	1	1	2	1
N11	N11.HOG0010343	1	1	1	1	1	1	1	1	1	1	1	1	1	1	1
N11	N11.HOG0010344	1	0	1	1	1	1	1	1	1	1	1	1	1	1	1
N11	N11.HOG0010345	1	1	1	1	1	1	1	0	1	1	1	1	1	1	1
N11	N11.HOG0010346	1	1	1	1	1	1	1	1	1	1	1	1	1	1	1
N11	N11.HOG0010347	1	1	1	1	1	1	1	1	1	1	1	1	1	1	1
N11	N11.HOG0010348	1	1	1	1	1	1	1	1	1	1	1	1	1	1	1
N11	N11.HOG0010349	0	0	1	1	1	1	1	1	1	1	1	1	1	1	1
N11	N11.HOG0010350	0	1	1	1	1	1	1	1	1	1	1	1	1	1	1
N11	N11.HOG0010351	0	1	1	1	1	1	1	1	1	1	1	1	1	1	0
N11	N11.HOG0010352	1	1	1	1	1	1	1	1	1	1	1	1	1	1	1
N11	N11.HOG0010353	1	2	1	1	1	1	1	1	1	1	1	1	0	1	1
N11	N11.HOG0010354	1	1	1	1	1	1	1	1	1	1	1	1	1	1	1
N11	N11.HOG0010355	0	1	1	1	1	1	1	1	1	1	1	1	1	1	1
N11	N11.HOG0010356	1	1	1	1	1	1	1	1	1	1	1	1	1	1	1
N11	N11.HOG0010357	1	1	1	1	1	1	1	1	1	1	1	1	1	1	1
N11	N11.HOG0010358	1	1	1	1	1	1	1	1	1	1	1	1	1	1	1
N11	N11.HOG0010359	1	1	1	1	1	1	1	1	1	1	1	1	1	1	1
N11	N11.HOG0010360	1	1	1	1	1	1	1	1	1	1	1	1	1	1	1
N11	N11.HOG0010361	1	1	1	1	1	1	1	1	1	1	1	1	1	1	0
N11	N11.HOG0010362	1	0	1	1	1	1	1	1	1	1	1	1	1	1	1
N11	N11.HOG0010363	1	1	1	1	1	1	1	1	1	1	1	1	1	1	1
N11	N11.HOG0010364	1	1	1	1	1	1	1	1	1	1	1	1	1	1	1
N11	N11.HOG0010365	1	1	1	1	1	1	1	1	1	1	1	1	1	1	1
N11	N11.HOG0010366	1	1	1	1	1	1	1	1	1	1	1	1	1	1	2
N11	N11.HOG0010367	1	1	1	1	1	1	1	1	1	1	1	1	1	1	1
N11	N11.HOG0010368	1	0	1	1	1	1	1	1	1	1	1	1	1	1	1
N11	N11.HOG0010369	1	1	1	1	1	1	2	1	1	1	1	1	1	1	1
N11	N11.HOG0010370	1	1	1	1	1	1	1	1	1	1	1	1	1	1	1
N11	N11.HOG0010371	1	1	1	1	1	1	1	1	1	1	1	1	1	1	1
N11	N11.HOG0010372	1	1	1	1	1	1	1	1	1	1	1	1	1	1	1
N11	N11.HOG0010373	1	0	1	1	1	1	1	1	1	1	1	1	1	1	1
N11	N11.HOG0010374	1	1	1	1	1	1	1	1	1	1	1	1	1	1	1
N11	N11.HOG0010375	0	1	1	1	1	1	1	1	1	1	1	0	1	1	1
N11	N11.HOG0010376	0	1	1	1	1	1	1	1	1	1	1	1	1	1	1
N11	N11.HOG0010377	1	0	1	1	0	1	1	1	1	1	1	1	1	1	1
N11	N11.HOG0010378	1	1	1	1	0	1	1	1	1	1	1	1	1	0	1
N11	N11.HOG0010379	1	0	1	1	1	1	1	1	1	1	1	1	1	1	1
N11	N11.HOG0010380	0	1	1	1	1	1	1	1	1	1	1	1	1	1	1
N11	N11.HOG0010381	1	1	1	1	1	1	1	1	1	1	1	1	1	1	1
N11	N11.HOG0010382	1	1	1	1	1	1	1	1	1	1	1	1	0	1	1
N11	N11.HOG0010383	1	1	1	1	1	1	1	1	1	1	1	1	1	1	1
N11	N11.HOG0010384	1	0	1	1	1	1	1	1	1	1	1	1	1	1	1
N11	N11.HOG0010385	2	2	1	1	1	1	1	1	1	1	1	1	1	1	1
N11	N11.HOG0010386	1	1	1	1	1	1	1	1	1	1	1	1	1	1	1
N11	N11.HOG0010387	0	0	1	1	0	1	1	1	1	1	1	1	1	1	1
N11	N11.HOG0010388	1	1	1	1	1	1	1	1	1	1	1	1	1	1	1
N11	N11.HOG0010389	0	1	1	1	1	1	1	1	1	1	1	1	1	1	1
N11	N11.HOG0010390	1	1	1	1	1	1	1	1	0	1	1	1	1	1	1
N11	N11.HOG0010391	1	1	1	1	1	1	1	1	1	1	1	1	1	1	1
N11	N11.HOG0010392	1	1	1	1	1	1	1	1	1	1	1	1	0	1	1
N11	N11.HOG0010393	1	0	1	1	1	1	1	1	1	1	1	1	1	1	1
N11	N11.HOG0010394	1	1	1	1	1	1	1	1	1	1	1	1	1	1	1
N11	N11.HOG0010395	0	1	1	1	1	1	1	1	1	1	1	1	1	1	1
N11	N11.HOG0010396	1	1	1	1	1	1	1	1	1	1	1	1	0	1	1
N11	N11.HOG0010397	1	1	1	1	1	1	1	1	1	1	1	1	1	1	1
N11	N11.HOG0010398	1	1	1	1	1	1	1	1	1	1	1	1	1	1	1
N11	N11.HOG0010399	0	1	1	1	1	1	1	1	1	1	1	1	1	1	1
N11	N11.HOG0010400	1	1	1	1	1	1	1	1	1	1	1	1	1	1	1
N11	N11.HOG0010401	1	1	1	1	1	1	1	1	1	1	1	1	1	1	1
N11	N11.HOG0010402	1	1	1	1	1	1	1	1	1	1	1	1	1	1	1
N11	N11.HOG0010403	1	1	1	1	1	1	1	1	1	1	1	1	1	1	1
N11	N11.HOG0010404	1	0	1	1	1	1	1	1	1	1	1	1	1	1	1
N11	N11.HOG0010405	1	2	1	1	1	1	1	1	1	0	0	1	1	1	1
N11	N11.HOG0010406	1	1	1	1	0	1	1	1	1	1	1	1	1	1	1
N11	N11.HOG0010407	1	1	1	1	1	1	1	1	1	1	1	1	1	1	1
N11	N11.HOG0010408	1	0	1	1	1	1	1	1	1	1	1	1	1	1	1
N11	N11.HOG0010409	1	1	1	1	1	1	1	1	1	1	1	1	1	1	1
N11	N11.HOG0010410	1	1	1	1	1	1	1	1	1	1	1	1	0	1	1
N11	N11.HOG0010411	1	1	1	1	1	1	1	1	1	1	1	1	1	1	0
N11	N11.HOG0010412	1	2	1	1	1	1	1	1	1	1	1	1	1	1	1
N11	N11.HOG0010413	1	1	1	1	1	1	1	1	1	1	1	1	1	1	1
N11	N11.HOG0010414	1	1	1	1	1	1	1	1	1	1	1	1	1	0	1
N11	N11.HOG0010415	1	1	1	1	1	1	1	1	1	1	1	1	1	1	1
N11	N11.HOG0010416	1	0	1	1	0	1	1	1	1	1	1	1	1	1	1
N11	N11.HOG0010417	1	1	1	1	1	1	1	1	1	1	1	1	1	1	1
N11	N11.HOG0010418	1	0	1	1	1	1	1	1	1	1	1	1	1	1	1
N11	N11.HOG0010419	1	0	1	1	1	1	2	1	1	1	1	1	1	1	1
N11	N11.HOG0010420	1	1	1	1	1	1	1	1	1	1	1	1	1	1	1
N11	N11.HOG0010421	1	1	1	1	1	1	1	1	1	1	1	1	1	1	1
N11	N11.HOG0010422	1	1	1	0	0	1	1	1	1	1	1	1	1	1	1
N11	N11.HOG0010423	1	1	1	1	1	1	1	1	1	1	1	1	1	1	1
N11	N11.HOG0010424	1	1	1	1	1	1	1	1	1	1	1	1	1	1	1
N11	N11.HOG0010425	1	1	1	0	1	1	1	1	1	1	1	1	1	1	1
N11	N11.HOG0010426	1	1	1	1	1	1	1	1	1	1	1	1	1	0	1
N11	N11.HOG0010427	1	1	1	1	1	1	1	1	1	1	1	1	0	1	1
N11	N11.HOG0010428	1	1	1	1	1	1	1	1	1	1	1	1	1	1	1
N11	N11.HOG0010429	1	0	1	1	1	1	1	1	1	1	1	1	1	1	1
N11	N11.HOG0010430	1	1	1	1	1	0	1	1	1	1	1	1	1	1	1
N11	N11.HOG0010431	1	1	1	1	1	1	1	1	1	1	1	1	1	1	1
N11	N11.HOG0010432	1	1	1	1	1	1	1	1	1	1	1	1	1	1	1
N11	N11.HOG0010433	1	0	1	1	1	1	1	1	1	1	1	1	1	1	1
N11	N11.HOG0010434	1	1	1	1	1	1	1	1	1	1	1	1	1	1	1
N11	N11.HOG0010435	1	1	1	1	1	1	1	1	1	1	1	1	1	1	1
N11	N11.HOG0010436	1	1	1	1	1	1	1	1	1	1	1	1	1	1	1
N11	N11.HOG0010437	1	1	1	1	1	1	1	1	1	1	1	1	1	1	1
N11	N11.HOG0010438	1	1	1	1	1	1	1	1	1	1	1	1	1	1	1
N11	N11.HOG0010439	1	1	1	1	1	1	1	1	1	1	1	1	1	1	1
N11	N11.HOG0010440	0	1	1	1	1	1	1	1	1	1	1	1	1	1	1
N11	N11.HOG0010441	1	1	1	1	1	1	1	1	1	1	1	1	1	1	1
N11	N11.HOG0010442	1	1	1	1	1	1	1	1	1	1	1	1	1	1	1
N11	N11.HOG0010443	1	1	1	1	1	1	1	1	1	1	1	1	1	1	1
N11	N11.HOG0010444	1	1	1	1	1	1	1	1	1	1	1	1	0	1	1
N11	N11.HOG0010445	1	1	1	1	1	1	1	1	1	1	1	1	1	1	1
N11	N11.HOG0010446	1	1	1	1	1	1	1	1	1	1	1	1	1	1	1
N11	N11.HOG0010447	1	1	1	1	1	1	1	1	1	1	1	1	1	1	1
N11	N11.HOG0010448	0	1	1	1	1	1	1	1	1	1	1	1	1	1	1
N11	N11.HOG0010449	1	1	1	1	1	1	1	1	1	1	1	1	1	1	1
N11	N11.HOG0010450	1	1	1	1	1	1	1	1	1	1	1	1	1	1	1
N11	N11.HOG0010451	1	0	1	1	1	1	1	1	1	1	1	1	1	1	1
N11	N11.HOG0010452	1	1	1	1	1	1	1	1	1	1	1	1	1	1	1
N11	N11.HOG0010453	0	0	2	1	1	2	2	1	1	1	1	1	1	1	1
N11	N11.HOG0010454	0	2	1	1	1	1	0	1	1	1	1	1	0	0	2
N11	N11.HOG0010455	1	0	1	1	0	1	1	1	1	1	1	1	1	1	1
N11	N11.HOG0010456	1	1	1	1	1	1	1	1	1	1	1	1	1	1	1
N11	N11.HOG0010457	1	1	1	1	1	1	1	1	1	1	1	1	1	1	1
N11	N11.HOG0010458	1	0	1	1	0	1	1	1	1	1	1	1	1	1	1
N11	N11.HOG0010459	1	1	1	0	1	1	1	1	1	1	1	1	1	1	1
N11	N11.HOG0010460	1	0	1	1	0	1	1	1	1	1	1	1	1	1	0
N11	N11.HOG0010461	1	1	1	1	1	1	1	0	1	1	1	1	1	1	1
N11	N11.HOG0010462	1	0	1	1	0	1	1	1	1	1	1	1	1	1	1
N11	N11.HOG0010463	1	1	1	1	1	1	1	1	1	1	1	1	1	1	1
N11	N11.HOG0010464	1	1	1	1	1	1	1	1	1	1	1	1	1	1	1
N11	N11.HOG0010465	1	1	1	1	1	1	1	1	1	1	1	1	1	1	1
N11	N11.HOG0010466	1	1	1	1	1	1	1	1	1	1	1	1	1	1	1
N11	N11.HOG0010467	1	1	1	1	1	1	1	1	1	1	1	1	1	1	1
N11	N11.HOG0010468	1	1	1	1	1	1	1	1	1	1	1	1	1	1	1
N11	N11.HOG0010469	0	1	1	1	1	1	1	1	1	1	1	1	1	1	1
N11	N11.HOG0010470	1	1	1	1	1	1	1	1	1	1	1	1	1	1	1
N11	N11.HOG0010471	1	1	1	1	1	0	1	1	1	1	1	1	1	1	1
N11	N11.HOG0010472	1	1	1	1	1	1	1	1	1	1	1	1	1	1	1
N11	N11.HOG0010473	1	1	1	1	1	1	1	1	1	1	1	1	1	1	1
N11	N11.HOG0010474	1	1	1	1	1	1	1	1	1	1	1	1	1	1	1
N11	N11.HOG0010475	0	1	1	1	1	1	1	1	1	1	1	1	1	1	1
N11	N11.HOG0010476	1	1	1	1	1	1	1	1	1	1	1	1	1	1	1
N11	N11.HOG0010477	1	0	1	1	1	1	0	0	1	1	1	1	1	1	1
N11	N11.HOG0010478	1	1	1	1	1	1	1	1	1	1	1	1	1	1	1
N11	N11.HOG0010479	1	1	1	1	1	1	1	1	1	1	1	1	1	1	1
N11	N11.HOG0010480	1	1	1	1	1	1	1	1	1	1	1	1	1	1	1
N11	N11.HOG0010481	1	1	1	1	1	1	1	1	1	1	1	1	1	1	1
N11	N11.HOG0010482	1	1	1	1	1	1	1	1	1	1	1	1	1	1	1
N11	N11.HOG0010483	1	0	1	1	1	1	1	1	1	1	1	1	1	1	1
N11	N11.HOG0010484	1	1	1	1	1	1	1	1	1	1	1	1	1	1	1
N11	N11.HOG0010485	1	2	0	0	0	0	0	0	0	0	0	0	0	0	0
N11	N11.HOG0010486	2	1	1	1	1	1	1	1	1	1	1	1	1	1	1
N11	N11.HOG0010487	1	1	1	1	1	1	1	1	1	1	1	1	1	1	0
N11	N11.HOG0010488	1	1	1	1	1	1	1	1	1	1	1	0	0	1	1
N11	N11.HOG0010489	1	1	1	1	1	1	1	1	1	1	1	1	0	1	1
N11	N11.HOG0010490	0	1	1	1	1	1	1	1	1	1	1	1	1	1	1
N11	N11.HOG0010491	0	1	1	1	1	1	1	1	1	1	1	1	1	1	2
N11	N11.HOG0010492	1	0	1	1	0	1	1	1	1	1	1	1	1	1	1
N11	N11.HOG0010493	0	1	1	1	1	1	1	1	1	1	1	1	0	0	1
N11	N11.HOG0010494	1	1	1	1	1	1	1	1	1	1	1	1	0	1	1
N11	N11.HOG0010495	1	1	1	1	1	1	1	1	1	1	1	1	1	1	0
N11	N11.HOG0010496	1	1	1	1	1	1	1	1	1	1	1	1	1	1	1
N11	N11.HOG0010497	1	1	1	1	1	1	1	1	1	1	1	0	1	1	0
N11	N11.HOG0010498	0	1	0	0	0	0	0	0	0	0	0	0	0	0	0
N11	N11.HOG0010499	1	1	1	1	1	1	1	1	1	1	1	1	1	1	1
N11	N11.HOG0010500	1	1	1	1	1	1	1	1	1	1	1	1	1	1	1
N11	N11.HOG0010501	1	1	1	1	1	1	1	1	1	1	1	1	1	1	1
N11	N11.HOG0010502	0	1	1	1	1	1	0	1	1	1	1	1	1	1	1
N11	N11.HOG0010503	1	3	1	1	2	1	1	1	1	1	1	1	0	0	0
N11	N11.HOG0010504	1	1	1	1	1	1	1	1	1	1	1	1	1	1	1
N11	N11.HOG0010505	1	1	1	1	1	1	1	1	1	1	1	0	1	1	1
N11	N11.HOG0010506	1	1	1	1	1	1	1	1	1	1	1	1	1	1	1
N11	N11.HOG0010507	1	1	1	1	1	1	1	1	1	1	1	1	1	1	1
N11	N11.HOG0010508	1	1	2	1	1	1	1	1	1	1	1	1	1	1	0
N11	N11.HOG0010509	0	1	1	1	1	1	1	1	1	1	1	1	1	1	1
N11	N11.HOG0010510	1	1	1	1	0	1	1	1	1	1	1	1	0	1	0
N11	N11.HOG0010511	0	0	1	1	1	1	1	1	1	1	1	1	1	1	0
N11	N11.HOG0010512	1	1	1	1	1	1	1	1	1	1	1	1	1	1	1
N11	N11.HOG0010513	1	2	1	1	1	1	1	1	1	1	1	1	1	1	1
N11	N11.HOG0010514	0	1	1	1	1	1	1	1	1	1	1	1	1	1	1
N11	N11.HOG0010515	1	1	1	1	1	1	1	1	1	1	1	1	1	1	1
N11	N11.HOG0010516	1	0	1	1	1	1	1	1	1	1	1	1	1	1	0
N11	N11.HOG0010517	0	1	1	1	1	1	1	1	1	1	1	1	0	1	1
N11	N11.HOG0010518	1	3	0	1	1	1	1	1	1	1	1	1	1	1	1
N11	N11.HOG0010519	1	1	1	1	1	1	1	1	1	1	1	1	1	1	1
N11	N11.HOG0010520	1	1	1	1	1	1	1	1	1	1	1	1	1	1	0
N11	N11.HOG0010521	1	1	1	1	1	1	1	1	1	1	1	1	1	1	1
N11	N11.HOG0010522	1	0	1	1	0	1	1	1	1	1	1	1	0	1	1
N11	N11.HOG0010523	1	1	1	1	1	1	1	1	1	1	1	1	1	1	1
N11	N11.HOG0010524	0	1	1	1	1	1	1	1	1	1	1	1	1	1	1
N11	N11.HOG0010525	1	0	1	1	1	0	1	1	1	1	0	0	1	1	1
N11	N11.HOG0010526	1	1	1	1	1	1	1	1	1	1	1	1	1	1	1
N11	N11.HOG0010527	1	1	1	1	1	1	1	1	1	1	1	1	1	1	1
N11	N11.HOG0010528	1	0	1	1	1	1	1	1	1	1	1	1	1	1	1
N11	N11.HOG0010529	1	1	1	1	1	1	1	1	1	1	1	1	1	1	1
N11	N11.HOG0010530	1	1	1	1	0	1	1	1	0	1	1	1	1	1	0
N11	N11.HOG0010531	1	1	1	1	1	1	1	1	1	1	1	1	1	1	1
N11	N11.HOG0010532	1	1	1	1	1	1	1	1	1	1	1	1	1	1	1
N11	N11.HOG0010533	1	1	1	1	1	1	1	1	1	1	1	1	1	1	1
N11	N11.HOG0010534	1	1	1	1	1	1	1	1	1	1	1	1	1	1	1
N11	N11.HOG0010535	1	1	1	1	1	1	1	1	1	1	1	1	1	1	1
N11	N11.HOG0010536	1	1	1	1	1	1	1	1	1	1	1	1	1	1	1
N11	N11.HOG0010537	1	0	1	1	1	1	0	1	1	1	1	1	1	1	1
N11	N11.HOG0010538	1	1	1	0	1	1	1	1	1	1	1	1	1	1	1
N11	N11.HOG0010539	1	1	1	1	0	1	1	1	1	1	1	1	1	1	1
N11	N11.HOG0010540	1	1	1	1	1	1	1	1	1	1	1	1	1	1	1
N11	N11.HOG0010541	1	1	1	1	1	1	1	1	1	1	1	1	0	1	1
N11	N11.HOG0010542	1	0	1	1	0	1	1	1	1	1	1	1	1	1	1
N11	N11.HOG0010543	0	1	1	1	1	1	1	1	1	1	1	1	1	1	1
N11	N11.HOG0010544	1	1	1	1	1	1	1	1	1	1	1	1	0	1	1
N11	N11.HOG0010545	1	1	1	1	1	1	1	1	1	1	1	1	1	1	1
N11	N11.HOG0010546	1	1	1	1	1	1	1	1	1	1	1	1	1	1	1
N11	N11.HOG0010547	1	1	1	1	1	1	1	1	1	1	1	1	1	1	1
N11	N11.HOG0010548	1	1	1	1	1	1	1	1	1	1	1	1	1	1	0
N11	N11.HOG0010549	0	1	1	1	1	1	1	1	1	1	1	1	1	1	1
N11	N11.HOG0010550	1	1	1	1	1	1	1	1	1	1	0	0	1	1	1
N11	N11.HOG0010551	0	1	1	1	1	1	1	1	1	1	1	1	1	0	1
N11	N11.HOG0010552	1	0	0	1	0	1	1	1	1	1	1	1	0	1	1
N11	N11.HOG0010553	1	1	1	1	1	1	1	1	1	1	1	1	1	1	1
N11	N11.HOG0010554	1	1	1	1	1	1	1	0	1	1	1	1	0	1	1
N11	N11.HOG0010555	1	0	1	1	1	1	1	1	1	1	1	1	1	1	1
N11	N11.HOG0010556	1	1	1	1	1	1	1	1	1	1	1	1	1	1	1
N11	N11.HOG0010557	1	1	1	1	1	1	1	1	1	1	1	1	1	1	1
N11	N11.HOG0010558	1	1	1	1	0	1	1	1	1	1	1	1	1	1	1
N11	N11.HOG0010559	1	1	1	1	0	1	1	1	1	1	1	1	1	1	1
N11	N11.HOG0010560	1	1	1	1	1	1	1	1	1	1	1	1	1	1	1
N11	N11.HOG0010561	1	1	1	1	0	1	1	1	1	1	1	1	1	1	1
N11	N11.HOG0010562	0	2	1	1	1	1	0	1	1	1	1	1	1	1	0
N11	N11.HOG0010563	0	1	1	1	1	1	2	1	1	1	1	1	1	1	1
N11	N11.HOG0010564	1	1	1	1	1	1	1	1	1	1	1	1	1	1	0
N11	N11.HOG0010565	1	0	1	1	1	1	1	1	1	1	1	1	1	1	1
N11	N11.HOG0010566	1	1	1	1	1	1	1	1	1	1	1	1	1	1	1
N11	N11.HOG0010567	1	0	1	0	0	1	1	1	1	1	0	1	1	1	1
N11	N11.HOG0010568	1	1	1	1	0	1	1	1	1	1	1	1	1	1	1
N11	N11.HOG0010569	1	1	1	1	1	1	1	1	1	1	1	1	1	1	1
N11	N11.HOG0010570	1	1	1	1	1	1	0	1	1	1	1	1	1	1	0
N11	N11.HOG0010571	0	1	1	1	1	1	1	1	1	1	1	1	1	1	1
N11	N11.HOG0010572	1	1	1	1	1	1	1	1	1	1	1	1	1	1	1
N11	N11.HOG0010573	1	1	1	1	1	1	1	1	1	1	1	1	1	1	1
N11	N11.HOG0010574	0	1	1	1	1	1	1	1	1	1	1	1	1	1	1
N11	N11.HOG0010575	0	1	1	1	1	1	1	1	1	1	1	1	1	1	1
N11	N11.HOG0010576	0	1	1	1	0	1	1	1	1	1	1	1	1	1	1
N11	N11.HOG0010577	1	1	1	1	1	1	1	1	1	1	1	1	1	1	1
N11	N11.HOG0010578	1	1	1	1	1	1	1	1	1	1	1	1	1	1	1
N11	N11.HOG0010579	1	1	1	1	1	1	1	1	1	1	1	1	1	1	0
N11	N11.HOG0010580	1	0	1	1	1	1	1	1	1	1	1	1	1	1	1
N11	N11.HOG0010581	1	1	1	1	1	1	1	1	1	1	1	1	1	1	1
N11	N11.HOG0010582	1	1	1	1	0	1	1	1	1	1	1	1	1	1	1
N11	N11.HOG0010583	1	1	1	1	1	1	1	1	1	1	1	1	1	1	1
N11	N11.HOG0010584	1	1	1	1	0	1	1	1	1	1	1	1	1	1	0
N11	N11.HOG0010585	1	1	1	1	1	1	1	1	1	1	1	1	1	1	1
N11	N11.HOG0010586	1	1	1	1	1	1	1	1	1	1	1	1	1	1	1
N11	N11.HOG0010587	1	1	1	1	1	1	1	1	1	1	1	1	1	1	1
N11	N11.HOG0010588	1	1	1	1	1	1	1	1	1	1	1	1	1	1	1
N11	N11.HOG0010589	1	1	1	1	1	1	1	1	1	1	1	1	1	2	1
N11	N11.HOG0010590	1	1	1	1	1	1	1	1	1	1	1	1	1	1	1
N11	N11.HOG0010591	0	0	0	0	0	0	1	0	0	0	0	0	0	0	0
N11	N11.HOG0010592	0	1	0	1	1	1	1	1	1	1	1	1	0	0	0
N11	N11.HOG0010593	1	1	1	1	1	1	1	1	1	1	0	1	1	1	1
N11	N11.HOG0010594	1	1	1	1	1	1	1	1	1	1	1	1	1	1	1
N11	N11.HOG0010595	1	0	1	0	0	1	1	1	1	0	1	1	1	1	1
N11	N11.HOG0010596	1	1	1	1	1	1	1	1	1	1	1	0	1	1	1
N11	N11.HOG0010597	1	1	1	1	1	1	1	1	1	1	1	1	1	1	1
N11	N11.HOG0010598	1	1	1	1	1	1	1	1	1	1	1	1	1	1	1
N11	N11.HOG0010599	1	1	1	1	1	1	1	1	1	1	1	1	1	1	1
N11	N11.HOG0010600	1	1	1	1	1	1	1	1	1	1	1	1	1	1	1
N11	N11.HOG0010601	1	1	1	1	1	1	1	1	1	1	1	1	1	1	1
N11	N11.HOG0010602	1	0	1	1	1	1	1	1	1	1	1	1	1	1	1
N11	N11.HOG0010603	1	1	1	1	1	1	1	1	1	1	1	1	1	1	1
N11	N11.HOG0010604	0	2	1	1	1	1	1	1	1	1	1	1	1	1	1
N11	N11.HOG0010605	0	1	1	1	1	1	1	0	1	1	1	1	1	1	1
N11	N11.HOG0010606	1	1	1	1	0	1	1	1	1	1	1	1	1	2	1
N11	N11.HOG0010607	1	2	1	1	1	1	1	1	1	1	1	0	1	1	1
N11	N11.HOG0010608	1	1	1	1	1	1	1	1	1	1	1	1	1	1	1
N11	N11.HOG0010609	1	0	1	1	1	1	1	1	1	1	1	1	1	1	1
N11	N11.HOG0010610	1	1	1	1	1	1	1	1	1	1	1	1	0	1	1
N11	N11.HOG0010611	1	1	1	1	1	1	1	1	1	1	1	1	1	1	1
N11	N11.HOG0010612	1	1	1	1	0	1	1	1	1	1	1	1	1	1	0
N11	N11.HOG0010613	1	1	1	1	0	1	1	1	1	1	1	1	1	1	1
N11	N11.HOG0010614	0	1	1	1	1	1	1	1	1	1	1	1	0	1	1
N11	N11.HOG0010615	1	1	1	1	1	1	1	1	1	1	1	1	0	1	1
N11	N11.HOG0010616	1	1	1	1	1	1	1	1	1	1	1	1	1	1	1
N11	N11.HOG0010617	1	1	1	1	1	1	1	1	1	1	1	1	1	1	1
N11	N11.HOG0010618	1	1	1	1	1	1	1	1	1	1	0	1	1	1	1
N11	N11.HOG0010619	1	2	1	1	0	1	1	1	1	1	1	1	1	1	1
N11	N11.HOG0010620	1	1	1	1	0	1	1	1	1	1	1	1	1	1	1
N11	N11.HOG0010621	1	1	1	1	1	1	1	1	1	1	1	1	1	1	1
N11	N11.HOG0010622	1	1	1	1	1	1	1	1	1	1	1	1	1	1	1
N11	N11.HOG0010623	1	1	1	1	1	1	1	1	1	1	1	1	1	1	1
N11	N11.HOG0010624	1	1	0	1	1	1	1	1	1	1	1	1	1	1	1
N11	N11.HOG0010625	1	0	1	1	2	1	1	1	1	1	1	1	1	2	1
N11	N11.HOG0010626	1	0	0	0	1	1	1	1	1	1	1	1	2	1	0
N11	N11.HOG0010627	1	1	1	1	1	1	1	1	1	1	1	1	1	1	1
N11	N11.HOG0010628	1	1	1	1	1	1	1	1	1	1	1	1	1	2	1
N11	N11.HOG0010629	1	1	1	1	0	1	1	1	1	1	1	1	1	1	1
N11	N11.HOG0010630	1	1	1	1	1	1	1	1	1	1	1	1	1	1	1
N11	N11.HOG0010631	1	1	1	1	1	1	1	1	1	1	1	1	1	1	1
N11	N11.HOG0010632	1	1	1	1	1	1	1	1	1	1	1	1	1	1	1
N11	N11.HOG0010633	1	1	1	1	1	1	1	1	1	1	1	1	2	1	1
N11	N11.HOG0010634	1	1	1	1	1	1	1	1	1	1	1	1	1	1	1
N11	N11.HOG0010635	1	1	1	1	1	1	1	1	1	1	1	1	2	1	1
N11	N11.HOG0010636	1	1	1	1	0	1	1	1	1	1	1	1	1	1	1
N11	N11.HOG0010637	1	1	1	1	1	0	1	1	1	1	1	1	1	1	1
N11	N11.HOG0010638	1	1	1	1	1	1	1	1	1	1	1	1	1	1	1
N11	N11.HOG0010639	0	1	1	1	1	1	1	1	1	1	1	1	1	1	1
N11	N11.HOG0010640	1	1	1	1	1	1	0	1	1	1	1	1	1	1	1
N11	N11.HOG0010641	1	1	1	1	1	1	1	1	1	1	1	1	2	2	1
N11	N11.HOG0010642	1	1	1	1	1	1	1	1	1	1	1	1	1	1	1
N11	N11.HOG0010643	1	1	1	1	1	1	1	1	1	1	1	1	1	1	1
N11	N11.HOG0010644	1	1	1	1	1	1	1	1	1	1	1	1	1	1	0
N11	N11.HOG0010645	1	1	1	1	1	1	1	1	1	1	1	1	1	1	1
N11	N11.HOG0010646	1	1	1	1	1	1	1	1	1	1	1	1	0	1	1
N11	N11.HOG0010647	1	2	1	1	1	1	1	1	1	1	1	1	1	0	1
N11	N11.HOG0010648	1	1	1	1	1	1	1	1	1	1	1	1	1	1	1
N11	N11.HOG0010649	1	1	1	1	1	1	1	1	1	1	1	1	1	1	1
N11	N11.HOG0010650	1	1	1	1	1	1	1	1	1	1	1	1	1	1	1
N11	N11.HOG0010651	0	1	1	1	1	1	1	1	1	1	1	1	1	1	1
N11	N11.HOG0010652	0	1	1	1	1	1	1	1	1	1	1	1	1	1	1
N11	N11.HOG0010653	1	1	1	1	1	1	1	1	1	1	1	1	1	1	1
N11	N11.HOG0010654	1	1	1	1	1	1	1	1	1	1	1	1	1	1	1
N11	N11.HOG0010655	1	1	1	1	1	1	1	1	1	1	1	1	1	1	1
N11	N11.HOG0010656	1	1	1	1	0	1	1	1	1	1	1	1	1	0	1
N11	N11.HOG0010657	1	1	1	1	1	1	0	1	1	1	1	1	0	1	1
N11	N11.HOG0010658	1	1	1	1	1	1	1	1	1	1	1	1	1	1	1
N11	N11.HOG0010659	1	1	1	1	1	1	1	1	1	1	1	0	1	1	1
N11	N11.HOG0010660	1	1	1	1	1	1	1	1	1	1	1	1	1	1	1
N11	N11.HOG0010661	1	1	1	1	1	1	1	1	1	1	1	1	1	1	1
N11	N11.HOG0010662	1	1	1	1	1	1	1	1	1	1	1	1	1	1	1
N11	N11.HOG0010663	1	1	1	1	1	1	1	1	1	1	1	1	1	1	1
N11	N11.HOG0010664	0	0	0	0	0	0	0	0	0	0	0	0	0	0	1
N11	N11.HOG0010665	0	0	0	0	1	0	0	0	0	0	0	0	0	0	0
N11	N11.HOG0010666	0	0	0	0	1	0	0	0	0	0	0	0	0	0	0
N11	N11.HOG0010667	0	0	0	0	1	0	0	0	0	0	0	0	0	0	0
N11	N11.HOG0010668	0	1	0	0	0	0	0	0	0	0	0	0	0	0	0
N11	N11.HOG0010669	1	1	0	0	2	0	0	0	0	0	0	1	0	0	0
N11	N11.HOG0010670	0	2	0	0	0	0	0	0	0	0	0	0	0	0	0
N11	N11.HOG0010671	0	1	0	0	0	0	0	0	0	0	0	0	0	0	0
N11	N11.HOG0010672	1	0	0	1	0	0	1	1	1	1	0	1	1	1	1
N11	N11.HOG0010673	1	0	0	0	0	0	0	0	0	0	0	0	0	0	0
N11	N11.HOG0010674	1	1	1	1	1	1	1	1	1	1	1	1	2	1	1
N11	N11.HOG0010675	1	1	1	1	1	1	0	1	1	1	1	1	0	0	1
N11	N11.HOG0010676	1	0	1	1	1	1	1	1	1	1	1	1	1	1	1
N11	N11.HOG0010677	1	1	1	0	1	1	1	1	1	1	1	1	1	2	1
N11	N11.HOG0010678	0	1	1	1	1	1	1	1	1	1	1	1	1	1	1
N11	N11.HOG0010679	1	1	1	1	1	1	1	1	1	1	1	1	1	1	1
N11	N11.HOG0010680	1	1	1	1	1	1	1	1	1	1	1	1	1	1	1
N11	N11.HOG0010681	1	1	1	1	0	0	1	1	1	1	1	1	1	1	1
N11	N11.HOG0010682	1	1	1	1	1	1	1	1	1	1	1	1	1	1	1
N11	N11.HOG0010683	1	1	1	1	1	1	1	1	1	1	1	1	1	1	0
N11	N11.HOG0010684	0	0	0	1	0	1	1	1	1	1	1	1	1	1	1
N11	N11.HOG0010685	2	1	1	1	1	1	1	1	1	1	1	1	1	1	1
N11	N11.HOG0010686	1	1	1	1	1	1	1	1	1	1	1	1	1	1	1
N11	N11.HOG0010687	1	1	1	1	1	1	1	1	1	1	1	1	1	1	1
N11	N11.HOG0010688	1	1	1	1	1	1	1	1	1	1	1	1	1	1	1
N11	N11.HOG0010689	1	1	1	1	1	1	1	1	1	1	1	1	1	1	1
N11	N11.HOG0010690	1	1	1	1	1	1	1	1	1	1	1	1	0	1	1
N11	N11.HOG0010691	1	1	1	1	1	1	1	1	1	1	1	1	1	1	1
N11	N11.HOG0010692	1	2	1	1	1	1	1	1	1	1	1	1	1	1	1
N11	N11.HOG0010693	1	1	1	1	1	0	1	1	1	1	1	1	1	1	1
N11	N11.HOG0010694	1	1	1	1	1	1	1	1	1	1	1	1	1	1	1
N11	N11.HOG0010695	1	1	1	1	1	1	1	1	1	1	1	1	1	1	1
N11	N11.HOG0010696	2	0	1	1	1	1	1	1	1	1	1	1	1	1	1
N11	N11.HOG0010697	0	1	0	2	2	0	2	1	1	0	0	1	2	1	0
N11	N11.HOG0010698	1	1	1	1	1	1	1	1	1	1	1	1	1	1	0
N11	N11.HOG0010699	1	1	1	1	1	1	0	1	1	1	1	1	1	1	1
N11	N11.HOG0010700	1	1	1	1	1	1	1	1	1	1	1	1	1	1	2
N11	N11.HOG0010701	1	1	1	1	1	1	1	1	1	1	1	1	1	1	0
N11	N11.HOG0010702	1	1	1	1	1	1	1	1	1	1	1	1	1	1	1
N11	N11.HOG0010703	1	0	1	1	1	1	1	1	1	1	1	0	1	1	1
N11	N11.HOG0010704	0	1	0	0	1	0	1	0	1	1	1	2	0	0	0
N11	N11.HOG0010705	0	0	0	0	0	0	0	0	0	0	0	0	0	1	0
N11	N11.HOG0010706	1	3	0	0	1	0	0	1	1	0	0	1	1	0	2
N11	N11.HOG0010707	0	1	0	0	1	0	0	0	0	0	0	0	0	0	0
N11	N11.HOG0010708	1	1	1	1	1	1	1	1	1	1	1	1	1	1	1
N11	N11.HOG0010709	1	1	1	1	1	1	1	1	1	1	1	1	1	1	1
N11	N11.HOG0010710	0	1	1	1	1	1	1	1	1	1	1	1	1	1	1
N11	N11.HOG0010711	1	0	1	1	1	1	1	1	0	1	1	0	1	1	1
N11	N11.HOG0010712	1	1	1	1	1	1	1	1	1	1	1	1	1	1	1
N11	N11.HOG0010713	1	1	1	1	1	1	1	1	1	1	1	1	1	1	1
N11	N11.HOG0010714	1	1	1	1	1	1	1	1	1	1	1	1	0	1	1
N11	N11.HOG0010715	1	1	0	1	0	1	1	1	1	0	1	0	1	1	1
N11	N11.HOG0010716	1	1	1	0	1	1	1	1	1	1	1	1	1	1	1
N11	N11.HOG0010717	1	1	1	1	1	1	0	1	1	1	1	1	1	0	1
N11	N11.HOG0010718	1	1	1	1	1	1	0	1	1	1	1	1	1	1	1
N11	N11.HOG0010719	1	1	1	1	1	1	1	1	1	1	1	1	1	1	1
N11	N11.HOG0010720	1	1	1	1	1	1	1	1	1	1	1	0	1	2	1
N11	N11.HOG0010721	1	1	1	1	1	1	1	1	1	1	0	1	1	1	1
N11	N11.HOG0010722	1	1	1	1	0	1	1	1	1	1	1	1	1	1	1
N11	N11.HOG0010723	1	1	1	1	1	1	1	1	1	1	1	1	1	1	1
N11	N11.HOG0010724	1	1	1	1	1	1	1	1	1	1	1	1	1	1	1
N11	N11.HOG0010725	1	1	1	1	2	1	1	1	1	1	1	0	2	1	1
N11	N11.HOG0010726	1	1	1	1	1	1	1	1	1	1	1	1	1	1	1
N11	N11.HOG0010727	1	1	1	1	1	1	1	1	1	1	1	1	1	1	1
N11	N11.HOG0010728	1	1	1	1	1	1	1	1	1	1	1	1	1	1	1
N11	N11.HOG0010729	1	2	1	1	1	1	0	1	1	1	1	0	0	0	1
N11	N11.HOG0010730	1	1	1	1	0	1	1	1	1	1	1	1	1	1	1
N11	N11.HOG0010731	1	1	1	1	1	1	1	1	1	1	1	1	1	1	1
N11	N11.HOG0010732	0	1	1	1	1	1	1	1	1	1	1	1	1	1	1
N11	N11.HOG0010733	1	1	1	1	1	1	1	1	1	1	1	1	1	1	1
N11	N11.HOG0010734	1	1	1	1	1	1	1	1	1	1	1	1	1	1	0
N11	N11.HOG0010735	0	0	1	1	1	0	1	1	1	1	1	0	1	1	1
N11	N11.HOG0010736	0	1	1	1	1	1	1	1	1	1	1	1	1	1	1
N11	N11.HOG0010737	1	1	1	1	1	1	1	1	1	1	1	1	1	1	1
N11	N11.HOG0010738	1	1	1	2	1	0	1	2	1	1	1	1	1	1	1
N11	N11.HOG0010739	1	1	1	1	1	1	1	1	1	1	1	1	1	1	1
N11	N11.HOG0010740	0	1	1	0	1	1	1	1	1	1	1	2	1	1	1
N11	N11.HOG0010741	0	1	1	1	0	1	1	1	1	1	1	1	1	1	1
N11	N11.HOG0010742	1	1	1	1	0	1	1	1	1	1	1	1	1	1	1
N11	N11.HOG0010743	1	1	1	1	1	1	1	1	1	1	1	1	1	1	1
N11	N11.HOG0010744	1	0	1	1	0	1	1	1	1	1	1	1	1	1	1
N11	N11.HOG0010745	1	1	1	1	2	1	1	1	1	1	1	1	1	1	0
N11	N11.HOG0010746	1	1	1	1	1	1	1	1	1	1	1	1	1	1	1
N11	N11.HOG0010747	1	1	1	1	1	1	1	1	1	1	1	1	1	1	1
N11	N11.HOG0010748	0	1	1	1	1	1	1	1	1	1	1	1	1	1	1
N11	N11.HOG0010749	1	1	1	1	0	1	1	1	1	1	1	1	1	1	1
N11	N11.HOG0010750	1	1	1	1	1	1	1	1	1	1	1	1	1	1	0
N11	N11.HOG0010751	1	0	1	1	1	1	1	1	1	1	0	1	1	1	1
N11	N11.HOG0010752	1	0	1	1	0	1	1	1	1	1	1	1	1	1	1
N11	N11.HOG0010753	1	1	1	1	1	1	1	1	1	1	1	1	1	1	0
N11	N11.HOG0010754	1	0	1	1	1	1	1	1	1	1	1	1	1	1	1
N11	N11.HOG0010755	1	1	1	1	1	1	1	1	1	1	1	1	1	1	1
N11	N11.HOG0010756	1	0	1	1	0	1	1	0	0	1	1	1	1	1	1
N11	N11.HOG0010757	1	1	1	1	1	1	1	1	1	1	1	1	1	1	0
N11	N11.HOG0010758	1	1	1	1	0	1	1	1	1	1	1	1	1	1	1
N11	N11.HOG0010759	1	1	1	1	1	1	1	1	1	1	1	1	1	1	1
N11	N11.HOG0010760	1	1	1	1	1	1	1	1	1	1	1	1	1	1	1
N11	N11.HOG0010761	1	0	1	0	1	1	1	1	1	1	1	0	1	1	1
N11	N11.HOG0010762	1	1	1	1	1	1	1	1	1	1	1	1	1	1	1
N11	N11.HOG0010763	1	1	1	1	1	1	1	1	1	1	1	1	1	1	1
N11	N11.HOG0010764	1	1	1	1	1	1	1	1	1	1	1	1	1	1	1
N11	N11.HOG0010765	1	1	1	1	1	1	1	1	1	1	1	1	1	1	1
N11	N11.HOG0010766	1	1	1	1	1	1	1	1	1	1	1	1	1	1	1
N11	N11.HOG0010767	1	1	1	1	1	1	1	0	1	1	1	1	1	1	1
N11	N11.HOG0010768	1	1	1	1	2	1	1	1	1	1	0	0	1	1	1
N11	N11.HOG0010769	1	1	1	1	1	1	1	1	1	1	1	1	0	1	1
N11	N11.HOG0010770	1	1	1	0	1	1	1	0	0	1	1	0	1	1	2
N11	N11.HOG0010771	1	1	1	1	1	1	1	1	1	1	1	1	1	1	1
N11	N11.HOG0010772	1	2	1	1	1	1	1	1	1	1	1	1	1	1	1
N11	N11.HOG0010773	1	1	1	1	1	0	1	1	1	1	1	1	1	1	1
N11	N11.HOG0010774	0	1	1	1	1	1	1	1	1	1	1	1	1	1	1
N11	N11.HOG0010775	1	1	1	1	0	1	1	1	1	1	1	1	1	0	1
N11	N11.HOG0010776	0	1	1	0	1	1	1	1	1	1	1	1	2	1	1
N11	N11.HOG0010777	1	1	1	1	1	1	1	0	0	0	0	1	0	1	1
N11	N11.HOG0010778	1	1	1	1	1	1	1	1	1	1	1	1	1	1	1
N11	N11.HOG0010779	0	1	1	1	1	1	1	1	1	1	1	1	0	0	0
N11	N11.HOG0010780	1	1	1	1	0	1	0	1	1	1	1	1	1	1	1
N11	N11.HOG0010781	1	1	1	1	1	1	1	1	1	1	1	1	1	1	1
N11	N11.HOG0010782	1	1	1	1	1	1	1	1	1	1	1	1	2	3	0
N11	N11.HOG0010783	1	1	1	1	1	1	1	1	1	1	1	1	1	1	1
N11	N11.HOG0010784	2	0	1	1	1	1	1	1	1	1	1	1	1	1	0
N11	N11.HOG0010785	1	1	1	1	0	1	1	1	1	1	1	1	1	1	1
N11	N11.HOG0010786	0	1	1	1	1	1	1	1	1	1	1	1	1	0	1
N11	N11.HOG0010787	1	1	1	1	1	1	0	1	1	1	1	1	1	1	1
N11	N11.HOG0010788	1	0	0	1	1	1	1	1	1	1	1	1	1	1	1
N11	N11.HOG0010789	1	1	1	1	1	1	1	1	1	0	0	1	1	1	1
N11	N11.HOG0010790	1	1	1	1	1	1	1	1	1	1	1	1	1	0	1
N11	N11.HOG0010791	1	1	1	1	1	1	1	1	1	1	1	1	1	1	1
N11	N11.HOG0010792	1	1	1	1	1	1	1	1	1	1	1	1	1	1	1
N11	N11.HOG0010793	1	1	1	1	1	1	1	1	1	1	1	1	1	1	1
N11	N11.HOG0010794	1	1	1	1	1	1	1	1	1	1	1	1	1	1	1
N11	N11.HOG0010795	1	1	1	1	1	1	1	1	1	1	1	1	1	1	1
N11	N11.HOG0010796	1	0	1	1	1	1	1	1	1	1	1	1	1	1	1
N11	N11.HOG0010797	1	2	1	1	1	1	2	2	1	1	1	1	1	1	1
N11	N11.HOG0010798	1	1	1	1	1	1	1	1	1	1	1	1	1	0	1
N11	N11.HOG0010799	1	1	1	1	1	1	1	1	1	1	1	1	1	1	1
N11	N11.HOG0010800	1	1	1	1	1	1	1	1	1	1	1	1	1	1	0
N11	N11.HOG0010801	0	2	1	1	1	1	1	1	1	1	1	1	0	1	1
N11	N11.HOG0010802	1	1	1	1	1	1	1	1	1	1	1	1	1	1	1
N11	N11.HOG0010803	1	1	1	1	1	0	1	1	0	1	0	0	1	1	0
N11	N11.HOG0010804	1	1	1	1	1	1	1	1	1	1	1	1	1	1	1
N11	N11.HOG0010805	1	1	1	1	1	1	1	1	1	1	1	0	1	1	1
N11	N11.HOG0010806	1	1	1	1	1	1	1	1	1	1	1	1	1	1	1
N11	N11.HOG0010807	3	1	1	1	1	1	1	1	1	1	1	1	1	1	1
N11	N11.HOG0010808	0	1	1	1	1	1	1	1	2	1	1	1	1	1	0
N11	N11.HOG0010809	1	1	1	1	1	1	1	1	1	1	1	1	1	1	1
N11	N11.HOG0010810	0	1	1	1	1	1	1	1	1	1	0	1	1	1	1
N11	N11.HOG0010811	1	1	1	1	1	1	0	1	1	1	1	1	0	0	1
N11	N11.HOG0010812	1	1	1	1	1	1	1	1	1	1	1	1	1	1	1
N11	N11.HOG0010813	1	1	1	1	1	1	1	1	1	1	1	1	1	0	1
N11	N11.HOG0010814	0	1	1	1	1	1	1	1	1	1	1	1	1	1	1
N11	N11.HOG0010815	0	1	1	1	1	1	1	1	1	1	0	1	0	1	1
N11	N11.HOG0010816	0	0	1	1	0	1	1	1	1	1	1	1	1	1	1
N11	N11.HOG0010817	1	1	1	1	1	1	1	1	1	1	1	1	1	1	1
N11	N11.HOG0010818	1	1	1	1	1	1	1	1	1	1	1	1	1	1	1
N11	N11.HOG0010819	1	1	1	1	1	1	1	1	1	1	1	1	1	1	1
N11	N11.HOG0010820	1	2	1	1	1	1	1	1	1	1	1	1	1	1	0
N11	N11.HOG0010821	1	1	1	1	1	1	1	0	1	1	1	0	1	1	1
N11	N11.HOG0010822	1	1	1	1	0	1	1	1	1	1	1	1	0	1	1
N11	N11.HOG0010823	1	1	1	1	1	1	1	1	1	1	1	1	1	1	1
N11	N11.HOG0010824	1	1	1	1	1	1	1	1	1	1	1	1	1	1	0
N11	N11.HOG0010825	1	1	1	1	1	1	1	1	1	1	1	1	1	1	0
N11	N11.HOG0010826	1	1	1	1	1	1	1	1	1	1	1	1	1	1	1
N11	N11.HOG0010827	1	1	1	1	1	1	0	1	1	1	1	1	1	1	1
N11	N11.HOG0010828	1	1	1	1	1	1	1	1	1	1	1	1	1	1	1
N11	N11.HOG0010829	1	1	1	1	1	1	1	1	1	1	1	1	1	1	1
N11	N11.HOG0010830	1	1	1	1	1	1	1	1	1	1	1	1	1	1	0
N11	N11.HOG0010831	1	1	1	1	0	1	1	1	1	1	1	1	1	1	1
N11	N11.HOG0010832	0	2	1	0	1	1	1	0	1	0	1	0	1	1	1
N11	N11.HOG0010833	0	1	1	1	1	1	1	1	1	1	1	1	1	1	1
N11	N11.HOG0010834	1	1	1	1	1	1	1	1	1	1	1	1	0	1	1
N11	N11.HOG0010835	0	1	1	1	1	1	1	1	1	1	1	1	1	1	1
N11	N11.HOG0010836	1	1	1	1	1	1	1	1	1	1	1	1	1	1	1
N11	N11.HOG0010837	1	0	1	1	1	1	1	1	1	1	1	1	1	1	1
N11	N11.HOG0010838	0	1	1	1	1	1	1	1	1	1	1	1	1	0	0
N11	N11.HOG0010839	1	0	1	1	1	1	1	1	1	1	1	1	1	1	1
N11	N11.HOG0010840	1	1	1	1	1	1	1	1	1	1	1	1	1	1	1
N11	N11.HOG0010841	1	1	1	1	1	1	1	1	1	1	1	0	1	1	1
N11	N11.HOG0010842	1	1	1	1	1	1	1	1	1	1	1	1	1	1	1
N11	N11.HOG0010843	1	1	1	1	1	1	1	1	1	1	1	1	1	1	1
N11	N11.HOG0010844	1	1	1	1	1	1	1	1	1	1	1	1	1	1	2
N11	N11.HOG0010845	1	1	1	1	1	1	1	1	1	1	1	1	1	1	1
N11	N11.HOG0010846	1	1	0	1	1	1	1	1	1	1	1	1	0	1	0
N11	N11.HOG0010847	1	1	1	1	1	1	1	1	1	1	1	1	1	1	1
N11	N11.HOG0010848	1	1	1	1	1	1	1	1	1	1	1	1	1	1	1
N11	N11.HOG0010849	0	1	1	1	1	1	1	1	1	1	1	1	1	1	1
N11	N11.HOG0010850	1	1	1	1	1	1	1	1	1	1	1	1	1	1	1
N11	N11.HOG0010851	1	1	1	1	1	1	1	1	1	1	1	1	1	1	0
N11	N11.HOG0010852	1	1	1	1	1	1	0	1	1	1	1	1	0	0	0
N11	N11.HOG0010853	1	1	1	1	1	1	1	1	1	1	1	1	1	1	1
N11	N11.HOG0010854	0	1	1	1	1	1	0	1	1	1	1	1	1	0	1
N11	N11.HOG0010855	1	1	1	1	1	1	1	1	1	1	1	1	0	0	1
N11	N11.HOG0010856	2	1	1	1	1	1	2	1	1	1	1	1	1	1	1
N11	N11.HOG0010857	1	1	1	1	1	1	1	1	1	1	1	1	1	1	1
N11	N11.HOG0010858	0	1	1	1	0	1	1	1	1	1	1	1	1	1	0
N11	N11.HOG0010859	1	1	1	1	1	0	1	1	1	1	1	1	1	1	0
N11	N11.HOG0010860	1	1	1	0	1	0	1	0	0	0	0	1	1	1	0
N11	N11.HOG0010861	1	1	1	1	1	1	1	1	1	1	1	1	1	1	1
N11	N11.HOG0010862	1	1	1	1	0	1	1	1	1	1	1	1	1	1	1
N11	N11.HOG0010863	1	1	1	1	1	1	1	1	1	1	1	1	1	0	1
N11	N11.HOG0010864	0	1	1	1	1	1	1	1	1	1	1	1	1	0	0
N11	N11.HOG0010865	1	1	1	0	1	1	1	1	1	1	1	1	1	1	1
N11	N11.HOG0010866	1	0	1	1	1	1	1	1	1	1	1	1	1	1	1
N11	N11.HOG0010867	1	1	1	1	0	1	1	1	1	1	1	1	1	1	1
N11	N11.HOG0010868	0	1	1	1	1	1	1	1	1	1	1	1	1	1	1
N11	N11.HOG0010869	1	1	1	1	1	1	1	1	1	1	1	1	1	1	1
N11	N11.HOG0010870	1	1	0	1	2	1	1	1	1	1	1	1	1	1	0
N11	N11.HOG0010871	1	1	1	1	1	1	1	1	1	1	1	0	0	1	1
N11	N11.HOG0010872	0	1	1	1	1	1	0	1	1	1	1	1	1	1	1
N11	N11.HOG0010873	1	1	1	1	1	1	1	1	1	1	1	1	1	1	1
N11	N11.HOG0010874	0	0	0	0	0	0	1	1	1	1	1	1	1	1	1
N11	N11.HOG0010875	0	1	1	1	0	1	1	1	1	1	1	1	1	1	1
N11	N11.HOG0010876	1	0	1	1	1	1	1	1	1	1	1	1	1	1	1
N11	N11.HOG0010877	1	1	1	1	1	1	1	1	1	1	1	0	1	1	1
N11	N11.HOG0010878	1	1	1	1	1	1	1	1	1	1	1	1	1	1	1
N11	N11.HOG0010879	0	1	1	1	1	1	1	1	1	1	1	1	1	1	1
N11	N11.HOG0010880	1	0	1	1	0	1	1	1	1	1	1	1	1	2	1
N11	N11.HOG0010881	1	1	0	0	1	1	1	1	1	0	1	1	1	1	1
N11	N11.HOG0010882	0	1	1	1	1	1	1	1	1	1	1	1	1	1	0
N11	N11.HOG0010883	1	1	1	1	1	1	1	1	1	1	1	1	1	1	1
N11	N11.HOG0010884	1	0	1	1	1	1	0	1	1	1	1	1	1	0	0
N11	N11.HOG0010885	1	1	1	1	1	1	1	1	1	1	1	1	1	1	1
N11	N11.HOG0010886	1	1	1	1	0	1	1	1	1	1	1	1	1	1	1
N11	N11.HOG0010887	0	1	1	1	1	1	1	1	1	1	1	1	1	1	1
N11	N11.HOG0010888	1	1	1	1	1	1	1	1	1	1	1	1	1	1	0
N11	N11.HOG0010889	1	1	1	1	1	1	1	1	1	1	1	1	1	1	1
N11	N11.HOG0010890	0	1	1	1	1	1	1	1	1	1	1	1	1	1	0
N11	N11.HOG0010891	0	1	0	0	1	0	2	1	1	1	1	1	1	1	0
N11	N11.HOG0010892	2	1	1	1	1	0	1	1	1	1	1	2	1	1	0
N11	N11.HOG0010893	1	0	1	1	1	1	1	1	1	1	1	1	1	1	1
N11	N11.HOG0010894	1	1	1	1	0	1	1	1	0	1	1	1	1	1	1
N11	N11.HOG0010895	1	1	1	1	1	1	1	1	1	1	1	1	1	1	1
N11	N11.HOG0010896	1	1	1	1	1	1	1	1	1	1	1	1	1	1	1
N11	N11.HOG0010897	1	2	1	0	1	1	1	1	1	1	1	1	1	1	1
N11	N11.HOG0010898	1	2	1	1	1	1	1	1	1	1	1	1	1	1	1
N11	N11.HOG0010899	0	1	1	1	1	1	1	1	1	1	1	1	1	1	0
N11	N11.HOG0010900	0	1	0	1	3	1	1	1	1	1	1	1	1	1	0
N11	N11.HOG0010901	0	0	1	1	0	1	0	1	1	1	1	1	1	1	1
N11	N11.HOG0010902	0	1	1	1	1	1	1	1	1	1	1	1	1	1	1
N11	N11.HOG0010903	1	1	1	1	1	1	1	1	1	1	1	1	1	1	1
N11	N11.HOG0010904	0	1	1	1	1	1	1	1	1	1	1	1	1	1	1
N11	N11.HOG0010905	1	1	0	1	1	1	1	1	1	1	1	1	1	1	1
N11	N11.HOG0010906	1	1	1	1	0	1	1	1	1	1	1	1	1	1	1
N11	N11.HOG0010907	1	2	1	1	1	1	1	1	1	1	1	1	1	1	1
N11	N11.HOG0010908	1	0	1	1	1	1	1	1	1	1	1	1	1	1	1
N11	N11.HOG0010909	1	1	1	1	1	1	1	1	1	1	1	1	1	1	1
N11	N11.HOG0010910	1	1	1	1	1	1	1	1	1	1	1	1	1	1	2
N11	N11.HOG0010911	1	1	1	1	1	1	1	1	1	1	1	1	1	1	1
N11	N11.HOG0010912	1	0	1	1	1	0	1	1	1	1	1	1	1	1	1
N11	N11.HOG0010913	1	1	1	1	1	1	1	1	1	1	1	1	1	1	1
N11	N11.HOG0010914	1	1	1	1	1	1	1	1	1	1	1	1	1	1	1
N11	N11.HOG0010915	0	1	0	1	1	1	1	1	1	1	1	1	1	1	0
N11	N11.HOG0010916	0	1	1	1	1	1	0	1	1	1	1	1	0	0	0
N11	N11.HOG0010917	2	0	1	1	2	1	1	0	0	1	0	1	0	0	1
N11	N11.HOG0010918	0	1	1	1	1	1	1	1	1	1	1	1	0	0	1
N11	N11.HOG0010919	0	1	1	1	1	1	1	1	1	1	1	1	0	1	1
N11	N11.HOG0010920	0	1	1	1	1	1	1	1	1	1	1	1	0	1	1
N11	N11.HOG0010921	1	2	1	1	1	0	1	1	1	1	0	1	1	1	1
N11	N11.HOG0010922	1	1	1	1	1	1	0	1	1	1	1	1	0	0	1
N11	N11.HOG0010923	1	1	1	1	1	1	1	1	0	1	1	0	1	1	1
N11	N11.HOG0010924	1	1	1	1	1	1	1	1	1	1	1	1	1	1	1
N11	N11.HOG0010925	1	1	1	1	1	1	1	1	1	1	1	1	1	1	1
N11	N11.HOG0010926	1	2	1	1	2	1	1	1	1	1	1	1	1	1	1
N11	N11.HOG0010927	1	4	1	1	1	1	1	1	1	1	1	1	1	1	1
N11	N11.HOG0010928	1	1	1	1	1	1	1	1	1	1	1	1	1	1	0
N11	N11.HOG0010929	1	1	1	1	1	1	1	1	1	1	1	1	1	1	1
N11	N11.HOG0010930	1	1	1	1	1	1	0	1	0	0	1	0	1	1	1
N11	N11.HOG0010931	1	1	1	1	1	1	1	1	1	1	1	1	1	1	1
N11	N11.HOG0010932	1	1	1	1	1	1	1	1	1	1	1	1	1	1	1
N11	N11.HOG0010933	1	1	1	1	1	1	1	1	1	1	1	1	1	1	1
N11	N11.HOG0010934	1	0	1	1	1	1	0	1	1	1	1	1	0	1	1
N11	N11.HOG0010935	1	1	1	1	1	1	0	1	1	1	1	0	1	0	1
N11	N11.HOG0010936	1	1	1	1	1	1	1	1	1	1	1	1	1	0	1
N11	N11.HOG0010937	1	1	1	1	1	1	1	1	1	1	0	0	1	1	1
N11	N11.HOG0010938	1	2	1	1	1	1	1	1	1	1	1	1	1	1	1
N11	N11.HOG0010939	1	1	1	1	1	1	1	1	1	1	1	1	1	1	1
N11	N11.HOG0010940	1	0	0	0	0	0	1	1	1	1	1	1	1	1	1
N11	N11.HOG0010941	1	2	1	1	1	0	1	1	1	1	1	1	1	1	1
N11	N11.HOG0010942	1	1	1	1	1	1	1	1	1	1	1	1	1	1	1
N11	N11.HOG0010943	1	2	1	1	1	1	1	1	1	1	1	1	1	0	0
N11	N11.HOG0010944	1	1	1	1	1	1	0	1	1	1	1	1	0	0	1
N11	N11.HOG0010945	1	0	1	1	1	1	1	1	1	1	1	1	1	1	1
N11	N11.HOG0010946	1	2	1	1	1	1	1	1	1	1	0	1	1	1	1
N11	N11.HOG0010947	1	1	1	1	1	1	1	1	1	1	1	1	1	1	1
N11	N11.HOG0010948	1	1	1	1	1	1	1	1	1	1	1	1	1	1	1
N11	N11.HOG0010949	1	1	1	1	1	1	1	1	1	1	1	1	1	1	1
N11	N11.HOG0010950	1	0	1	1	1	1	1	1	1	1	1	1	0	0	0
N11	N11.HOG0010951	1	1	0	1	1	1	1	1	1	1	1	1	0	1	1
N11	N11.HOG0010952	0	1	1	1	1	1	1	1	1	1	1	1	1	1	1
N11	N11.HOG0010953	1	1	1	1	1	1	1	1	1	1	1	1	1	1	0
N11	N11.HOG0010954	1	1	1	0	1	0	1	1	1	1	1	1	1	1	2
N11	N11.HOG0010955	1	1	1	0	1	1	1	1	1	1	1	1	1	1	0
N11	N11.HOG0010956	1	1	1	1	1	1	1	1	1	1	1	1	1	1	1
N11	N11.HOG0010957	1	1	1	1	1	1	1	1	1	1	1	1	1	1	1
N11	N11.HOG0010958	1	1	1	1	0	1	1	1	1	1	1	2	1	1	0
N11	N11.HOG0010959	1	1	1	1	1	1	1	1	0	0	0	0	1	1	1
N11	N11.HOG0010960	0	1	1	1	1	1	1	1	1	1	1	1	1	1	1
N11	N11.HOG0010961	1	1	1	1	1	1	1	1	1	1	1	1	1	1	1
N11	N11.HOG0010962	0	1	1	1	1	1	1	1	1	1	1	1	1	1	1
N11	N11.HOG0010963	1	1	1	1	1	1	1	1	1	1	1	1	1	1	1
N11	N11.HOG0010964	1	1	1	1	1	1	1	1	0	1	1	1	1	1	1
N11	N11.HOG0010965	1	1	1	1	0	1	1	1	1	1	1	1	1	1	1
N11	N11.HOG0010966	1	1	1	1	1	1	1	1	1	1	1	1	1	1	1
N11	N11.HOG0010967	1	0	1	1	1	1	0	1	1	1	1	1	1	1	0
N11	N11.HOG0010968	1	2	1	1	1	1	1	1	1	1	1	1	1	1	1
N11	N11.HOG0010969	1	1	1	1	1	1	1	1	1	1	1	1	1	1	1
N11	N11.HOG0010970	1	1	1	1	1	1	1	1	1	1	1	1	1	1	1
N11	N11.HOG0010971	1	1	1	1	1	1	0	1	1	1	1	1	1	1	1
N11	N11.HOG0010972	1	1	1	1	1	1	1	1	1	1	1	1	1	1	1
N11	N11.HOG0010973	0	1	1	1	1	1	0	1	1	1	1	1	1	1	1
N11	N11.HOG0010974	1	1	0	0	0	0	1	1	1	1	1	1	1	1	1
N11	N11.HOG0010975	1	2	1	1	1	1	1	1	1	1	1	1	1	1	1
N11	N11.HOG0010976	1	1	1	1	1	1	0	1	1	1	1	1	0	0	0
N11	N11.HOG0010977	1	1	1	1	1	1	1	1	1	1	1	1	1	1	1
N11	N11.HOG0010978	1	1	1	1	1	1	1	1	1	1	1	1	1	1	1
N11	N11.HOG0010979	1	1	1	1	1	1	1	1	1	1	1	1	1	1	0
N11	N11.HOG0010980	1	1	1	1	1	1	1	1	0	1	1	0	1	1	1
N11	N11.HOG0010981	0	1	1	1	1	1	1	1	1	1	1	1	1	1	1
N11	N11.HOG0010982	1	1	1	1	1	1	1	1	1	1	1	1	1	1	1
N11	N11.HOG0010983	1	1	1	1	1	1	1	1	1	1	1	1	1	1	1
N11	N11.HOG0010984	1	1	1	1	1	1	1	1	1	1	1	1	1	1	0
N11	N11.HOG0010985	1	1	0	1	1	1	1	1	1	1	1	1	1	1	1
N11	N11.HOG0010986	1	0	1	1	0	1	1	0	1	1	1	1	1	1	1
N11	N11.HOG0010987	1	1	1	1	1	1	1	1	1	1	1	1	1	1	1
N11	N11.HOG0010988	1	1	1	1	1	1	1	1	1	1	1	1	1	1	1
N11	N11.HOG0010989	1	2	1	1	1	1	1	1	1	1	1	1	1	0	1
N11	N11.HOG0010990	1	0	1	1	1	1	1	1	1	1	1	1	1	1	1
N11	N11.HOG0010991	1	1	1	1	1	1	1	1	1	1	1	1	1	0	0
N11	N11.HOG0010992	1	1	1	1	1	1	1	1	1	1	1	1	1	1	1
N11	N11.HOG0010993	2	0	0	0	0	0	1	1	1	1	1	1	1	2	1
N11	N11.HOG0010994	1	1	1	0	1	1	1	1	1	1	1	1	1	1	1
N11	N11.HOG0010995	1	2	1	1	0	1	1	1	1	1	1	1	1	1	1
N11	N11.HOG0010996	1	1	1	1	1	1	1	1	1	1	1	1	1	1	1
N11	N11.HOG0010997	1	1	1	1	1	1	1	1	1	1	1	1	1	1	1
N11	N11.HOG0010998	1	1	1	1	1	1	1	1	1	1	1	1	1	1	1
N11	N11.HOG0010999	1	1	1	1	1	1	1	1	1	1	1	1	1	2	1
N11	N11.HOG0011000	1	1	1	1	1	1	1	1	1	1	1	1	1	1	1
N11	N11.HOG0011001	1	1	1	1	1	1	1	1	1	1	1	1	1	1	0
N11	N11.HOG0011002	1	0	1	1	1	1	1	1	1	1	1	1	1	1	1
N11	N11.HOG0011003	1	1	1	1	1	1	1	1	1	1	1	1	1	1	1
N11	N11.HOG0011004	1	1	1	1	1	1	1	1	1	1	1	1	1	1	1
N11	N11.HOG0011005	0	1	1	1	1	1	0	1	1	1	1	1	0	0	1
N11	N11.HOG0011006	0	1	1	1	1	1	0	1	1	1	1	1	1	1	1
N11	N11.HOG0011007	1	0	1	1	1	1	1	1	1	1	1	1	1	1	0
N11	N11.HOG0011008	0	1	0	0	0	0	0	0	0	0	0	0	0	0	0
N11	N11.HOG0011009	1	0	1	1	1	1	1	0	1	1	1	1	1	1	0
N11	N11.HOG0011010	1	1	1	1	1	1	1	1	1	1	1	1	1	1	1
N11	N11.HOG0011011	1	1	1	1	1	1	1	1	1	1	1	1	1	1	1
N11	N11.HOG0011012	0	1	1	1	1	1	1	1	1	1	1	1	1	1	0
N11	N11.HOG0011013	1	1	1	1	1	1	1	1	1	1	1	1	1	1	1
N11	N11.HOG0011014	1	1	1	1	1	1	1	1	1	1	1	1	1	1	1
N11	N11.HOG0011015	1	1	1	1	1	1	1	1	1	1	1	1	1	1	1
N11	N11.HOG0011016	1	1	1	1	1	1	1	1	1	1	1	0	1	1	1
N11	N11.HOG0011017	0	1	1	1	1	1	1	1	1	1	1	1	0	0	1
N11	N11.HOG0011018	1	1	1	1	1	1	1	0	0	1	0	0	1	1	1
N11	N11.HOG0011019	1	1	1	1	1	1	0	1	1	1	1	1	0	0	0
N11	N11.HOG0011020	1	0	1	1	0	1	1	1	1	1	1	1	1	1	0
N11	N11.HOG0011021	1	1	1	1	1	1	0	1	1	1	1	1	1	1	0
N11	N11.HOG0011022	0	1	1	1	1	1	1	1	1	1	1	1	0	1	0
N11	N11.HOG0011023	1	1	1	1	1	1	1	1	1	1	1	1	1	1	0
N11	N11.HOG0011024	0	1	1	1	1	1	1	1	1	1	1	1	1	1	1
N11	N11.HOG0011025	1	1	1	1	1	1	1	1	1	1	1	1	1	1	1
N11	N11.HOG0011026	1	1	1	1	1	1	1	1	1	1	1	1	1	1	1
N11	N11.HOG0011027	1	1	1	1	1	1	1	1	1	1	1	1	1	2	1
N11	N11.HOG0011028	1	0	1	1	1	1	1	1	1	1	1	1	1	1	1
N11	N11.HOG0011029	1	1	1	1	1	1	1	1	1	1	1	1	1	1	1
N11	N11.HOG0011030	1	1	1	1	0	1	1	1	1	1	1	1	0	0	0
N11	N11.HOG0011031	1	1	1	1	1	1	1	1	1	1	1	1	1	1	1
N11	N11.HOG0011032	0	1	1	1	1	1	1	1	1	1	1	1	0	1	1
N11	N11.HOG0011033	1	1	1	1	1	1	1	1	1	1	1	1	1	1	1
N11	N11.HOG0011034	1	1	1	1	1	1	1	1	1	1	1	1	1	1	1
N11	N11.HOG0011035	0	0	1	1	0	1	1	1	1	1	1	1	1	1	1
N11	N11.HOG0011036	1	1	1	1	1	1	0	1	1	1	1	1	0	0	1
N11	N11.HOG0011037	1	0	1	1	1	1	1	1	1	1	1	1	1	1	1
N11	N11.HOG0011038	1	1	1	0	1	1	1	1	1	1	1	1	1	1	1
N11	N11.HOG0011039	1	1	1	1	1	1	1	1	1	1	1	1	1	1	1
N11	N11.HOG0011040	0	0	1	1	0	1	1	1	1	1	1	1	1	1	1
N11	N11.HOG0011041	1	1	1	1	1	1	1	1	1	1	0	1	1	1	1
N11	N11.HOG0011042	1	2	0	0	1	1	1	0	0	0	0	1	1	1	1
N11	N11.HOG0011043	0	1	1	1	1	1	0	1	1	1	1	1	1	1	0
N11	N11.HOG0011044	0	1	1	1	1	1	1	1	1	1	1	1	1	1	1
N11	N11.HOG0011045	1	1	0	1	1	1	1	1	0	0	1	1	1	1	1
N11	N11.HOG0011046	1	1	1	1	1	1	1	1	1	1	1	1	1	1	1
N11	N11.HOG0011047	1	1	1	1	0	1	1	1	1	1	1	1	1	1	1
N11	N11.HOG0011048	1	1	1	0	1	1	1	1	1	1	1	1	1	1	1
N11	N11.HOG0011049	1	1	1	1	1	1	1	1	1	1	1	1	1	1	1
N11	N11.HOG0011050	0	1	1	1	1	1	1	1	1	1	1	1	1	0	1
N11	N11.HOG0011051	1	1	1	1	1	1	1	1	1	0	0	0	1	1	1
N11	N11.HOG0011052	1	0	1	1	1	1	1	1	1	1	1	1	1	0	1
N11	N11.HOG0011053	1	1	1	1	0	1	1	1	1	1	1	1	1	1	1
N11	N11.HOG0011054	1	1	0	0	1	1	0	1	1	1	1	1	0	0	0
N11	N11.HOG0011055	1	0	0	0	0	0	1	0	1	0	0	0	0	0	0
N11	N11.HOG0011056	1	1	1	1	1	1	1	1	1	0	1	1	1	1	1
N11	N11.HOG0011057	1	1	1	1	1	1	1	1	1	1	1	1	1	1	1
N11	N11.HOG0011058	0	1	1	1	1	1	1	1	1	1	1	1	1	1	1
N11	N11.HOG0011059	1	1	1	1	1	1	1	1	1	1	1	1	1	1	1
N11	N11.HOG0011060	1	1	1	1	1	1	1	1	1	1	1	1	1	1	1
N11	N11.HOG0011061	1	1	0	0	1	1	1	1	0	0	0	1	1	1	1
N11	N11.HOG0011062	1	0	1	0	1	0	1	1	0	1	1	1	1	0	0
N11	N11.HOG0011063	1	0	0	0	0	0	1	1	1	0	0	0	0	0	0
N11	N11.HOG0011064	1	1	1	1	1	1	1	1	1	1	1	1	1	1	1
N11	N11.HOG0011065	1	1	1	1	1	1	1	1	1	1	1	1	1	1	1
N11	N11.HOG0011067	1	0	0	0	0	0	0	0	0	0	0	0	0	0	0
N11	N11.HOG0011068	0	9	0	0	0	0	0	0	0	0	0	0	0	0	0
N11	N11.HOG0011069	1	0	0	0	1	0	0	0	0	0	0	0	0	0	0
N11	N11.HOG0011070	1	1	1	1	1	1	1	1	1	1	1	1	1	1	1
N11	N11.HOG0011071	1	1	1	1	1	1	1	1	1	1	0	0	1	1	1
N11	N11.HOG0011072	1	1	1	1	1	0	1	1	1	1	1	1	1	1	0
N11	N11.HOG0011073	1	1	1	1	0	1	2	1	1	1	1	1	1	1	1
N11	N11.HOG0011074	0	1	1	1	1	1	0	1	1	1	1	1	1	0	1
N11	N11.HOG0011075	1	0	1	1	1	1	1	1	1	1	1	1	1	1	1
N11	N11.HOG0011076	1	1	1	1	1	1	1	1	1	1	1	0	1	1	1
N11	N11.HOG0011077	1	1	1	1	1	1	1	1	1	1	1	1	1	1	1
N11	N11.HOG0011078	1	1	2	0	1	1	1	1	1	1	1	1	1	1	1
N11	N11.HOG0011079	1	1	1	1	1	1	1	1	1	1	1	1	0	0	1
N11	N11.HOG0011080	0	1	1	1	1	1	0	0	0	0	0	0	0	0	0
N11	N11.HOG0011081	0	0	0	0	0	0	1	1	1	1	1	1	1	0	2
N11	N11.HOG0011082	1	1	1	1	1	1	1	1	0	1	1	1	1	1	1
N11	N11.HOG0011083	0	2	1	1	1	2	1	1	1	1	1	1	1	1	0
N11	N11.HOG0011084	1	1	1	1	1	1	1	1	1	1	1	1	1	1	1
N11	N11.HOG0011085	1	1	1	1	1	1	1	1	1	1	1	1	1	1	0
N11	N11.HOG0011086	1	0	0	0	0	0	0	0	0	0	0	0	0	0	0
N11	N11.HOG0011087	1	1	1	1	1	1	1	1	1	1	1	1	1	1	1
N11	N11.HOG0011088	0	1	1	1	1	1	1	1	1	1	1	1	1	1	0
N11	N11.HOG0011089	1	1	1	1	1	1	1	1	1	1	1	1	1	1	1
N11	N11.HOG0011090	0	0	0	0	0	1	0	0	1	0	0	0	0	0	0
N11	N11.HOG0011091	1	0	1	1	0	1	1	1	1	1	1	1	1	1	1
N11	N11.HOG0011092	1	0	1	1	1	1	1	1	1	1	1	1	1	2	0
N11	N11.HOG0011093	1	0	1	0	0	1	1	1	1	1	1	1	1	1	1
N11	N11.HOG0011094	1	0	1	1	1	1	1	1	1	1	1	1	1	1	1
N11	N11.HOG0011095	1	1	1	1	1	1	0	1	1	1	1	1	1	1	1
N11	N11.HOG0011096	0	1	1	1	1	1	0	1	1	1	1	1	1	0	0
N11	N11.HOG0011097	0	0	1	1	1	1	1	1	1	1	1	1	1	0	0
N11	N11.HOG0011098	1	1	1	1	1	1	1	1	1	1	0	1	1	1	1
N11	N11.HOG0011099	1	1	1	1	1	1	1	1	1	1	1	1	0	0	1
N11	N11.HOG0011100	1	1	0	0	1	0	1	1	1	1	1	1	1	1	1
N11	N11.HOG0011101	0	1	1	1	1	1	1	0	1	1	1	1	1	1	0
N11	N11.HOG0011102	0	0	0	1	1	1	1	1	1	1	1	1	1	1	1
N11	N11.HOG0011103	1	1	1	1	1	1	1	1	1	1	1	1	1	1	1
N11	N11.HOG0011104	0	0	0	1	1	1	1	1	1	1	1	1	1	1	1
N11	N11.HOG0011105	2	1	1	1	1	1	1	1	1	1	1	1	1	1	1
N11	N11.HOG0011106	0	1	1	1	1	1	1	1	1	1	0	1	1	1	1
N11	N11.HOG0011107	0	0	0	0	1	0	0	0	0	0	0	0	0	0	0
N11	N11.HOG0011108	0	1	1	1	0	1	1	1	1	1	1	1	0	0	0
N11	N11.HOG0011109	0	0	0	0	0	0	0	0	0	0	0	0	1	1	0
N11	N11.HOG0011110	0	1	1	1	1	1	1	1	1	1	1	1	1	1	1
N11	N11.HOG0011111	1	1	1	1	1	1	1	1	1	1	1	1	1	1	1
N11	N11.HOG0011112	1	0	1	1	0	1	1	1	1	1	1	1	1	1	0
N11	N11.HOG0011113	1	0	1	1	1	1	1	1	1	1	1	2	1	1	0
N11	N11.HOG0011114	1	1	1	1	1	1	1	1	1	1	1	1	1	1	0
N11	N11.HOG0011115	1	0	1	1	1	1	1	1	1	1	0	1	1	1	1
N11	N11.HOG0011116	1	1	1	1	1	1	1	1	1	1	1	1	1	1	1
N11	N11.HOG0011117	1	1	1	1	1	1	1	1	1	1	1	1	1	1	1
N11	N11.HOG0011118	1	1	1	1	1	1	1	1	1	1	1	1	1	1	0
N11	N11.HOG0011119	1	1	1	1	1	1	1	1	1	1	1	1	1	0	0
N11	N11.HOG0011120	1	1	1	0	1	1	1	1	1	1	1	1	1	1	1
N11	N11.HOG0011121	1	1	1	1	1	1	1	1	1	1	1	1	1	1	1
N11	N11.HOG0011122	1	1	1	1	1	1	1	1	1	1	1	1	1	1	1
N11	N11.HOG0011123	1	1	0	1	1	1	1	1	1	0	1	1	1	1	1
N11	N11.HOG0011124	1	1	1	1	1	1	1	1	1	1	1	1	1	1	1
N11	N11.HOG0011125	0	0	1	1	1	1	1	1	1	1	1	1	1	1	0
N11	N11.HOG0011126	0	1	1	1	1	1	2	1	1	1	1	2	1	1	0
N11	N11.HOG0011127	0	1	1	1	1	1	1	1	0	1	1	1	1	1	1
N11	N11.HOG0011128	1	1	1	1	1	1	1	1	1	1	1	1	1	1	1
N11	N11.HOG0011129	1	1	0	1	1	1	1	0	0	1	0	0	1	1	1
N11	N11.HOG0011130	0	1	1	1	0	0	1	1	2	1	0	1	0	0	1
N11	N11.HOG0011131	1	0	1	1	1	1	1	1	1	1	1	1	1	3	1
N11	N11.HOG0011132	1	1	1	1	1	1	1	1	1	1	1	1	1	1	1
N11	N11.HOG0011133	0	2	1	1	1	1	0	1	1	1	1	1	0	1	0
N11	N11.HOG0011134	1	2	0	1	1	0	1	1	1	1	0	1	1	1	1
N11	N11.HOG0011135	1	2	1	1	1	1	1	1	1	1	1	1	1	1	1
N11	N11.HOG0011136	0	1	1	1	1	1	0	1	1	1	1	1	0	0	1
N11	N11.HOG0011137	1	0	1	1	0	1	1	1	1	1	1	1	0	1	1
N11	N11.HOG0011138	0	1	0	1	1	0	1	1	1	1	0	1	0	1	1
N11	N11.HOG0011139	1	3	1	1	2	1	0	1	1	1	1	1	1	1	1
N11	N11.HOG0011140	1	1	0	0	1	0	1	1	1	1	1	1	1	1	1
N11	N11.HOG0011141	1	1	1	1	1	1	1	1	1	1	1	1	1	1	1
N11	N11.HOG0011142	1	1	1	1	1	1	1	1	1	1	1	1	1	1	1
N11	N11.HOG0011143	1	1	1	1	1	1	1	1	1	1	1	1	1	1	0
N11	N11.HOG0011144	0	1	0	1	1	0	2	1	1	1	1	1	1	1	1
N11	N11.HOG0011145	0	1	1	1	1	1	1	1	1	1	1	1	2	2	0
N11	N11.HOG0011146	0	1	1	1	1	1	1	1	1	1	1	1	1	1	1
N11	N11.HOG0011147	0	1	1	1	1	1	1	1	1	1	1	1	1	0	1
N11	N11.HOG0011148	0	1	1	1	1	1	1	1	1	1	1	1	1	0	0
N11	N11.HOG0011149	1	1	1	1	1	1	1	1	1	1	1	1	1	1	1
N11	N11.HOG0011150	1	1	1	1	1	1	1	1	1	1	1	1	1	1	1
N11	N11.HOG0011151	1	1	1	1	0	1	1	1	1	1	1	1	1	1	0
N11	N11.HOG0011152	1	1	1	1	1	1	1	1	1	1	1	1	0	1	1
N11	N11.HOG0011153	1	1	1	1	1	1	1	1	1	1	1	1	1	1	1
N11	N11.HOG0011154	0	1	1	0	1	1	1	1	1	1	1	1	1	1	0
N11	N11.HOG0011155	0	1	1	1	1	1	0	1	1	1	1	1	1	2	1
N11	N11.HOG0011156	1	0	1	1	1	1	1	1	1	1	1	1	1	1	1
N11	N11.HOG0011157	1	1	1	1	1	1	1	1	1	1	1	1	0	1	1
N11	N11.HOG0011158	1	1	1	1	1	1	1	1	1	1	1	1	1	0	1
N11	N11.HOG0011159	0	1	1	1	0	1	1	1	1	1	1	1	1	1	1
N11	N11.HOG0011160	0	1	1	1	0	1	1	1	1	1	1	1	1	1	1
N11	N11.HOG0011161	0	1	1	0	1	1	0	0	0	0	0	0	0	0	0
N11	N11.HOG0011162	1	1	1	1	1	1	1	1	1	1	1	1	0	1	1
N11	N11.HOG0011163	0	1	1	1	1	1	1	1	1	1	1	1	1	1	0
N11	N11.HOG0011164	0	1	1	1	1	1	0	1	1	1	1	1	0	1	1
N11	N11.HOG0011165	1	1	1	1	1	1	1	1	1	1	1	1	1	1	0
N11	N11.HOG0011166	0	1	1	1	1	1	0	1	1	1	1	1	1	0	1
N11	N11.HOG0011167	0	1	1	1	2	0	1	1	1	1	1	1	1	1	0
N11	N11.HOG0011168	1	2	1	1	1	1	1	1	1	1	1	1	1	0	0
N11	N11.HOG0011169	1	1	1	1	1	1	1	1	1	1	1	1	1	1	0
N11	N11.HOG0011170	1	1	1	0	1	1	1	1	0	1	0	0	1	1	1
N11	N11.HOG0011171	1	1	1	1	1	1	1	1	1	1	1	1	1	1	1
N11	N11.HOG0011172	0	1	1	1	1	1	1	1	1	1	1	1	1	1	1
N11	N11.HOG0011173	1	0	1	1	1	1	0	1	1	1	1	1	1	1	1
N11	N11.HOG0011174	0	1	1	1	1	1	1	1	1	1	1	1	1	1	1
N11	N11.HOG0011175	0	1	1	1	1	1	1	1	1	1	1	1	1	1	0
N11	N11.HOG0011176	0	0	0	0	0	0	1	0	0	0	0	0	0	0	1
N11	N11.HOG0011177	1	2	1	1	1	1	1	1	1	1	1	1	2	1	1
N11	N11.HOG0011178	1	0	1	1	1	1	1	1	1	1	0	1	1	1	0
N11	N11.HOG0011179	1	0	1	1	1	1	1	1	1	0	1	1	1	1	1
N11	N11.HOG0011180	1	0	1	1	0	0	1	1	1	1	0	1	1	1	1
N11	N11.HOG0011181	1	1	1	1	1	1	1	1	1	1	1	1	1	0	0
N11	N11.HOG0011182	0	2	1	1	1	1	1	1	1	1	1	1	0	0	0
N11	N11.HOG0011183	1	0	0	1	1	0	1	1	1	1	0	1	1	1	1
N11	N11.HOG0011184	0	2	1	1	1	1	0	1	1	1	1	1	0	0	1
N11	N11.HOG0011185	0	1	1	1	1	1	0	1	1	1	1	1	0	0	1
N11	N11.HOG0011186	1	1	1	1	1	1	1	1	1	1	1	1	1	0	1
N11	N11.HOG0011187	1	1	1	1	1	1	1	1	1	1	1	1	1	1	1
N11	N11.HOG0011188	0	1	0	0	1	0	1	2	2	1	1	1	0	0	0
N11	N11.HOG0011189	1	1	1	1	1	1	1	1	1	1	1	1	1	1	1
N11	N11.HOG0011190	1	1	1	1	1	1	1	1	1	1	1	1	1	1	0
N11	N11.HOG0011191	1	1	0	1	1	1	1	1	1	1	1	1	1	1	1
N11	N11.HOG0011192	1	1	1	1	1	1	1	1	1	1	1	1	1	1	1
N11	N11.HOG0011193	1	1	1	1	1	1	1	1	1	1	1	1	1	1	0
N11	N11.HOG0011194	1	1	1	1	1	1	1	1	0	1	1	1	1	1	1
N11	N11.HOG0011195	1	1	0	1	0	1	1	1	1	1	1	1	1	1	1
N11	N11.HOG0011196	1	2	1	1	1	1	1	1	1	1	1	1	1	1	0
N11	N11.HOG0011197	0	1	1	1	2	1	1	1	1	1	1	1	1	1	0
N11	N11.HOG0011198	1	0	1	1	1	1	2	1	1	1	1	1	0	1	1
N11	N11.HOG0011199	1	1	1	1	1	1	0	1	1	1	1	1	0	1	0
N11	N11.HOG0011200	0	0	1	0	0	0	0	0	0	0	0	0	0	0	0
N11	N11.HOG0011201	0	0	0	0	1	0	0	0	0	0	0	0	0	0	0
N11	N11.HOG0011202	0	0	0	0	4	0	1	0	0	0	0	0	0	0	0
N11	N11.HOG0011203	0	0	0	0	1	0	0	0	0	0	0	0	0	0	0
N11	N11.HOG0011204	0	0	0	0	2	0	0	0	0	0	0	0	0	0	0
N11	N11.HOG0011205	0	1	1	1	1	1	1	1	1	1	1	1	1	1	2
N11	N11.HOG0011206	1	1	1	1	1	1	1	1	1	1	1	1	1	1	1
N11	N11.HOG0011207	1	1	1	0	1	1	1	0	0	1	1	1	1	1	0
N11	N11.HOG0011208	1	1	1	0	1	1	1	1	1	1	0	1	1	1	1
N11	N11.HOG0011209	0	1	1	1	1	0	1	1	1	1	1	1	1	1	1
N11	N11.HOG0011210	2	1	1	1	1	1	0	1	1	1	1	1	0	1	1
N11	N11.HOG0011211	1	1	1	1	1	1	0	1	1	1	1	1	1	1	0
N11	N11.HOG0011212	1	1	1	1	1	1	0	1	1	1	1	1	1	1	1
N11	N11.HOG0011213	1	1	1	2	1	1	1	1	1	1	1	1	1	1	1
N11	N11.HOG0011214	0	1	1	1	1	1	1	1	1	1	1	1	0	0	0
N11	N11.HOG0011215	1	1	1	1	1	1	1	1	1	0	0	0	0	0	0
N11	N11.HOG0011216	1	1	1	1	1	1	1	1	1	1	0	1	1	1	1
N11	N11.HOG0011217	1	1	1	1	1	1	1	1	1	1	1	1	1	1	1
N11	N11.HOG0011218	0	1	0	0	1	0	0	0	0	1	1	1	0	0	0
N11	N11.HOG0011219	1	1	1	1	1	1	1	1	1	1	1	1	1	1	1
N11	N11.HOG0011220	0	1	1	1	1	1	1	1	1	1	1	1	0	0	1
N11	N11.HOG0011221	0	1	1	1	0	1	1	1	1	1	1	1	0	0	0
N11	N11.HOG0011222	1	0	1	1	1	1	1	1	1	1	1	0	1	1	1
N11	N11.HOG0011223	1	0	1	1	1	1	1	0	0	1	1	1	1	1	1
N11	N11.HOG0011224	0	1	1	1	1	1	1	1	1	1	1	1	1	1	1
N11	N11.HOG0011225	0	1	1	1	1	1	1	1	1	1	1	1	1	1	1
N11	N11.HOG0011226	1	1	3	1	1	1	1	1	1	2	2	2	2	2	2
N11	N11.HOG0011227	0	1	1	1	0	1	1	1	1	1	1	1	1	1	1
N11	N11.HOG0011228	1	1	1	1	1	1	1	1	1	1	1	1	1	2	1
N11	N11.HOG0011229	1	2	1	1	1	1	1	1	1	1	1	1	1	0	1
N11	N11.HOG0011230	1	1	1	1	1	1	1	1	1	1	1	1	1	1	1
N11	N11.HOG0011231	1	1	1	1	1	1	1	0	0	1	1	1	0	1	1
N11	N11.HOG0011232	0	1	1	1	1	1	1	1	1	1	1	1	1	1	1
N11	N11.HOG0011233	1	1	1	1	1	1	1	1	1	0	0	1	1	1	0
N11	N11.HOG0011234	1	4	1	1	2	1	1	1	1	1	1	1	0	0	0
N11	N11.HOG0011235	1	1	1	1	1	1	1	1	1	1	0	1	0	1	1
N11	N11.HOG0011236	0	1	1	1	1	1	1	1	1	1	1	1	0	0	1
N11	N11.HOG0011237	1	1	1	1	1	1	1	1	1	1	1	1	1	1	1
N11	N11.HOG0011238	1	1	1	1	1	1	1	1	1	1	1	1	0	0	1
N11	N11.HOG0011239	1	1	1	1	1	1	1	1	1	1	1	1	1	1	1
N11	N11.HOG0011240	0	1	1	1	1	1	1	1	1	1	1	2	1	1	0
N11	N11.HOG0011241	1	1	1	1	1	1	1	1	1	1	1	0	1	1	1
N11	N11.HOG0011242	0	1	1	1	1	1	1	1	1	1	1	1	1	1	1
N11	N11.HOG0011243	1	1	1	1	1	1	1	1	1	1	1	1	1	1	1
N11	N11.HOG0011244	0	0	0	0	1	1	1	1	1	1	1	1	1	1	0
N11	N11.HOG0011245	1	0	1	1	1	1	1	1	1	1	1	1	1	1	1
N11	N11.HOG0011246	0	0	1	1	1	1	1	1	1	1	1	1	1	1	0
N11	N11.HOG0011247	1	1	1	1	1	1	1	1	1	1	1	1	1	1	0
N11	N11.HOG0011248	1	1	1	1	1	1	1	1	1	1	1	1	0	0	0
N11	N11.HOG0011249	0	1	1	1	0	1	1	1	1	1	1	1	1	1	0
N11	N11.HOG0011250	0	1	1	1	1	1	1	1	1	1	1	1	1	1	1
N11	N11.HOG0011251	0	1	1	1	1	1	1	1	1	1	1	1	0	0	0
N11	N11.HOG0011252	1	0	1	1	1	1	1	0	0	1	0	1	1	0	1
N11	N11.HOG0011253	0	1	0	0	1	1	1	1	1	1	1	1	1	1	0
N11	N11.HOG0011254	0	1	1	1	1	1	1	1	1	1	1	1	0	0	0
N11	N11.HOG0011255	1	1	1	1	1	1	1	1	1	1	1	1	0	0	0
N11	N11.HOG0011256	0	1	0	0	1	0	1	1	1	1	1	1	1	1	0
N11	N11.HOG0011257	1	0	1	1	1	1	1	1	1	1	1	1	0	1	1
N11	N11.HOG0011258	1	1	0	1	0	0	0	0	0	0	0	1	0	1	1
N11	N11.HOG0011259	1	1	0	0	1	0	1	1	1	1	1	1	1	1	1
N11	N11.HOG0011260	0	1	0	1	1	0	0	1	1	0	0	1	1	1	0
N11	N11.HOG0011261	1	1	1	1	1	1	1	1	1	1	1	1	1	1	1
N11	N11.HOG0011262	1	0	1	1	1	1	1	1	1	1	1	1	1	1	0
N11	N11.HOG0011263	1	1	1	1	1	1	1	1	1	1	1	1	0	0	0
N11	N11.HOG0011264	1	0	1	1	1	1	1	1	1	1	1	1	1	1	0
N11	N11.HOG0011265	1	1	1	1	1	1	1	1	1	1	1	1	1	1	1
N11	N11.HOG0011266	1	1	1	1	1	1	1	1	1	1	1	1	1	1	0
N11	N11.HOG0011267	1	0	0	0	0	0	1	1	1	1	1	1	1	1	1
N11	N11.HOG0011268	1	1	0	1	1	0	1	1	1	1	0	0	1	1	1
N11	N11.HOG0011269	0	1	2	1	1	1	1	1	1	1	1	1	1	1	1
N11	N11.HOG0011270	0	0	0	0	1	0	0	0	0	0	0	0	0	0	0
N11	N11.HOG0011271	0	1	0	0	0	0	0	0	0	0	0	0	0	0	0
N11	N11.HOG0011272	0	1	0	0	0	0	0	0	0	0	0	0	0	0	0
N11	N11.HOG0011273	0	1	0	0	0	0	0	0	0	0	0	0	0	0	0
N11	N11.HOG0011274	0	0	0	0	1	0	1	0	0	0	0	0	0	0	1
N11	N11.HOG0011275	0	1	1	1	1	0	1	1	1	1	1	1	0	0	1
N11	N11.HOG0011276	0	1	1	1	1	1	0	1	1	1	1	1	0	0	1
N11	N11.HOG0011277	0	1	1	1	1	1	1	1	1	1	1	1	1	1	0
N11	N11.HOG0011278	1	1	0	0	0	0	1	1	0	0	3	0	0	0	1
N11	N11.HOG0011279	0	0	0	0	0	0	1	0	0	0	0	0	0	0	0
N11	N11.HOG0011280	1	0	0	1	1	0	1	1	1	1	1	1	1	1	1
N11	N11.HOG0011281	0	0	1	1	1	1	1	1	1	1	1	1	1	1	0
N11	N11.HOG0011282	1	1	1	1	1	1	0	1	1	1	1	1	1	1	1
N11	N11.HOG0011283	0	1	0	0	1	1	1	1	1	1	1	1	1	1	1
N11	N11.HOG0011284	1	0	1	1	1	1	1	1	1	1	1	1	1	1	1
N11	N11.HOG0011285	0	1	1	1	1	1	1	1	1	1	1	1	0	0	1
N11	N11.HOG0011286	0	1	1	0	1	0	1	1	1	1	1	0	1	1	1
N11	N11.HOG0011287	0	1	1	1	1	1	1	1	1	0	1	1	1	1	1
N11	N11.HOG0011288	1	0	1	1	1	1	1	1	1	1	1	1	0	1	1
N11	N11.HOG0011289	0	1	1	1	1	1	0	1	0	1	1	1	0	1	0
N11	N11.HOG0011290	1	1	1	1	1	1	1	1	1	1	1	1	1	1	0
N11	N11.HOG0011291	1	1	1	1	1	1	1	1	1	1	1	1	1	1	1
N11	N11.HOG0011292	1	1	1	1	1	1	1	1	1	1	1	1	1	1	0
N11	N11.HOG0011293	1	1	1	1	1	1	0	1	1	1	1	1	0	1	0
N11	N11.HOG0011294	0	1	1	1	1	1	1	1	1	1	1	1	1	1	0
N11	N11.HOG0011295	0	1	1	1	1	1	1	1	1	1	1	1	1	1	0
N11	N11.HOG0011296	0	1	1	1	0	1	1	1	1	1	1	1	1	0	0
N11	N11.HOG0011297	1	1	1	1	1	1	0	1	1	1	1	1	0	0	0
N11	N11.HOG0011298	1	0	0	0	0	0	1	0	0	0	1	0	1	1	2
N11	N11.HOG0011299	0	1	1	1	1	0	1	1	1	1	1	1	1	1	1
N11	N11.HOG0011300	0	1	1	1	1	1	1	1	1	1	1	1	1	1	1
N11	N11.HOG0011301	0	0	0	1	1	1	1	1	1	1	1	1	0	0	0
N11	N11.HOG0011302	1	1	1	1	1	1	1	1	1	1	1	1	1	1	1
N11	N11.HOG0011303	0	1	0	1	1	0	1	0	0	1	2	2	0	0	0
N11	N11.HOG0011304	1	1	1	1	3	1	1	1	1	0	0	0	1	1	1
N11	N11.HOG0011305	1	1	1	1	1	1	1	1	1	1	1	1	0	1	1
N11	N11.HOG0011306	0	2	1	1	1	1	1	1	1	2	1	1	3	2	0
N11	N11.HOG0011307	0	0	0	0	0	0	1	0	0	1	0	0	1	1	0
N11	N11.HOG0011308	1	0	1	1	1	1	0	1	1	0	0	0	0	0	0
N11	N11.HOG0011309	0	1	1	1	1	1	1	1	1	1	1	1	1	1	1
N11	N11.HOG0011310	1	1	1	1	1	0	1	1	1	1	1	1	1	1	0
N11	N11.HOG0011311	0	1	1	1	1	1	1	1	1	0	1	1	1	1	0
N11	N11.HOG0011312	1	1	1	1	0	1	1	1	1	1	1	0	1	1	0
N11	N11.HOG0011313	2	0	0	0	0	0	0	0	0	0	0	0	0	0	0
N11	N11.HOG0011314	0	1	1	1	1	1	1	1	1	1	1	1	1	1	0
N11	N11.HOG0011315	1	1	1	1	1	1	1	1	1	1	1	1	1	1	1
N11	N11.HOG0011316	0	1	1	0	1	1	1	1	1	1	1	1	1	1	0
N11	N11.HOG0011317	1	1	1	1	1	1	1	1	1	1	1	1	0	1	1
N11	N11.HOG0011318	1	0	0	0	1	0	1	1	1	0	1	0	1	0	0
N11	N11.HOG0011319	0	1	1	1	1	0	1	1	1	1	1	1	1	1	1
N11	N11.HOG0011320	1	1	1	1	1	1	1	1	1	1	1	1	1	1	1
N11	N11.HOG0011321	1	0	0	0	0	0	0	0	0	0	0	0	0	0	0
N11	N11.HOG0011322	1	1	1	1	1	1	1	1	1	1	1	1	0	0	0
N11	N11.HOG0011323	1	0	0	0	0	0	1	1	1	1	1	0	0	1	1
N11	N11.HOG0011324	0	2	1	1	1	1	1	1	1	1	1	1	0	0	0
N11	N11.HOG0011325	0	0	1	1	0	1	1	1	1	1	1	1	1	1	1
N11	N11.HOG0011326	0	1	1	0	1	1	1	1	1	1	1	1	0	0	0
N11	N11.HOG0011327	1	1	0	1	1	0	1	1	1	0	1	0	1	1	0
N11	N11.HOG0011328	1	0	1	1	1	1	1	1	1	1	1	1	1	1	0
N11	N11.HOG0011329	0	1	1	1	1	1	1	1	1	1	1	1	0	0	0
N11	N11.HOG0011330	1	1	1	1	1	1	0	1	1	1	1	1	0	0	1
N11	N11.HOG0011331	1	1	1	1	1	1	1	1	1	1	1	1	1	1	0
N11	N11.HOG0011332	0	2	1	1	1	2	1	1	1	1	1	1	0	0	0
N11	N11.HOG0011333	1	0	0	0	0	0	0	0	0	0	0	0	0	0	0
N11	N11.HOG0011334	0	1	0	1	1	1	1	1	1	2	1	2	2	3	0
N11	N11.HOG0011335	0	1	1	1	1	1	1	1	1	1	1	1	1	1	1
N11	N11.HOG0011336	1	1	1	1	1	1	0	1	1	1	1	1	1	1	1
N11	N11.HOG0011337	1	1	2	1	1	0	2	1	1	1	1	1	0	1	1
N11	N11.HOG0011338	1	0	1	1	0	1	1	1	1	1	1	1	1	0	1
N11	N11.HOG0011339	0	1	1	1	1	1	1	1	1	1	1	1	0	0	0
N11	N11.HOG0011340	0	0	0	0	1	0	2	2	2	2	2	2	1	1	0
N11	N11.HOG0011341	1	1	1	1	1	1	1	1	1	1	1	1	1	1	1
N11	N11.HOG0011342	1	1	1	1	0	1	0	1	1	1	1	0	0	1	1
N11	N11.HOG0011343	1	1	0	0	1	0	1	1	0	1	0	1	1	1	0
N11	N11.HOG0011344	1	1	1	1	1	1	1	1	0	1	1	0	1	1	1
N11	N11.HOG0011345	1	0	2	1	1	1	1	1	1	1	1	1	1	1	1
N11	N11.HOG0011346	1	1	1	1	1	1	1	1	1	1	1	1	1	1	1
N11	N11.HOG0011347	1	1	1	1	1	1	1	1	1	1	1	1	1	1	1
N11	N11.HOG0011348	1	1	1	1	1	1	1	1	1	1	1	1	1	1	1
N11	N11.HOG0011349	1	1	1	1	1	1	1	1	1	1	1	1	1	1	1
N11	N11.HOG0011350	0	1	1	1	1	1	1	1	1	1	1	1	1	0	0
N11	N11.HOG0011351	0	1	1	0	1	1	1	1	1	1	1	1	1	1	1
N11	N11.HOG0011353	0	0	0	8	3	0	0	0	0	0	0	0	0	0	0
N11	N11.HOG0011354	1	1	1	1	1	1	1	1	1	1	1	1	1	1	0
N11	N11.HOG0011355	1	0	1	1	1	1	0	1	1	1	1	1	0	0	0
N11	N11.HOG0011356	1	1	1	1	1	1	1	1	1	0	0	0	1	1	0
N11	N11.HOG0011357	0	2	0	1	1	1	1	1	1	1	1	1	0	0	0
N11	N11.HOG0011358	1	2	0	1	2	2	1	0	0	1	0	1	0	0	1
N11	N11.HOG0011359	0	0	0	0	0	0	0	0	0	0	0	0	1	0	1
N11	N11.HOG0011360	0	0	1	1	1	1	0	1	1	1	1	1	0	0	0
N11	N11.HOG0011361	1	1	1	1	1	1	0	1	1	1	1	1	0	1	0
N11	N11.HOG0011362	0	1	1	1	1	1	0	1	1	1	1	1	0	0	1
N11	N11.HOG0011363	0	1	1	2	1	1	0	2	2	2	2	2	0	0	0
N11	N11.HOG0011364	0	0	0	0	0	0	0	0	0	0	0	1	0	0	0
N11	N11.HOG0011365	2	1	1	0	2	1	2	1	1	1	1	2	0	0	1
N11	N11.HOG0011366	0	1	1	1	1	1	1	1	1	1	1	1	0	0	0
N11	N11.HOG0011367	1	1	1	1	1	1	1	1	1	1	1	1	1	1	1
N11	N11.HOG0011368	1	0	1	1	1	1	1	0	0	1	0	0	1	1	1
N11	N11.HOG0011369	0	1	1	0	1	1	1	1	1	1	1	1	1	1	0
N11	N11.HOG0011370	1	1	0	0	1	0	1	1	1	1	1	1	1	1	0
N11	N11.HOG0011371	1	1	1	1	1	1	1	1	1	1	1	1	1	1	0
N11	N11.HOG0011372	0	0	1	1	1	1	0	1	1	1	1	1	1	0	0
N11	N11.HOG0011373	1	1	1	1	1	1	0	1	1	1	1	1	0	0	0
N11	N11.HOG0011374	1	1	1	0	1	0	1	1	0	0	0	0	1	1	1
N11	N11.HOG0011375	1	1	1	1	1	1	1	1	1	0	1	1	1	1	0
N11	N11.HOG0011376	1	1	1	1	1	1	1	1	1	1	1	1	1	2	1
N11	N11.HOG0011377	1	0	0	0	0	0	0	0	0	0	1	0	1	1	1
N11	N11.HOG0011378	1	1	1	1	1	1	1	1	1	1	1	1	1	1	1
N11	N11.HOG0011379	1	2	1	1	1	1	1	1	1	1	1	1	1	1	1
N11	N11.HOG0011380	1	1	1	1	1	1	1	1	1	1	1	1	1	1	1
N11	N11.HOG0011381	0	1	1	1	1	1	1	1	1	1	0	1	1	1	0
N11	N11.HOG0011382	0	1	1	1	1	1	1	1	1	1	1	1	1	0	0
N11	N11.HOG0011383	0	0	1	1	1	1	1	1	1	1	0	1	1	1	1
N11	N11.HOG0011384	1	1	1	1	1	1	1	1	1	1	1	1	1	1	1
N11	N11.HOG0011385	0	0	0	1	0	0	1	1	1	1	0	1	1	2	1
N11	N11.HOG0011386	0	0	1	1	1	1	1	1	1	1	1	1	0	0	0
N11	N11.HOG0011387	1	1	1	1	1	1	1	1	1	1	1	1	0	1	0
N11	N11.HOG0011388	0	0	1	1	1	1	1	1	1	1	1	1	1	1	1
N11	N11.HOG0011389	1	1	1	1	1	1	1	1	1	1	1	1	1	1	1
N11	N11.HOG0011390	1	1	1	1	1	1	1	1	1	1	1	1	1	1	1
N11	N11.HOG0011391	0	2	0	0	1	0	0	0	0	0	0	0	1	1	0
N11	N11.HOG0011392	0	1	1	1	0	1	1	1	1	1	1	1	1	1	0
N11	N11.HOG0011393	1	1	1	1	1	0	1	1	1	1	1	1	1	1	1
N11	N11.HOG0011394	0	1	1	1	1	1	0	1	1	1	1	1	0	0	0
N11	N11.HOG0011395	1	1	1	1	1	1	1	1	1	1	1	1	0	1	1
N11	N11.HOG0011396	0	1	1	1	1	1	1	1	1	1	1	0	1	1	0
N11	N11.HOG0011397	0	0	1	1	1	1	0	1	1	1	1	1	1	1	1
N11	N11.HOG0011398	0	1	1	0	1	1	1	1	1	0	1	1	1	1	1
N11	N11.HOG0011399	0	1	0	0	1	0	1	1	1	2	0	1	0	0	0
N11	N11.HOG0011400	1	0	1	1	1	1	1	1	1	0	1	0	1	1	1
N11	N11.HOG0011401	0	1	1	1	1	0	1	1	1	1	0	0	1	1	1
N11	N11.HOG0011402	1	0	1	1	0	1	1	1	1	1	1	1	1	1	0
N11	N11.HOG0011403	1	1	1	1	1	1	0	1	1	0	1	1	1	0	1
N11	N11.HOG0011404	1	0	0	0	0	0	0	0	0	0	0	0	0	0	0
N11	N11.HOG0011405	1	0	1	1	1	1	1	1	1	1	1	1	1	1	1
N11	N11.HOG0011406	0	1	1	0	1	1	1	1	1	0	0	1	0	0	0
N11	N11.HOG0011407	0	1	0	1	1	1	1	1	1	1	1	1	1	1	1
N11	N11.HOG0011408	0	1	1	1	1	1	1	1	1	1	1	1	1	1	0
N11	N11.HOG0011409	0	1	1	1	1	1	0	1	1	1	1	1	0	1	0
N11	N11.HOG0011410	0	1	1	1	1	1	0	1	1	1	1	1	0	0	0
N11	N11.HOG0011411	1	1	1	0	1	1	1	1	1	1	1	1	1	1	1
N11	N11.HOG0011412	1	0	0	0	0	0	1	0	1	0	0	0	2	1	1
N11	N11.HOG0011413	1	1	1	1	1	1	1	1	1	1	1	1	1	1	1
N11	N11.HOG0011414	1	1	0	0	1	0	0	0	0	2	1	1	1	1	0
N11	N11.HOG0011415	0	1	0	0	1	1	1	0	0	1	1	1	1	0	1
N11	N11.HOG0011416	1	1	1	1	1	1	1	1	1	1	1	1	0	1	0
N11	N11.HOG0011417	0	0	1	1	0	1	0	1	1	1	1	1	0	0	0
N11	N11.HOG0011418	1	1	1	1	1	1	1	1	1	1	1	1	0	1	0
N11	N11.HOG0011419	1	0	1	1	1	1	1	1	1	1	1	1	1	0	0
N11	N11.HOG0011420	0	0	1	1	0	1	0	1	1	1	1	1	0	0	0
N11	N11.HOG0011421	1	1	1	1	1	1	0	0	0	0	0	0	0	0	0
N11	N11.HOG0011422	0	0	1	1	1	0	0	1	1	1	1	1	0	0	0
N11	N11.HOG0011423	1	0	1	1	1	1	1	1	1	0	0	1	1	0	0
N11	N11.HOG0011424	0	1	0	1	1	0	1	1	1	1	1	1	1	1	0
N11	N11.HOG0011425	0	1	1	1	1	1	1	1	1	1	1	1	1	1	1
N11	N11.HOG0011426	1	1	1	1	0	1	1	1	0	1	1	1	1	1	1
N11	N11.HOG0011427	1	1	1	1	1	1	1	1	1	1	1	1	1	1	0
N11	N11.HOG0011428	1	1	1	1	1	1	1	1	1	1	1	1	0	1	1
N11	N11.HOG0011429	0	0	0	0	0	0	1	0	0	0	0	0	1	1	2
N11	N11.HOG0011430	0	0	0	0	0	0	0	0	0	0	0	0	1	1	0
N11	N11.HOG0011431	0	1	0	1	0	1	0	1	1	0	0	1	0	0	1
N11	N11.HOG0011432	0	1	1	1	1	1	0	1	1	0	1	0	0	0	1
N11	N11.HOG0011433	0	1	1	0	1	1	1	0	0	0	0	0	1	1	1
N11	N11.HOG0011434	1	1	1	1	1	1	1	1	1	1	1	1	1	1	1
N11	N11.HOG0011435	0	1	1	1	1	1	1	1	1	1	0	0	0	0	0
N11	N11.HOG0011436	1	0	1	1	1	1	0	1	1	1	1	1	1	1	0
N11	N11.HOG0011437	0	2	1	1	1	1	1	1	1	0	0	0	1	1	0
N11	N11.HOG0011438	0	0	0	1	1	0	0	0	1	1	1	1	0	0	1
N11	N11.HOG0011439	0	1	1	1	1	1	1	1	1	1	1	1	1	0	0
N11	N11.HOG0011440	0	1	1	1	1	1	0	1	1	1	1	1	1	1	0
N11	N11.HOG0011441	0	1	1	1	0	1	1	1	1	1	1	1	0	0	0
N11	N11.HOG0011442	0	1	1	1	1	1	1	1	1	1	1	1	1	1	0
N11	N11.HOG0011443	1	1	1	1	1	0	1	1	0	0	0	0	0	1	1
N11	N11.HOG0011444	0	1	1	1	1	1	1	1	1	1	1	1	1	0	0
N11	N11.HOG0011445	0	1	1	1	1	1	1	1	1	1	1	1	1	1	0
N11	N11.HOG0011446	1	1	1	1	1	1	1	1	1	1	1	0	0	1	0
N11	N11.HOG0011447	1	1	1	1	1	1	1	0	1	1	1	0	0	0	0
N11	N11.HOG0011448	0	1	0	0	1	0	1	1	1	1	1	1	0	0	0
N11	N11.HOG0011449	1	1	0	1	1	0	0	1	1	1	1	1	1	0	1
N11	N11.HOG0011450	1	1	0	1	0	1	0	1	1	1	1	1	1	1	1
N11	N11.HOG0011451	1	1	1	1	1	1	1	1	1	1	1	1	1	1	1
N11	N11.HOG0011452	1	1	0	0	1	0	1	0	0	0	0	0	1	3	1
N11	N11.HOG0011453	0	0	0	0	0	0	0	1	0	0	0	0	0	0	0
N11	N11.HOG0011454	0	1	1	1	1	0	1	1	1	1	1	1	1	1	1
N11	N11.HOG0011455	0	1	1	1	1	1	0	1	1	1	1	1	0	0	0
N11	N11.HOG0011456	0	2	1	1	1	1	1	1	1	1	1	1	0	0	0
N11	N11.HOG0011457	0	0	0	0	0	0	1	1	1	1	1	1	0	1	0
N11	N11.HOG0011458	0	1	1	1	1	1	1	1	1	1	1	1	0	0	0
N11	N11.HOG0011459	0	0	1	1	1	1	0	1	1	1	1	1	0	0	0
N11	N11.HOG0011460	1	1	0	0	1	0	0	0	0	0	0	0	0	0	0
N11	N11.HOG0011461	1	1	1	1	1	1	1	1	1	1	1	1	0	0	0
N11	N11.HOG0011462	0	1	1	1	1	1	1	1	1	0	0	1	1	1	1
N11	N11.HOG0011463	0	0	1	1	1	1	1	1	1	1	1	1	0	1	1
N11	N11.HOG0011464	0	1	0	1	1	1	1	1	1	1	1	1	0	1	0
N11	N11.HOG0011465	0	1	1	1	1	1	1	1	1	1	1	1	1	0	1
N11	N11.HOG0011466	1	1	0	0	1	0	0	1	0	0	0	0	0	0	1
N11	N11.HOG0011467	0	0	1	0	1	1	1	1	1	1	1	1	1	0	0
N11	N11.HOG0011468	1	0	1	1	0	1	0	1	1	1	1	0	0	0	0
N11	N11.HOG0011469	0	1	1	1	1	1	1	1	1	1	1	1	2	0	0
N11	N11.HOG0011470	1	1	1	1	1	1	1	1	1	1	1	1	1	1	1
N11	N11.HOG0011471	1	1	0	0	1	0	1	1	0	0	1	0	1	1	1
N11	N11.HOG0011472	1	3	2	2	3	1	1	1	1	2	1	3	3	2	3
N11	N11.HOG0011473	1	1	1	0	1	1	1	1	1	1	1	0	0	0	1
N11	N11.HOG0011474	1	1	1	1	1	1	1	1	1	1	1	1	1	1	1
N11	N11.HOG0011475	1	1	1	1	1	1	1	1	1	1	1	1	1	1	0
N11	N11.HOG0011476	1	0	0	0	0	0	0	0	0	0	0	0	1	0	0
N11	N11.HOG0011477	0	1	1	1	1	1	1	1	1	1	1	1	0	0	0
N11	N11.HOG0011478	0	2	0	0	8	0	0	0	0	0	0	0	0	0	0
N11	N11.HOG0011479	0	1	0	0	0	0	0	0	0	0	0	0	0	0	0
N11	N11.HOG0011480	0	1	0	3	0	1	0	0	0	6	0	1	0	0	0
N11	N11.HOG0011481	0	0	2	0	0	0	0	0	0	0	0	0	0	0	0
N11	N11.HOG0011482	0	0	0	0	0	0	0	0	0	0	1	0	0	0	0
N11	N11.HOG0011483	0	0	0	0	0	0	0	0	0	4	1	0	0	0	0
N11	N11.HOG0011484	0	1	0	0	0	0	0	0	0	0	0	0	0	0	0
N11	N11.HOG0011485	0	6	0	0	0	0	0	0	0	0	0	0	0	0	0
N11	N11.HOG0011486	0	0	0	3	0	0	0	0	0	0	0	0	0	0	0
N11	N11.HOG0011487	0	0	2	6	2	0	0	0	0	0	0	0	0	0	0
N11	N11.HOG0011488	2	1	1	1	1	1	1	2	2	1	1	1	1	1	1
N11	N11.HOG0011489	2	4	1	1	1	1	2	1	1	1	1	1	1	1	1
N11	N11.HOG0011490	1	1	1	1	1	1	3	1	4	1	1	1	1	1	1
N11	N11.HOG0011491	0	1	1	0	1	0	1	1	1	0	0	0	0	1	1
N11	N11.HOG0011492	0	1	1	1	1	1	1	1	1	1	1	1	1	0	0
N11	N11.HOG0011493	1	1	1	1	1	1	1	1	1	1	1	1	1	1	1
N11	N11.HOG0011494	1	1	1	0	1	1	1	1	1	1	1	1	0	0	0
N11	N11.HOG0011495	0	0	0	0	1	0	1	1	1	0	0	1	0	0	0
N11	N11.HOG0011496	0	1	1	1	1	0	1	1	1	1	1	1	0	0	0
N11	N11.HOG0011497	0	1	0	0	1	0	0	1	1	1	1	1	0	0	0
N11	N11.HOG0011498	2	0	0	0	0	0	0	0	0	0	0	0	0	0	0
N11	N11.HOG0011499	1	1	1	1	1	1	1	1	1	1	1	1	1	1	1
N11	N11.HOG0011500	0	1	1	1	1	1	1	1	1	1	1	1	1	1	1
N11	N11.HOG0011501	0	1	1	1	1	1	1	1	1	1	1	1	0	0	0
N11	N11.HOG0011502	0	1	0	0	0	0	0	0	0	0	0	0	0	0	0
N11	N11.HOG0011503	0	1	0	0	0	0	0	0	0	0	0	0	0	0	0
N11	N11.HOG0011504	0	1	0	1	0	0	0	0	0	0	0	0	0	0	0
N11	N11.HOG0011505	1	0	0	0	0	0	1	1	1	1	1	1	1	1	1
N11	N11.HOG0011506	0	0	1	1	0	1	0	1	1	1	1	1	0	0	0
N11	N11.HOG0011507	0	1	1	1	1	1	0	1	1	1	1	1	0	0	0
N11	N11.HOG0011508	0	1	1	1	0	1	1	1	1	1	1	1	1	1	1
N11	N11.HOG0011509	0	1	1	1	1	1	1	1	0	1	1	1	1	1	0
N11	N11.HOG0011510	0	1	0	0	1	0	1	1	3	1	0	0	0	0	0
N11	N11.HOG0011511	0	1	1	1	1	1	2	0	1	1	1	1	1	1	1
N11	N11.HOG0011512	1	1	0	0	0	0	1	0	0	0	0	0	1	1	1
N11	N11.HOG0011513	1	1	0	0	1	0	1	1	1	1	1	1	0	0	0
N11	N11.HOG0011514	0	1	1	0	1	0	1	1	1	1	1	1	0	0	0
N11	N11.HOG0011515	1	2	1	1	1	1	1	1	1	1	1	1	2	1	1
N11	N11.HOG0011516	1	1	1	0	1	1	1	1	1	1	1	0	1	1	1
N11	N11.HOG0011517	1	0	0	0	1	0	1	1	1	1	0	0	1	1	0
N11	N11.HOG0011518	2	0	0	0	0	0	1	1	1	0	0	0	0	0	0
N11	N11.HOG0011519	0	1	1	1	0	1	0	1	1	1	1	1	0	0	0
N11	N11.HOG0011520	1	1	0	1	1	1	1	1	1	1	1	1	1	1	0
N11	N11.HOG0011521	1	1	1	1	1	1	1	1	1	1	1	1	1	1	0
N11	N11.HOG0011522	0	1	1	0	1	1	1	1	1	1	1	1	1	1	1
N11	N11.HOG0011523	0	1	0	0	0	0	1	1	1	0	0	0	1	1	1
N11	N11.HOG0011524	0	2	0	0	1	0	1	1	1	0	1	0	1	1	1
N11	N11.HOG0011525	0	0	0	0	0	0	1	0	0	0	0	0	0	1	1
N11	N11.HOG0011526	1	1	1	0	0	1	1	0	0	0	0	0	1	1	1
N11	N11.HOG0011527	0	1	1	1	1	1	0	1	1	1	1	1	0	0	0
N11	N11.HOG0011528	0	1	1	1	1	0	0	1	1	1	1	1	0	0	0
N11	N11.HOG0011529	1	1	1	1	0	1	2	1	1	1	1	1	1	1	1
N11	N11.HOG0011530	0	0	1	1	1	0	1	1	1	1	1	1	1	1	0
N11	N11.HOG0011531	1	1	1	1	1	1	1	1	1	1	1	1	1	0	1
N11	N11.HOG0011532	1	1	0	1	0	0	1	1	0	0	1	0	1	1	1
N11	N11.HOG0011533	0	0	1	1	1	1	0	1	1	1	1	1	0	0	0
N11	N11.HOG0011534	0	1	1	0	1	1	1	1	1	1	1	0	0	0	0
N11	N11.HOG0011535	1	0	0	0	1	0	1	1	1	0	1	1	1	1	1
N11	N11.HOG0011536	0	1	1	0	1	1	1	1	1	1	1	1	0	0	0
N11	N11.HOG0011537	0	1	1	1	1	0	1	1	1	1	1	1	1	1	0
N11	N11.HOG0011538	0	2	2	0	2	2	2	2	1	1	1	1	2	2	1
N11	N11.HOG0011539	0	1	1	1	1	1	1	1	1	1	1	1	0	1	0
N11	N11.HOG0011540	0	0	0	0	0	0	0	0	0	0	0	1	0	0	0
N11	N11.HOG0011541	0	0	1	0	1	0	1	2	2	1	1	1	1	1	1
N11	N11.HOG0011542	0	1	1	1	1	1	1	1	0	0	1	1	0	1	0
N11	N11.HOG0011543	0	1	0	1	2	0	0	1	0	0	0	1	0	0	0
N11	N11.HOG0011544	1	1	1	1	1	1	1	1	1	1	1	1	1	1	1
N11	N11.HOG0011545	0	1	1	1	1	1	0	1	1	1	1	1	0	0	0
N11	N11.HOG0011546	0	1	1	1	1	1	0	1	1	2	1	0	0	0	0
N11	N11.HOG0011547	0	0	1	1	1	1	0	1	1	1	1	1	1	1	0
N11	N11.HOG0011548	0	0	0	1	0	0	0	1	1	1	1	1	0	0	0
N11	N11.HOG0011549	0	1	1	1	1	1	1	1	1	1	1	1	0	0	0
N11	N11.HOG0011550	1	1	1	1	1	0	1	1	1	0	1	1	0	1	1
N11	N11.HOG0011551	0	1	1	1	1	1	1	1	1	0	0	0	1	0	1
N11	N11.HOG0011552	1	0	2	0	13	0	0	0	0	0	0	0	0	0	0
N11	N11.HOG0011553	1	1	1	1	1	1	0	1	1	1	1	0	0	0	1
N11	N11.HOG0011554	0	1	0	1	1	0	1	1	1	1	1	1	0	1	0
N11	N11.HOG0011555	0	0	0	0	0	0	1	0	0	0	0	0	0	0	0
N11	N11.HOG0011556	0	0	0	0	0	0	1	0	1	0	0	0	0	0	0
N11	N11.HOG0011557	0	1	1	0	1	1	1	1	1	1	1	1	1	0	1
N11	N11.HOG0011558	0	1	0	1	1	1	1	1	0	1	1	1	0	1	0
N11	N11.HOG0011559	0	1	0	1	1	1	0	1	1	1	1	1	0	0	0
N11	N11.HOG0011560	0	1	0	1	1	1	0	1	1	1	1	2	0	0	0
N11	N11.HOG0011561	0	0	1	1	1	1	0	1	1	1	1	1	0	0	0
N11	N11.HOG0011562	0	1	1	0	1	1	1	1	1	1	1	1	1	1	0
N11	N11.HOG0011563	0	1	1	0	1	0	1	1	1	1	1	0	0	0	0
N11	N11.HOG0011564	0	1	1	1	0	1	1	0	0	0	1	1	0	0	0
N11	N11.HOG0011565	1	0	0	0	0	0	0	0	0	0	0	0	0	0	0
N11	N11.HOG0011566	0	0	0	1	0	0	0	0	0	0	0	0	0	0	0
N11	N11.HOG0011567	1	0	0	0	1	0	0	0	0	0	0	0	0	0	0
N11	N11.HOG0011568	1	1	1	1	1	1	0	1	1	1	1	1	1	1	0
N11	N11.HOG0011569	0	0	0	1	1	1	0	0	0	0	0	0	0	0	0
N11	N11.HOG0011570	0	1	1	1	1	0	1	1	1	1	1	1	0	0	0
N11	N11.HOG0011571	0	0	0	0	0	0	0	1	1	1	1	1	1	1	1
N11	N11.HOG0011572	0	0	0	0	0	1	1	0	0	0	0	0	0	0	0
N11	N11.HOG0011573	0	1	0	0	1	0	1	0	0	1	1	0	1	1	0
N11	N11.HOG0011574	0	1	1	0	0	1	1	1	1	1	1	1	0	2	1
N11	N11.HOG0011575	0	1	0	1	1	0	0	1	0	1	1	1	0	0	0
N11	N11.HOG0011576	0	2	0	0	2	0	0	0	0	0	0	0	0	0	0
N11	N11.HOG0011577	0	3	0	0	0	0	0	0	0	0	0	0	0	0	0
N11	N11.HOG0011578	0	1	0	8	0	0	0	0	0	0	0	0	0	0	0
N11	N11.HOG0011579	0	1	0	0	0	0	0	0	0	0	0	0	0	0	0
N11	N11.HOG0011580	0	0	1	1	0	1	0	1	1	1	1	1	0	0	1
N11	N11.HOG0011581	0	1	0	0	0	0	0	0	0	0	0	0	0	0	0
N11	N11.HOG0011582	1	0	0	0	0	0	0	0	0	0	0	0	0	0	0
N11	N11.HOG0011583	1	0	0	0	0	0	1	0	1	0	1	1	0	1	1
N11	N11.HOG0011584	0	7	0	0	0	0	0	0	0	0	0	0	0	0	0
N11	N11.HOG0011585	0	1	0	0	0	0	0	0	0	0	0	0	0	0	0
N11	N11.HOG0011586	0	1	1	0	1	0	1	0	0	0	0	0	1	1	0
N11	N11.HOG0011587	0	0	0	0	1	0	0	0	0	0	0	0	0	0	0
N11	N11.HOG0011588	0	1	0	0	1	1	0	0	0	0	1	1	0	0	0
N11	N11.HOG0011589	0	1	1	1	1	0	1	1	1	0	0	0	0	0	0
N11	N11.HOG0011590	0	1	0	0	1	0	1	1	1	1	1	1	1	1	1
N11	N11.HOG0011591	0	0	1	1	1	1	0	1	1	1	1	1	0	1	0
N11	N11.HOG0011592	0	1	1	0	1	0	1	1	1	0	0	0	1	1	1
N11	N11.HOG0011593	0	1	0	1	2	0	0	1	1	0	0	1	0	0	0
N11	N11.HOG0011594	0	1	1	0	1	0	1	1	1	1	1	1	0	0	0
N11	N11.HOG0011595	0	1	0	0	1	0	1	1	1	1	1	1	0	0	0
N11	N11.HOG0011596	1	1	1	1	1	1	1	1	1	1	1	1	1	1	0
N11	N11.HOG0011597	0	2	1	1	1	1	1	1	0	1	1	0	0	1	0
N11	N11.HOG0011598	0	1	1	1	1	0	1	1	1	1	1	1	0	1	0
N11	N11.HOG0011599	0	1	0	0	1	1	1	0	1	1	1	0	0	0	0
N11	N11.HOG0011600	0	1	1	1	1	1	1	0	1	1	0	0	1	0	0
N11	N11.HOG0011601	1	0	0	0	0	0	0	0	0	0	0	0	0	0	0
N11	N11.HOG0011602	0	1	1	1	1	1	1	1	1	1	1	1	0	1	0
N11	N11.HOG0011603	0	1	1	1	1	1	0	1	1	1	1	1	0	0	0
N11	N11.HOG0011604	0	1	1	0	0	0	1	1	1	1	1	1	1	2	1
N11	N11.HOG0011605	0	1	2	2	0	1	0	1	1	1	1	1	0	0	0
N11	N11.HOG0011606	0	1	1	1	1	1	0	1	0	1	1	1	1	0	0
N11	N11.HOG0011607	0	1	0	1	1	1	1	0	0	0	0	0	1	1	1
N11	N11.HOG0011608	0	0	1	1	1	1	1	1	1	1	1	1	0	1	0
N11	N11.HOG0011609	0	0	0	0	1	0	0	0	0	0	2	0	0	0	0
N11	N11.HOG0011610	0	0	0	0	0	0	0	0	0	0	0	0	0	1	0
N11	N11.HOG0011611	1	0	0	0	0	0	0	0	0	0	0	0	0	0	0
N11	N11.HOG0011612	4	1	1	1	1	1	1	1	1	1	1	1	1	1	1
N11	N11.HOG0011613	0	1	2	1	1	2	1	1	1	1	1	1	1	1	2
N11	N11.HOG0011614	0	2	1	1	1	1	1	1	1	1	1	1	0	1	0
N11	N11.HOG0011615	0	1	1	1	1	1	2	1	1	1	1	0	2	3	0
N11	N11.HOG0011616	0	1	0	0	1	0	2	1	0	1	0	0	0	0	0
N11	N11.HOG0011617	0	0	0	0	0	0	1	0	0	0	0	0	1	1	0
N11	N11.HOG0011618	0	1	0	0	1	0	0	1	1	0	0	0	0	0	1
N11	N11.HOG0011619	1	1	1	1	1	1	0	1	1	1	1	1	0	0	0
N11	N11.HOG0011620	0	1	0	0	1	0	0	1	1	1	1	1	1	1	0
N11	N11.HOG0011621	0	1	1	1	1	1	1	1	1	1	0	0	0	0	0
N11	N11.HOG0011622	0	0	1	1	1	1	0	1	1	1	1	1	0	0	0
N11	N11.HOG0011623	1	0	0	0	0	0	1	0	0	0	0	0	0	0	0
N11	N11.HOG0011624	0	0	0	1	0	0	1	1	0	1	1	1	1	1	0
N11	N11.HOG0011625	0	1	0	0	1	0	0	0	0	0	0	0	0	0	0
N11	N11.HOG0011626	1	1	0	0	1	1	1	1	1	1	1	1	1	1	0
N11	N11.HOG0011627	1	1	1	1	0	1	1	1	1	1	1	1	1	1	0
N11	N11.HOG0011628	0	1	0	0	1	0	0	0	0	0	0	0	0	1	1
N11	N11.HOG0011629	0	0	1	0	0	0	0	0	0	0	0	0	0	0	0
N11	N11.HOG0011630	0	0	1	0	1	0	0	0	0	0	0	0	0	0	0
N11	N11.HOG0011631	0	1	1	1	1	1	1	1	1	1	1	1	0	0	0
N11	N11.HOG0011632	0	1	0	0	1	0	1	1	1	1	1	1	1	1	0
N11	N11.HOG0011633	0	1	1	1	1	1	1	1	1	1	1	1	0	0	0
N11	N11.HOG0011634	0	1	1	1	1	1	0	1	1	1	1	1	0	0	0
N11	N11.HOG0011635	0	0	0	0	1	0	0	0	0	0	0	0	0	0	0
N11	N11.HOG0011636	0	1	0	0	1	0	0	0	0	0	0	0	0	0	0
N11	N11.HOG0011637	0	1	0	0	1	0	0	0	0	0	0	0	0	0	0
N11	N11.HOG0011638	0	1	0	1	0	0	0	0	0	1	0	1	0	0	1
N11	N11.HOG0011639	1	1	1	1	1	1	1	1	1	1	1	0	1	1	1
N11	N11.HOG0011640	1	1	1	1	0	1	1	1	1	1	1	1	2	1	1
N11	N11.HOG0011641	0	1	0	1	1	0	1	0	0	1	0	0	1	1	1
N11	N11.HOG0011642	0	2	0	0	0	0	0	0	0	0	0	0	0	0	0
N11	N11.HOG0011643	0	1	0	0	1	0	1	1	1	0	0	0	0	0	0
N11	N11.HOG0011644	0	1	1	1	1	1	0	1	1	1	1	0	0	0	0
N11	N11.HOG0011645	1	0	0	0	0	0	1	0	0	0	0	0	1	1	1
N11	N11.HOG0011646	0	1	0	0	1	0	0	0	0	0	0	0	0	0	1
N11	N11.HOG0011647	1	1	1	1	0	1	1	1	1	1	1	1	1	0	0
N11	N11.HOG0011648	1	1	1	1	1	1	0	0	0	1	1	1	1	1	0
N11	N11.HOG0011649	1	0	0	0	0	0	0	1	1	1	1	1	0	0	1
N11	N11.HOG0011650	0	1	0	0	1	0	1	0	0	1	0	0	0	0	0
N11	N11.HOG0011651	0	1	0	0	1	0	0	0	0	0	0	0	1	0	0
N11	N11.HOG0011652	0	0	0	0	1	0	1	0	1	0	0	0	0	0	0
N11	N11.HOG0011653	0	1	1	1	1	1	1	1	1	1	1	1	0	0	0
N11	N11.HOG0011654	0	1	0	0	0	0	1	1	1	1	1	0	1	1	1
N11	N11.HOG0011655	0	0	1	1	1	1	1	1	1	1	1	1	1	1	1
N11	N11.HOG0011656	0	0	0	0	0	0	0	0	0	0	0	0	1	0	1
N11	N11.HOG0011657	0	0	0	0	1	0	0	0	0	0	0	0	0	0	0
N11	N11.HOG0011658	0	2	0	0	1	0	0	0	0	0	0	0	0	0	0
N11	N11.HOG0011659	0	1	1	0	2	0	1	0	1	0	0	0	0	0	0
N11	N11.HOG0011660	1	1	1	1	1	1	1	1	1	1	1	1	1	0	1
N11	N11.HOG0011661	1	1	1	1	0	1	0	1	1	1	1	1	1	1	1
N11	N11.HOG0011662	0	0	1	1	0	1	0	1	1	1	1	1	0	0	0
N11	N11.HOG0011663	1	0	0	0	0	0	0	0	0	0	0	0	0	0	0
N11	N11.HOG0011664	1	1	1	1	1	1	0	1	0	1	1	1	0	0	0
N11	N11.HOG0011665	0	2	1	0	1	0	0	1	1	1	1	1	0	0	0
N11	N11.HOG0011666	1	1	1	1	1	1	1	1	1	1	1	1	1	1	1
N11	N11.HOG0011667	0	1	1	1	1	1	1	1	1	1	1	1	1	1	1
N11	N11.HOG0011668	0	1	1	1	1	1	0	1	1	1	1	1	0	0	0
N11	N11.HOG0011669	1	1	1	1	1	1	1	1	1	1	1	1	0	1	1
N11	N11.HOG0011670	0	1	1	1	0	1	0	1	1	1	1	1	0	1	0
N11	N11.HOG0011671	1	1	1	1	1	1	1	1	1	1	1	1	1	1	1
N11	N11.HOG0011672	1	0	0	0	0	0	1	0	0	0	1	0	0	0	1
N11	N11.HOG0011673	0	0	0	0	1	0	2	2	2	1	0	0	1	0	0
N11	N11.HOG0011674	0	2	1	1	1	0	1	1	1	1	1	0	1	1	1
N11	N11.HOG0011675	1	0	0	0	1	0	1	0	0	0	0	0	0	1	1
N11	N11.HOG0011676	1	0	0	0	0	0	1	1	1	1	1	1	1	1	1
N11	N11.HOG0011677	1	0	0	0	0	0	1	1	1	1	1	1	1	1	1
N11	N11.HOG0011678	1	1	1	1	1	1	1	1	1	1	1	1	1	1	1
N11	N11.HOG0011679	0	0	1	1	0	1	0	1	1	1	1	1	0	0	0
N11	N11.HOG0011680	0	1	1	0	1	1	0	1	1	1	1	1	1	1	0
N11	N11.HOG0011681	1	1	1	1	1	1	1	1	1	1	0	1	1	0	0
N11	N11.HOG0011682	0	1	0	0	0	0	0	0	1	1	0	1	0	0	0
N11	N11.HOG0011683	0	1	1	1	1	1	0	1	1	1	1	1	0	0	0
N11	N11.HOG0011684	0	2	0	1	1	0	1	1	1	1	0	1	0	0	0
N11	N11.HOG0011686	0	0	0	2	1	0	0	0	0	0	0	0	0	0	0
N11	N11.HOG0011687	1	0	1	1	0	1	1	1	1	1	1	1	1	1	1
N11	N11.HOG0011688	0	0	1	1	0	1	0	1	1	1	1	1	1	0	0
N11	N11.HOG0011689	0	0	1	0	1	0	1	0	0	0	0	0	1	1	0
N11	N11.HOG0011690	0	0	0	1	1	0	0	1	1	1	1	1	0	0	0
N11	N11.HOG0011691	0	1	0	1	1	0	1	1	1	0	1	0	0	0	0
N11	N11.HOG0011692	0	1	1	1	1	1	1	1	1	1	0	0	0	0	0
N11	N11.HOG0011693	0	1	1	1	0	0	1	1	1	1	1	1	0	0	0
N11	N11.HOG0011694	0	1	1	1	2	1	1	1	1	1	1	1	1	2	1
N11	N11.HOG0011695	0	1	0	0	2	0	1	1	1	1	0	0	1	1	0
N11	N11.HOG0011696	2	1	1	1	1	1	1	1	1	1	1	1	1	1	1
N11	N11.HOG0011697	0	1	0	0	0	0	0	0	0	0	0	0	0	0	0
N11	N11.HOG0011698	0	2	0	0	4	0	0	0	0	0	0	0	1	0	0
N11	N11.HOG0011699	0	1	1	1	1	1	1	1	1	1	1	1	1	1	1
N11	N11.HOG0011700	0	1	1	1	1	1	1	1	1	1	1	1	1	1	0
N11	N11.HOG0011701	0	1	1	0	1	0	1	1	1	0	0	0	0	0	0
N11	N11.HOG0011702	1	1	1	0	1	0	1	1	1	1	1	1	0	1	0
N11	N11.HOG0011703	2	1	1	1	1	1	1	1	1	1	1	1	2	1	1
N11	N11.HOG0011704	1	0	0	0	0	0	0	0	0	0	0	0	0	0	0
N11	N11.HOG0011705	0	1	1	1	1	1	0	0	0	1	1	1	0	0	0
N11	N11.HOG0011706	0	1	0	1	1	1	1	1	0	1	1	1	0	0	0
N11	N11.HOG0011707	0	0	0	1	0	0	1	1	1	1	1	1	0	0	0
N11	N11.HOG0011708	0	0	1	0	0	0	0	0	0	0	0	0	0	0	0
N11	N11.HOG0011709	0	0	0	0	1	0	0	0	0	0	0	0	0	0	0
N11	N11.HOG0011710	0	0	0	0	1	0	0	0	0	0	0	0	0	0	0
N11	N11.HOG0011711	0	0	0	0	1	0	0	0	0	0	0	0	0	0	0
N11	N11.HOG0011712	1	0	0	0	1	0	0	0	0	0	0	0	0	0	1
N11	N11.HOG0011713	0	0	0	0	1	0	0	0	0	0	0	0	0	0	0
N11	N11.HOG0011714	0	2	1	3	1	1	0	3	2	0	1	0	1	1	1
N11	N11.HOG0011715	0	0	1	1	0	1	0	0	0	1	1	1	0	0	0
N11	N11.HOG0011716	0	1	1	1	1	1	2	1	1	1	1	1	1	1	2
N11	N11.HOG0011717	0	1	1	1	1	1	1	1	1	1	1	0	0	0	0
N11	N11.HOG0011718	0	1	1	1	1	0	0	1	1	0	1	1	0	0	0
N11	N11.HOG0011719	0	1	0	0	1	0	0	0	0	1	1	0	0	0	0
N11	N11.HOG0011720	0	0	1	1	0	0	1	1	1	1	1	0	0	0	0
N11	N11.HOG0011721	0	1	1	0	1	1	1	1	1	1	0	1	0	0	0
N11	N11.HOG0011722	1	1	0	0	1	0	1	1	1	1	1	1	2	1	1
N11	N11.HOG0011723	1	0	0	0	0	0	0	0	0	0	0	0	0	0	0
N11	N11.HOG0011724	1	4	1	1	1	0	1	1	1	1	1	1	1	1	1
N11	N11.HOG0011725	1	0	0	0	0	0	0	0	0	0	0	0	0	0	0
N11	N11.HOG0011726	1	0	0	0	0	0	0	0	0	0	0	0	0	0	0
N11	N11.HOG0011727	1	0	0	0	0	0	1	0	0	0	1	0	0	0	1
N11	N11.HOG0011728	0	0	0	0	0	0	1	1	1	1	1	0	0	0	0
N11	N11.HOG0011729	0	1	1	1	1	0	1	2	1	1	1	1	0	0	0
N11	N11.HOG0011730	0	1	0	0	1	0	0	1	1	1	1	0	0	0	0
N11	N11.HOG0011731	0	1	1	1	1	1	0	1	1	1	1	1	0	0	0
N11	N11.HOG0011732	0	1	1	1	1	0	1	2	2	2	1	2	0	0	0
N11	N11.HOG0011733	0	0	0	0	0	0	0	0	0	0	0	0	1	0	0
N11	N11.HOG0011734	0	1	0	1	1	1	0	1	1	1	1	1	0	0	0
N11	N11.HOG0011735	1	0	0	0	0	0	0	0	0	0	0	0	0	0	0
N11	N11.HOG0011736	2	1	1	1	2	2	1	1	1	1	1	1	1	1	2
N11	N11.HOG0011737	0	2	0	1	1	0	1	0	0	1	0	1	0	1	0
N11	N11.HOG0011738	0	0	1	1	0	1	0	1	1	1	1	1	0	0	0
N11	N11.HOG0011739	1	0	0	0	0	0	0	0	0	0	0	0	0	0	0
N11	N11.HOG0011740	0	1	0	0	1	0	1	1	1	0	0	0	1	1	0
N11	N11.HOG0011741	0	0	0	0	1	0	0	1	1	0	0	0	0	0	0
N11	N11.HOG0011742	1	1	1	1	1	1	1	1	1	1	1	1	1	1	1
N11	N11.HOG0011743	0	0	0	1	0	0	0	1	1	1	1	1	0	0	1
N11	N11.HOG0011744	0	1	0	0	1	0	1	1	1	1	0	1	0	0	0
N11	N11.HOG0011745	0	1	0	0	1	0	0	1	1	0	1	1	0	0	0
N11	N11.HOG0011746	0	0	0	0	0	0	0	0	0	1	1	0	0	0	0
N11	N11.HOG0011747	0	26	1	0	3	0	0	0	0	0	0	0	1	0	0
N11	N11.HOG0011748	1	1	1	1	1	2	1	1	1	1	1	1	2	2	0
N11	N11.HOG0011749	0	1	0	0	1	0	1	1	1	1	1	1	1	1	0
N11	N11.HOG0011750	1	0	0	1	1	1	1	1	1	1	1	0	0	0	0
N11	N11.HOG0011751	1	0	1	1	1	1	1	1	1	1	1	1	1	1	1
N11	N11.HOG0011752	0	29	0	0	0	0	0	0	0	0	0	0	0	0	0
N11	N11.HOG0011753	1	1	1	1	1	2	1	1	1	1	1	1	1	1	1
N11	N11.HOG0011754	1	2	1	1	1	1	1	1	1	1	1	1	1	1	1
N11	N11.HOG0011755	1	0	0	0	0	0	0	0	0	0	0	0	0	0	0
N11	N11.HOG0011756	0	0	0	3	0	0	0	0	0	0	0	0	0	0	0
N11	N11.HOG0011757	0	0	1	0	0	0	0	0	0	0	0	0	0	0	0
N11	N11.HOG0011758	0	0	1	0	0	0	0	0	0	0	0	0	0	0	0
N11	N11.HOG0011759	0	0	1	0	0	0	0	0	0	0	0	0	0	0	0
N11	N11.HOG0011760	0	0	1	0	0	0	0	0	0	0	0	0	0	0	0
N11	N11.HOG0011761	0	0	0	0	2	0	0	0	0	0	0	0	0	0	0
N11	N11.HOG0011762	0	1	0	0	1	0	1	1	1	1	1	1	0	0	0
N11	N11.HOG0011763	0	0	0	1	1	1	1	1	1	1	1	1	0	0	0
N11	N11.HOG0011764	0	1	0	1	1	0	0	1	1	1	1	1	1	1	0
N11	N11.HOG0011765	0	0	0	0	0	0	0	0	0	0	0	0	0	1	0
N11	N11.HOG0011766	0	1	0	0	1	0	0	0	0	0	0	0	1	1	1
N11	N11.HOG0011767	1	1	1	2	1	1	1	1	1	1	1	1	1	1	1
N11	N11.HOG0011768	0	1	0	0	0	0	0	0	0	0	0	0	0	0	0
N11	N11.HOG0011769	0	2	1	1	0	1	0	1	1	1	1	1	0	1	0
N11	N11.HOG0011770	0	0	0	0	0	0	1	0	0	0	0	0	0	0	0
N11	N11.HOG0011771	0	1	1	0	1	0	1	1	1	0	0	0	0	0	0
N11	N11.HOG0011772	0	0	1	1	1	1	0	0	1	0	1	0	1	0	0
N11	N11.HOG0011773	1	1	1	1	1	1	1	1	1	1	1	1	1	1	1
N11	N11.HOG0011774	0	2	1	1	1	1	1	1	1	1	1	1	1	2	1
N11	N11.HOG0011775	0	0	1	0	1	1	0	0	0	0	0	0	0	0	0
N11	N11.HOG0011776	1	1	1	1	1	1	1	1	1	1	1	1	1	1	1
N11	N11.HOG0011777	1	1	1	1	2	1	1	1	1	1	1	1	1	1	1
N11	N11.HOG0011778	0	2	0	0	0	0	1	1	0	0	1	1	0	0	0
N11	N11.HOG0011779	0	1	1	0	1	0	1	0	0	1	0	0	0	0	0
N11	N11.HOG0011780	0	1	0	1	1	0	0	0	0	1	1	1	0	0	0
N11	N11.HOG0011781	1	0	0	0	0	0	0	0	0	0	0	0	0	0	0
N11	N11.HOG0011782	0	1	1	1	0	1	0	0	0	1	1	0	0	0	0
N11	N11.HOG0011783	0	0	1	1	0	0	0	1	1	0	1	1	0	0	0
N11	N11.HOG0011784	1	1	1	1	1	1	1	1	1	1	1	1	1	1	1
N11	N11.HOG0011785	0	1	1	1	1	1	0	1	1	1	1	1	0	0	0
N11	N11.HOG0011786	0	1	1	1	1	1	0	0	1	1	1	1	0	1	1
N11	N11.HOG0011787	3	1	1	1	1	1	1	1	1	1	1	1	1	1	1
N11	N11.HOG0011788	0	0	0	1	1	1	0	0	0	0	0	0	0	0	0
N11	N11.HOG0011789	1	1	1	1	1	1	1	1	1	1	1	1	1	1	1
N11	N11.HOG0011790	0	1	1	1	1	1	0	1	1	0	1	0	0	0	0
N11	N11.HOG0011791	0	1	1	0	1	1	1	1	1	1	1	1	1	1	0
N11	N11.HOG0011792	0	1	0	1	1	0	1	0	0	0	0	1	1	1	0
N11	N11.HOG0011793	0	1	0	0	1	0	0	0	0	1	0	0	1	1	0
N11	N11.HOG0011794	0	0	0	0	1	0	1	1	1	0	1	1	0	0	0
N11	N11.HOG0011795	1	1	0	1	1	1	1	0	1	0	1	1	1	1	1
N11	N11.HOG0011796	1	0	0	0	0	0	1	0	0	0	0	0	1	1	0
N11	N11.HOG0011797	0	0	0	0	0	0	0	0	0	0	0	1	0	0	0
N11	N11.HOG0011798	0	1	0	0	1	1	1	0	1	0	0	0	0	0	0
N11	N11.HOG0011799	0	0	1	1	0	1	0	1	1	1	1	1	0	0	0
N11	N11.HOG0011800	1	1	0	1	0	0	1	1	1	1	1	1	1	1	0
N11	N11.HOG0011801	0	1	1	0	1	1	1	1	1	1	1	1	1	0	0
N11	N11.HOG0011802	1	1	1	0	1	1	1	0	0	0	0	0	0	1	0
N11	N11.HOG0011803	1	1	1	1	1	1	1	1	1	1	1	1	1	1	1
N11	N11.HOG0011804	1	1	1	1	1	1	1	1	1	1	1	1	1	1	1
N11	N11.HOG0011805	1	0	1	1	0	1	1	1	1	1	1	1	1	1	1
N11	N11.HOG0011806	0	1	0	1	1	0	0	0	1	0	0	0	0	1	1
N11	N11.HOG0011807	1	1	1	1	1	0	1	1	1	1	1	1	1	1	1
N11	N11.HOG0011808	1	1	1	1	0	1	1	1	1	1	1	1	1	1	1
N11	N11.HOG0011809	1	1	1	1	1	0	1	1	1	1	1	1	1	1	1
N11	N11.HOG0011810	1	0	0	0	0	0	1	0	0	0	0	0	0	1	1
N11	N11.HOG0011811	0	0	0	0	0	0	1	0	0	0	0	0	0	1	0
N11	N11.HOG0011812	0	0	0	0	0	0	0	0	0	0	0	0	1	0	0
N11	N11.HOG0011813	0	0	0	0	0	0	0	0	0	0	1	0	0	0	0
N11	N11.HOG0011814	0	1	0	0	1	0	1	1	1	1	1	0	1	0	0
N11	N11.HOG0011815	1	2	1	2	3	1	1	1	1	1	1	1	1	1	1
N11	N11.HOG0011816	1	1	1	1	1	1	1	1	1	1	1	1	1	1	1
N11	N11.HOG0011817	1	1	1	1	2	1	1	1	1	1	1	1	1	1	1
N11	N11.HOG0011818	1	1	0	1	1	0	0	1	1	0	0	0	1	1	0
N11	N11.HOG0011819	0	0	0	0	0	0	1	0	0	1	1	1	1	1	1
N11	N11.HOG0011820	0	1	0	1	1	0	0	1	1	1	0	1	0	0	0
N11	N11.HOG0011821	0	0	1	1	0	0	0	0	0	1	1	1	0	0	0
N11	N11.HOG0011822	0	0	0	0	1	0	1	0	0	0	0	0	0	0	0
N11	N11.HOG0011823	0	1	0	0	1	1	0	0	0	0	0	0	1	0	0
N11	N11.HOG0011824	0	1	0	0	0	0	1	0	0	0	0	0	0	0	0
N11	N11.HOG0011825	0	1	1	0	1	1	1	0	0	0	0	0	0	1	0
N11	N11.HOG0011826	0	0	0	0	0	0	1	0	0	0	0	0	0	0	1
N11	N11.HOG0011827	0	0	0	1	0	1	0	1	1	1	1	1	0	0	0
N11	N11.HOG0011828	0	3	0	0	21	0	0	0	0	0	0	0	0	0	0
N11	N11.HOG0011829	0	1	0	0	0	0	0	0	0	1	0	0	0	1	0
N11	N11.HOG0011830	1	1	1	1	1	0	1	1	1	1	1	1	1	1	0
N11	N11.HOG0011831	1	1	0	1	1	0	1	1	1	1	1	1	1	1	1
N11	N11.HOG0011832	1	1	0	0	1	0	1	1	0	0	0	0	1	1	1
N11	N11.HOG0011833	1	1	0	1	1	1	1	0	0	1	1	1	1	0	1
N11	N11.HOG0011834	0	1	0	1	1	0	1	0	1	1	1	1	1	1	0
N11	N11.HOG0011835	0	2	0	0	4	0	0	0	0	0	0	0	0	0	0
N11	N11.HOG0011836	0	0	0	0	0	0	0	0	0	0	1	0	0	0	1
N11	N11.HOG0011837	0	1	0	0	1	0	0	1	1	1	1	1	1	1	1
N11	N11.HOG0011838	0	1	0	0	1	0	1	1	1	1	1	1	0	0	0
N11	N11.HOG0011839	1	2	1	1	1	1	1	1	1	1	1	1	1	1	1
N11	N11.HOG0011840	0	0	1	1	1	1	1	1	1	1	1	1	1	0	1
N11	N11.HOG0011841	1	1	0	1	1	1	1	1	1	1	1	1	1	1	1
N11	N11.HOG0011842	0	0	1	1	0	1	0	1	0	0	1	0	0	0	0
N11	N11.HOG0011843	2	1	1	1	1	1	1	1	1	1	1	1	1	1	1
N11	N11.HOG0011844	0	1	0	0	1	0	0	0	0	0	0	0	0	0	0
N11	N11.HOG0011845	0	1	1	1	1	1	1	1	1	1	1	0	1	0	0
N11	N11.HOG0011846	1	0	0	0	0	0	1	0	0	0	0	0	0	1	1
N11	N11.HOG0011847	1	0	0	0	0	0	0	0	0	0	0	0	1	1	1
N11	N11.HOG0011848	0	0	1	1	1	1	0	1	1	1	1	1	0	0	0
N11	N11.HOG0011849	0	0	0	0	0	0	1	0	0	0	0	0	0	0	1
N11	N11.HOG0011850	1	1	1	1	1	0	0	1	1	1	1	2	0	0	0
N11	N11.HOG0011851	0	1	0	0	1	1	0	1	1	1	1	1	0	0	0
N11	N11.HOG0011852	0	0	0	0	1	0	0	1	1	1	1	1	0	0	0
N11	N11.HOG0011853	0	1	1	1	1	1	0	0	0	0	0	0	0	0	0
N11	N11.HOG0011854	1	1	0	0	1	1	1	1	1	0	1	1	0	1	1
N11	N11.HOG0011855	1	0	0	0	0	0	0	0	0	0	0	0	0	0	0
N11	N11.HOG0011856	2	0	0	0	0	0	0	0	0	0	0	0	0	0	0
N11	N11.HOG0011857	14	0	0	0	0	0	0	0	0	0	0	0	0	0	0
N11	N11.HOG0011858	1	0	0	0	0	0	1	0	0	0	0	0	1	0	0
N11	N11.HOG0011859	0	0	0	0	0	0	0	0	0	0	0	0	1	0	0
N11	N11.HOG0011860	1	2	0	0	0	0	0	0	0	0	0	0	0	0	0
N11	N11.HOG0011861	0	2	0	0	9	0	0	0	0	0	0	0	0	0	0
N11	N11.HOG0011862	0	1	1	1	1	1	1	1	1	1	1	1	1	0	0
N11	N11.HOG0011863	0	0	0	1	1	1	1	1	1	0	0	1	0	0	0
N11	N11.HOG0011864	0	0	0	1	1	1	1	0	0	0	0	0	1	0	1
N11	N11.HOG0011865	0	0	0	0	1	1	1	1	1	1	1	1	1	1	0
N11	N11.HOG0011866	1	1	0	0	2	0	1	1	1	1	1	0	0	0	0
N11	N11.HOG0011867	0	0	0	0	0	0	1	1	1	0	0	1	0	0	0
N11	N11.HOG0011868	0	1	1	1	0	1	0	0	0	0	0	1	0	0	0
N11	N11.HOG0011869	1	0	0	0	0	0	0	0	0	0	0	0	1	1	1
N11	N11.HOG0011870	1	1	1	1	1	1	1	1	1	1	1	1	1	1	2
N11	N11.HOG0011871	0	1	0	0	1	0	0	0	0	0	0	0	0	0	0
N11	N11.HOG0011872	0	1	0	1	1	0	1	1	1	1	1	1	1	1	0
N11	N11.HOG0011873	0	1	0	1	0	0	0	0	0	0	0	0	1	0	0
N11	N11.HOG0011874	0	1	0	1	1	0	0	0	0	0	0	0	0	0	0
N11	N11.HOG0011875	0	1	0	1	1	0	0	1	1	1	1	1	0	0	0
N11	N11.HOG0011876	0	1	1	0	1	0	1	1	1	1	0	0	0	0	0
N11	N11.HOG0011877	0	4	0	1	24	0	0	0	0	0	0	0	0	0	0
N11	N11.HOG0011878	1	0	0	0	0	0	1	1	1	1	1	1	1	1	1
N11	N11.HOG0011879	1	1	0	0	1	0	1	0	1	0	0	1	1	0	0
N11	N11.HOG0011880	1	1	1	1	1	1	1	1	1	1	1	1	1	1	1
N11	N11.HOG0011881	0	1	1	1	0	1	1	1	0	1	0	1	0	1	1
N11	N11.HOG0011882	0	2	1	1	1	1	1	1	1	0	0	0	0	0	0
N11	N11.HOG0011883	0	1	0	1	0	1	0	1	1	1	1	1	0	0	0
N11	N11.HOG0011884	0	0	1	1	1	1	1	1	1	1	1	1	0	0	0
N11	N11.HOG0011885	1	0	0	2	0	0	0	0	0	0	0	0	1	1	0
N11	N11.HOG0011886	0	10	0	2	0	0	0	0	0	0	0	0	0	0	0
N11	N11.HOG0011887	0	1	0	1	0	1	1	0	0	0	0	0	1	0	0
N11	N11.HOG0011888	0	0	0	0	0	0	0	0	0	0	0	0	1	1	0
N11	N11.HOG0011889	1	0	0	1	1	1	1	1	1	0	0	0	0	0	0
N11	N11.HOG0011890	0	1	0	0	1	0	1	1	1	1	1	1	1	0	0
N11	N11.HOG0011891	0	1	1	0	1	0	0	0	0	0	0	0	0	0	0
N11	N11.HOG0011892	1	0	0	0	0	0	1	0	0	0	0	0	1	1	0
N11	N11.HOG0011893	1	2	1	1	1	1	1	1	1	1	1	1	1	1	1
N11	N11.HOG0011894	1	0	0	0	0	0	1	1	1	1	1	1	0	1	0
N11	N11.HOG0011895	0	0	0	0	0	0	0	1	1	1	0	0	0	0	0
N11	N11.HOG0011896	0	25	0	0	2	0	0	0	0	0	0	0	0	0	0
N11	N11.HOG0011897	0	0	0	1	1	0	0	0	1	0	0	0	0	0	1
N11	N11.HOG0011898	1	2	0	2	2	1	1	1	1	2	1	2	1	1	1
N11	N11.HOG0011899	1	0	0	0	0	0	1	1	1	1	1	1	1	1	1
N11	N11.HOG0011900	1	1	1	0	1	1	1	1	1	1	1	1	1	1	1
N11	N11.HOG0011901	1	0	0	0	0	0	1	0	0	0	0	0	0	0	0
N11	N11.HOG0011902	3	0	0	0	0	0	0	0	0	0	0	0	0	0	0
N11	N11.HOG0011903	1	0	0	0	0	0	0	0	0	0	0	0	0	0	0
N11	N11.HOG0011904	0	1	0	0	1	0	1	0	0	0	0	0	1	1	0
N11	N11.HOG0011905	0	1	0	0	0	0	0	0	0	0	0	0	1	0	0
N11	N11.HOG0011906	0	2	0	0	5	0	0	0	0	0	0	0	1	0	0
N11	N11.HOG0011907	1	1	0	0	0	0	1	1	1	1	1	1	1	1	1
N11	N11.HOG0011908	1	1	1	1	1	1	1	1	1	1	1	1	1	1	1
N11	N11.HOG0011909	0	0	0	0	0	1	0	0	0	0	1	0	0	0	0
N11	N11.HOG0011910	1	0	0	0	0	0	1	1	0	1	1	1	1	1	1
N11	N11.HOG0011911	1	1	1	1	1	1	1	0	1	1	1	1	1	1	0
N11	N11.HOG0011912	0	0	0	0	0	0	0	0	0	0	0	0	1	0	0
N11	N11.HOG0011913	1	1	0	1	1	0	1	1	1	1	1	1	1	1	0
N11	N11.HOG0011914	0	0	0	0	0	0	0	0	0	1	0	0	0	0	0
N11	N11.HOG0011915	1	2	1	0	3	0	2	3	3	2	2	2	1	1	0
N11	N11.HOG0011916	1	0	1	1	1	1	0	1	1	1	0	1	0	0	0
N11	N11.HOG0011917	1	1	0	1	0	1	1	1	1	1	1	1	1	1	1
N11	N11.HOG0011918	1	1	1	0	0	0	1	1	1	1	0	0	1	1	0
N11	N11.HOG0011919	1	0	0	0	0	0	0	0	0	0	0	0	0	0	0
N11	N11.HOG0011920	1	1	1	1	1	1	1	1	1	1	1	1	1	1	1
N11	N11.HOG0011921	0	0	0	0	1	0	0	0	0	1	0	1	0	0	0
N11	N11.HOG0011922	0	0	0	0	0	0	1	0	0	0	0	0	3	1	1
N11	N11.HOG0011923	0	1	0	0	1	0	0	1	0	0	0	0	0	1	0
N11	N11.HOG0011924	0	1	0	0	2	0	0	0	0	0	0	0	0	0	0
N11	N11.HOG0011925	0	2	0	0	1	0	1	0	0	0	0	0	1	1	1
N11	N11.HOG0011926	0	1	0	1	1	0	0	1	1	1	1	1	0	0	0
N11	N11.HOG0011927	0	25	0	0	0	0	0	0	0	0	0	0	0	0	0
N11	N11.HOG0011928	1	1	1	1	1	1	1	1	1	1	1	1	1	1	1
N11	N11.HOG0011929	0	0	1	0	1	0	0	1	1	0	0	1	0	0	0
N11	N11.HOG0011930	0	0	0	0	0	0	0	1	0	1	1	1	0	0	0
N11	N11.HOG0011931	1	0	0	0	0	0	0	1	1	1	1	1	0	0	1
N11	N11.HOG0011932	1	0	0	0	0	0	1	0	0	0	0	0	1	1	1
N11	N11.HOG0011933	1	0	0	0	0	0	1	0	0	0	0	0	1	1	1
N11	N11.HOG0011934	1	0	0	0	0	0	1	0	0	0	0	0	1	1	1
N11	N11.HOG0011935	2	1	1	0	1	1	1	1	1	1	1	1	1	1	1
N11	N11.HOG0011936	0	1	1	0	1	1	0	0	0	0	0	0	0	0	0
N11	N11.HOG0011937	0	0	0	0	1	0	1	0	1	1	1	1	1	0	1
N11	N11.HOG0011938	0	1	0	1	1	0	0	1	0	1	0	1	0	0	0
N11	N11.HOG0011939	0	1	1	1	1	1	1	1	1	1	1	1	1	1	0
N11	N11.HOG0011940	0	1	0	0	1	0	0	0	0	0	0	0	0	0	0
N11	N11.HOG0011941	0	1	0	0	0	0	1	1	1	0	0	0	1	1	0
N11	N11.HOG0011942	0	17	1	0	6	0	0	0	0	0	0	0	0	0	0
N11	N11.HOG0011943	1	1	1	1	1	1	1	1	1	1	1	1	1	1	1
N11	N11.HOG0011944	0	21	0	0	2	0	0	0	0	0	0	0	0	0	0
N11	N11.HOG0011945	0	0	0	0	1	0	0	1	1	0	0	0	0	0	0
N11	N11.HOG0011946	0	0	0	0	1	0	1	0	0	0	0	0	0	0	0
N11	N11.HOG0011947	0	1	0	0	0	0	0	0	0	0	0	0	0	0	0
N11	N11.HOG0011948	0	1	0	0	2	0	0	0	0	0	0	0	0	0	0
N11	N11.HOG0011949	0	1	0	0	1	0	0	0	0	0	0	0	0	0	0
N11	N11.HOG0011950	1	1	1	1	1	0	1	1	1	2	2	1	1	1	0
N11	N11.HOG0011951	0	0	0	0	1	0	0	0	0	0	0	0	0	1	0
N11	N11.HOG0011952	0	1	0	0	1	0	1	1	1	1	0	0	0	0	0
N11	N11.HOG0011953	0	0	0	0	0	0	0	0	0	0	0	0	0	0	1
N11	N11.HOG0011955	1	0	0	0	2	0	0	0	0	0	0	0	0	0	0
N11	N11.HOG0011956	0	0	0	0	1	0	0	0	0	0	0	0	0	0	0
N11	N11.HOG0011957	0	0	0	0	0	0	1	0	1	0	0	0	0	0	0
N11	N11.HOG0011958	1	2	2	1	1	1	1	1	1	1	1	2	1	1	1
N11	N11.HOG0011959	0	1	1	1	1	1	1	1	1	1	1	1	0	0	0
N11	N11.HOG0011960	1	1	1	1	1	1	1	1	1	1	1	1	1	1	1
N11	N11.HOG0011961	1	1	1	1	1	1	1	1	1	1	1	1	1	1	1
N11	N11.HOG0011962	1	0	0	0	0	0	0	0	0	0	0	0	1	0	0
N11	N11.HOG0011963	0	0	0	0	0	0	1	0	0	0	0	0	1	1	1
N11	N11.HOG0011964	0	16	0	0	5	1	0	0	0	0	0	0	0	0	0
N11	N11.HOG0011965	0	0	0	0	0	0	0	0	0	0	0	1	0	0	0
N11	N11.HOG0011966	1	1	1	1	2	1	1	1	1	1	1	1	1	1	1
N11	N11.HOG0011967	0	0	1	0	1	0	0	0	0	0	0	0	0	0	0
N11	N11.HOG0011968	1	0	1	1	1	1	1	0	0	0	1	0	1	1	1
N11	N11.HOG0011969	1	1	1	1	1	1	1	1	1	1	1	1	1	1	1
N11	N11.HOG0011970	1	0	0	0	0	0	0	0	0	0	0	0	0	0	0
N11	N11.HOG0011971	1	0	0	0	0	0	0	0	0	0	0	0	0	0	0
N11	N11.HOG0011972	0	0	0	0	0	0	0	0	0	0	0	0	1	0	1
N11	N11.HOG0011973	0	0	0	0	0	0	1	1	1	0	1	0	0	0	0
N11	N11.HOG0011974	0	0	0	0	1	0	0	0	0	1	0	0	0	0	0
N11	N11.HOG0011975	0	0	1	1	0	1	0	0	0	0	0	1	1	0	0
N11	N11.HOG0011976	0	0	0	1	2	0	0	1	1	1	0	0	0	0	0
N11	N11.HOG0011977	0	1	0	1	0	1	0	0	0	1	1	1	0	0	0
N11	N11.HOG0011978	0	0	0	0	0	0	0	1	0	0	0	0	0	0	0
N11	N11.HOG0011979	0	1	0	0	1	0	1	1	1	1	1	1	0	0	1
N11	N11.HOG0011980	0	1	0	0	1	0	0	0	0	0	0	0	0	0	0
N11	N11.HOG0011981	0	1	1	0	1	1	0	0	0	1	0	1	0	1	0
N11	N11.HOG0011982	1	2	1	1	1	1	1	1	1	1	1	1	1	1	1
N11	N11.HOG0011983	1	0	0	1	1	1	0	1	1	1	1	1	0	0	0
N11	N11.HOG0011984	0	1	0	0	0	0	0	0	0	0	0	0	1	1	0
N11	N11.HOG0011985	1	0	0	0	1	0	0	0	0	0	0	0	0	0	0
N11	N11.HOG0011986	0	0	0	0	1	0	1	0	0	0	0	0	0	0	0
N11	N11.HOG0011988	1	0	0	0	0	0	0	0	0	0	0	0	0	0	0
N11	N11.HOG0011989	1	0	0	0	0	0	0	0	0	0	0	0	0	0	0
N11	N11.HOG0011990	0	1	0	0	1	0	0	0	0	0	0	0	0	0	0
N11	N11.HOG0011991	0	0	0	0	0	0	1	0	0	0	0	0	0	1	1
N11	N11.HOG0011992	0	0	0	0	1	0	1	0	0	0	0	0	1	0	0
N11	N11.HOG0011993	0	3	0	0	2	0	0	0	0	0	0	0	0	0	0
N11	N11.HOG0011994	0	1	0	0	1	1	1	0	0	0	1	0	0	0	1
N11	N11.HOG0011995	0	1	1	1	1	0	0	0	0	0	1	0	0	0	0
N11	N11.HOG0011996	0	1	0	0	1	0	1	0	0	0	0	0	0	0	1
N11	N11.HOG0011998	0	0	0	1	1	0	0	0	0	0	0	0	0	0	0
N11	N11.HOG0011999	0	2	0	0	0	0	0	0	0	0	0	0	0	0	0
N11	N11.HOG0012000	2	1	1	1	1	2	1	1	1	1	1	1	1	1	1
N11	N11.HOG0012001	0	1	1	1	1	1	1	0	1	1	1	0	1	1	0
N11	N11.HOG0012002	0	0	1	0	0	1	0	1	1	1	1	1	0	0	0
N11	N11.HOG0012003	1	0	1	0	1	0	0	1	1	0	0	0	0	0	0
N11	N11.HOG0012004	0	0	0	0	0	0	1	0	0	0	0	0	1	1	0
N11	N11.HOG0012005	0	0	0	0	0	0	0	0	0	0	1	0	1	1	2
N11	N11.HOG0012006	0	1	1	0	1	0	1	0	1	0	0	0	0	0	0
N11	N11.HOG0012007	0	1	0	1	1	0	0	0	0	0	0	0	0	0	0
N11	N11.HOG0012008	0	1	0	0	0	0	1	1	0	0	0	1	0	0	0
N11	N11.HOG0012009	0	0	0	0	0	0	1	0	0	0	0	0	0	0	0
N11	N11.HOG0012010	0	1	0	0	1	0	1	1	1	0	0	0	0	0	0
N11	N11.HOG0012011	0	0	0	0	1	0	1	1	1	0	0	0	0	0	0
N11	N11.HOG0012012	0	1	0	0	0	0	1	1	1	0	0	0	0	0	0
N11	N11.HOG0012013	0	0	0	0	0	0	1	1	1	0	0	0	0	0	0
N11	N11.HOG0012014	0	1	0	0	1	0	1	0	0	0	0	0	0	0	0
N11	N11.HOG0012015	0	1	0	0	0	0	0	0	0	0	1	0	0	0	0
N11	N11.HOG0012016	0	0	0	0	0	1	0	0	0	0	0	0	0	0	0
N11	N11.HOG0012017	0	4	0	0	0	0	0	0	0	0	0	0	0	0	0
N11	N11.HOG0012018	0	1	0	0	1	0	0	0	0	0	0	0	0	1	0
N11	N11.HOG0012019	0	8	0	0	0	0	0	0	0	0	0	0	0	0	0
N11	N11.HOG0012020	1	0	0	0	0	0	1	0	0	0	0	0	1	1	1
N11	N11.HOG0012021	1	1	0	1	1	1	1	1	1	1	1	1	1	1	1
N11	N11.HOG0012022	0	0	0	0	0	0	1	0	0	0	0	0	1	1	3
N11	N11.HOG0012023	0	0	0	0	1	0	0	0	0	0	0	0	0	0	0
N11	N11.HOG0012024	0	1	0	0	1	0	0	0	0	0	0	0	0	0	0
N11	N11.HOG0012025	0	0	0	0	0	0	0	0	1	1	1	1	0	0	0
N11	N11.HOG0012026	0	1	1	0	1	0	1	1	1	0	0	0	0	0	0
N11	N11.HOG0012027	0	1	0	0	1	0	0	0	0	0	0	0	0	0	0
N11	N11.HOG0012028	0	2	0	0	0	0	0	0	0	0	0	0	0	0	0
N11	N11.HOG0012029	0	0	1	0	1	0	1	1	1	0	0	0	0	0	0
N11	N11.HOG0012030	0	0	0	0	0	0	1	0	0	0	0	0	0	0	0
N11	N11.HOG0012031	0	0	1	0	0	0	0	0	0	0	0	0	0	0	0
N11	N11.HOG0012032	0	1	1	1	1	1	1	1	1	1	1	1	1	1	1
N11	N11.HOG0012033	0	0	0	0	0	0	0	0	0	0	0	0	1	0	0
N11	N11.HOG0012034	0	3	3	5	2	0	0	0	0	0	0	0	0	0	0
N11	N11.HOG0012035	0	18	0	0	0	0	0	0	0	0	0	0	0	0	0
N11	N11.HOG0012036	0	9	0	0	1	0	0	0	0	0	0	0	0	0	0
N11	N11.HOG0012037	0	0	0	1	0	0	0	0	0	0	0	0	0	0	0
N11	N11.HOG0012038	0	0	0	0	1	0	0	0	0	0	0	0	0	0	0
N11	N11.HOG0012039	0	2	0	0	1	0	0	0	0	0	0	0	0	0	0
N11	N11.HOG0012040	0	0	0	0	2	0	0	0	0	0	0	0	0	0	0
N11	N11.HOG0012041	1	1	0	0	1	0	0	1	1	1	1	1	1	1	1
N11	N11.HOG0012042	2	0	0	0	0	0	1	0	0	0	0	0	1	1	1
N11	N11.HOG0012043	1	1	1	1	0	1	1	1	1	1	1	1	1	1	1
N11	N11.HOG0012044	1	1	1	0	1	1	1	1	0	1	1	0	1	1	1
N11	N11.HOG0012045	1	1	0	1	1	1	1	1	1	1	1	1	1	1	1
N11	N11.HOG0012046	0	1	0	0	1	0	1	0	0	0	0	0	0	0	0
N11	N11.HOG0012047	0	0	0	0	0	0	1	1	0	0	1	0	1	1	0
N11	N11.HOG0012048	0	2	0	0	0	0	1	1	0	0	0	0	0	0	0
N11	N11.HOG0012049	0	0	0	0	0	0	1	0	0	0	0	0	0	0	1
N11	N11.HOG0012050	0	6	0	0	0	0	1	0	0	0	0	0	0	0	0
N11	N11.HOG0012051	0	0	0	1	1	1	0	1	1	1	1	1	1	0	0
N11	N11.HOG0012052	0	2	0	0	0	0	1	0	0	0	0	0	1	1	0
N11	N11.HOG0012053	0	0	0	0	0	0	1	0	0	0	0	0	0	0	0
N11	N11.HOG0012054	0	1	1	1	0	1	1	2	1	1	1	1	0	0	0
N11	N11.HOG0012055	0	0	0	0	1	0	1	2	2	2	1	0	0	0	0
N11	N11.HOG0012056	0	13	0	0	4	0	0	0	0	0	0	0	0	0	0
N11	N11.HOG0012057	0	1	0	0	4	0	0	0	0	0	0	0	0	0	0
N11	N11.HOG0012058	1	1	1	1	1	1	1	1	1	1	1	1	1	1	1
N11	N11.HOG0012059	1	1	1	1	1	1	1	1	1	1	1	1	1	1	1
N11	N11.HOG0012060	1	1	1	1	1	1	1	1	1	1	1	1	1	1	1
N11	N11.HOG0012061	0	1	1	1	1	1	1	0	0	0	0	0	1	1	1
N11	N11.HOG0012062	0	2	0	0	0	0	0	0	0	1	1	0	0	0	0
N11	N11.HOG0012063	0	0	1	0	0	1	0	0	0	0	0	1	0	0	0
N11	N11.HOG0012064	0	1	0	0	0	0	0	1	1	0	0	0	0	0	0
N11	N11.HOG0012065	1	0	0	0	1	0	0	0	0	1	1	0	0	0	0
N11	N11.HOG0012066	1	2	1	1	1	1	1	1	1	1	1	1	1	2	0
N11	N11.HOG0012067	1	1	1	1	1	1	1	1	1	1	1	1	1	1	1
N11	N11.HOG0012068	1	1	1	1	1	1	1	1	1	1	1	1	1	1	1
N11	N11.HOG0012069	2	1	1	1	1	1	1	1	1	1	1	1	1	1	1
N11	N11.HOG0012070	0	1	0	0	1	0	0	0	0	1	0	0	1	0	0
N11	N11.HOG0012071	0	1	0	0	1	0	0	0	0	0	0	0	1	0	0
N11	N11.HOG0012072	0	3	0	0	3	0	0	0	0	0	0	0	1	1	0
N11	N11.HOG0012073	0	0	0	0	1	0	0	0	0	0	0	0	0	0	0
N11	N11.HOG0012074	0	0	0	0	1	0	0	0	0	0	0	0	0	0	0
N11	N11.HOG0012075	0	1	0	1	1	0	0	1	1	1	0	1	0	0	0
N11	N11.HOG0012076	0	0	0	0	0	0	0	0	0	0	1	0	1	1	0
N11	N11.HOG0012077	0	1	1	1	1	1	1	1	1	1	1	1	0	1	0
N11	N11.HOG0012078	0	0	0	0	0	0	0	0	0	0	1	0	0	0	0
N11	N11.HOG0012079	0	3	0	0	0	0	0	0	0	0	0	0	0	0	0
N11	N11.HOG0012080	0	7	0	0	8	0	0	0	0	0	0	0	0	0	0
N11	N11.HOG0012081	0	1	1	1	1	0	1	1	1	1	1	1	1	1	0
N11	N11.HOG0012082	0	16	0	0	0	0	0	0	0	0	0	0	0	0	0
N11	N11.HOG0012083	0	14	0	0	1	0	0	0	0	0	0	0	0	0	0
N11	N11.HOG0012084	0	16	0	0	0	0	0	0	0	0	0	0	0	0	0
N11	N11.HOG0012085	0	2	0	0	1	1	0	0	0	0	0	0	0	0	0
N11	N11.HOG0012086	2	1	1	1	0	1	1	1	1	1	1	1	1	1	1
N11	N11.HOG0012087	1	1	1	1	1	1	1	1	1	1	1	1	1	1	1
N11	N11.HOG0012088	1	1	1	1	1	1	1	1	1	1	1	1	1	1	1
N11	N11.HOG0012089	0	2	1	1	1	1	1	1	1	1	1	1	1	1	1
N11	N11.HOG0012090	1	1	0	0	1	0	1	0	1	0	0	0	1	1	0
N11	N11.HOG0012091	0	1	0	0	1	0	0	0	0	0	0	0	0	0	1
N11	N11.HOG0012092	0	1	0	0	1	0	0	1	1	0	0	0	0	0	0
N11	N11.HOG0012093	0	0	0	0	0	0	0	1	0	0	1	0	1	0	0
N11	N11.HOG0012094	0	0	0	0	0	0	0	0	0	0	0	0	1	0	1
N11	N11.HOG0012095	0	1	1	0	0	0	1	0	0	0	0	0	1	1	1
N11	N11.HOG0012096	0	1	1	1	1	1	1	0	0	0	0	0	1	1	1
N11	N11.HOG0012097	0	1	0	0	1	0	0	0	0	0	0	0	0	1	0
N11	N11.HOG0012098	0	1	0	0	1	0	0	0	0	0	0	0	0	0	0
N11	N11.HOG0012099	0	1	0	1	1	1	0	0	0	0	0	0	0	0	0
N11	N11.HOG0012100	0	0	0	0	0	0	0	0	0	0	0	0	1	0	0
N11	N11.HOG0012101	0	1	0	0	1	0	0	0	0	0	0	0	0	0	0
N11	N11.HOG0012102	0	1	0	0	1	0	1	0	0	0	1	0	0	0	0
N11	N11.HOG0012103	0	1	0	0	1	0	1	0	0	0	0	0	0	0	1
N11	N11.HOG0012104	0	1	0	0	1	0	1	0	0	0	0	0	1	1	0
N11	N11.HOG0012105	0	1	1	1	3	1	1	1	1	0	0	0	1	1	0
N11	N11.HOG0012106	0	1	1	1	1	1	1	1	1	1	1	1	0	1	0
N11	N11.HOG0012108	0	15	0	0	0	0	0	0	0	0	0	0	0	0	0
N11	N11.HOG0012109	0	0	0	0	0	0	14	1	0	0	0	0	0	0	0
N11	N11.HOG0012110	0	1	0	0	0	0	0	0	0	0	0	0	0	0	0
N11	N11.HOG0012111	0	0	0	1	0	0	0	0	0	0	0	0	0	0	0
N11	N11.HOG0012112	0	0	0	1	0	0	0	0	0	0	0	0	0	0	0
N11	N11.HOG0012113	0	2	0	0	1	0	1	0	0	0	0	0	0	0	0
N11	N11.HOG0012114	1	1	1	1	0	1	1	1	1	1	1	1	1	1	1
N11	N11.HOG0012115	1	1	1	1	1	1	1	1	1	1	1	1	1	1	0
N11	N11.HOG0012116	1	0	0	0	0	0	1	1	1	1	1	1	0	2	1
N11	N11.HOG0012117	1	1	1	0	1	1	1	1	1	0	1	0	1	1	1
N11	N11.HOG0012118	1	0	0	0	0	0	0	0	0	0	0	0	0	0	0
N11	N11.HOG0012119	0	0	0	0	0	0	1	0	0	0	0	0	1	0	0
N11	N11.HOG0012120	0	1	0	0	1	0	0	0	0	0	0	0	0	0	0
N11	N11.HOG0012121	0	1	1	0	1	1	1	0	0	0	0	0	1	0	0
N11	N11.HOG0012122	0	1	0	1	1	0	0	0	0	0	0	0	0	0	0
N11	N11.HOG0012123	0	0	0	0	1	0	0	0	0	0	0	0	0	0	0
N11	N11.HOG0012124	0	1	1	0	2	0	1	0	0	0	0	0	0	0	0
N11	N11.HOG0012125	0	1	0	0	0	0	0	0	0	0	0	0	0	0	0
N11	N11.HOG0012126	0	1	1	1	1	1	1	1	1	1	1	1	1	1	1
N11	N11.HOG0012127	0	14	0	0	0	0	0	0	0	0	0	0	0	0	0
N11	N11.HOG0012128	0	0	0	14	0	0	0	0	0	0	0	0	0	0	0
N11	N11.HOG0012130	1	0	1	1	0	1	0	1	1	1	1	1	1	1	1
N11	N11.HOG0012131	0	0	1	1	1	1	0	0	0	0	0	0	0	0	0
N11	N11.HOG0012132	1	1	1	1	0	1	1	1	1	1	1	1	0	1	1
N11	N11.HOG0012134	1	0	1	1	1	1	1	1	1	1	1	0	1	1	1
N11	N11.HOG0012135	1	0	0	0	0	0	0	0	0	0	0	0	0	0	0
N11	N11.HOG0012136	1	1	1	1	0	1	1	1	0	1	1	1	1	1	1
N11	N11.HOG0012137	1	0	0	0	0	0	0	0	0	0	0	0	0	0	0
N11	N11.HOG0012138	1	0	0	0	0	0	0	0	0	0	0	0	1	0	0
N11	N11.HOG0012139	1	1	0	0	1	0	0	1	1	1	1	1	1	1	1
N11	N11.HOG0012140	1	1	0	1	0	1	1	1	1	1	1	1	2	1	0
N11	N11.HOG0012141	1	1	1	0	1	1	1	1	1	1	1	1	1	1	0
N11	N11.HOG0012142	1	1	1	1	1	1	1	1	1	1	1	0	1	1	0
N11	N11.HOG0012143	0	0	0	0	0	0	0	0	0	0	0	0	0	0	1
N11	N11.HOG0012144	0	0	0	0	0	0	1	0	0	0	0	0	0	0	0
N11	N11.HOG0012145	0	0	0	0	1	0	1	0	0	0	0	0	0	0	0
N11	N11.HOG0012146	0	5	0	0	1	0	0	0	0	0	0	0	0	0	0
N11	N11.HOG0012147	0	1	0	0	0	0	1	0	0	0	1	0	0	0	0
N11	N11.HOG0012148	0	2	0	0	1	0	0	0	0	0	0	0	0	0	0
N11	N11.HOG0012149	0	1	0	0	1	0	0	0	0	0	0	0	0	0	0
N11	N11.HOG0012150	0	0	0	0	1	0	0	0	0	0	0	0	1	1	0
N11	N11.HOG0012151	0	1	0	0	1	0	0	0	0	0	0	0	0	0	0
N11	N11.HOG0012152	0	0	0	0	0	0	0	1	1	1	1	1	0	0	0
N11	N11.HOG0012153	0	1	1	1	1	1	1	1	1	1	0	0	0	0	0
N11	N11.HOG0012154	0	1	0	0	1	1	0	0	0	0	0	0	0	0	0
N11	N11.HOG0012157	0	7	0	0	1	0	0	0	0	0	0	0	0	0	0
N11	N11.HOG0012158	0	13	0	0	0	0	0	0	0	0	0	0	0	0	0
N11	N11.HOG0012159	0	1	0	0	0	0	1	0	0	0	0	0	0	0	0
N11	N11.HOG0012160	0	1	0	0	4	0	0	0	0	0	0	0	0	0	0
N11	N11.HOG0012161	0	0	1	1	1	1	0	0	0	0	0	0	0	0	0
N11	N11.HOG0012162	0	1	1	0	1	1	0	1	1	1	1	1	0	1	1
N11	N11.HOG0012163	0	0	0	0	0	0	0	0	0	0	0	0	1	0	0
N11	N11.HOG0012164	1	0	0	0	1	0	0	0	0	0	0	0	0	0	0
N11	N11.HOG0012165	1	0	0	0	0	0	1	0	0	0	0	0	0	0	1
N11	N11.HOG0012166	0	1	0	0	1	0	0	0	0	0	0	0	0	0	0
N11	N11.HOG0012167	0	0	0	0	3	1	0	0	0	0	0	0	0	0	0
N11	N11.HOG0012168	0	1	0	0	1	0	0	0	0	0	0	0	0	0	0
N11	N11.HOG0012169	0	0	0	0	0	0	0	0	0	0	0	0	1	0	0
N11	N11.HOG0012170	0	2	0	0	1	0	1	1	1	0	0	1	0	0	0
N11	N11.HOG0012171	0	0	0	0	1	1	0	0	0	0	0	0	0	0	1
N11	N11.HOG0012172	0	0	0	0	0	0	0	0	0	1	0	1	0	0	0
N11	N11.HOG0012173	0	0	0	0	1	0	0	1	1	1	1	0	0	0	0
N11	N11.HOG0012174	0	1	0	0	1	0	0	0	0	0	0	0	0	0	0
N11	N11.HOG0012175	0	0	0	0	1	0	0	0	0	0	0	0	0	0	0
N11	N11.HOG0012176	0	1	0	0	1	0	0	0	0	0	1	0	0	0	0
N11	N11.HOG0012177	0	2	1	0	1	0	0	0	0	0	0	0	1	1	0
N11	N11.HOG0012178	0	0	1	0	1	1	0	1	1	0	1	1	0	0	0
N11	N11.HOG0012179	0	1	1	0	1	1	1	1	1	1	1	1	1	1	0
N11	N11.HOG0012180	0	1	1	0	1	0	1	1	1	1	1	1	1	1	1
N11	N11.HOG0012181	0	0	3	0	0	0	0	0	0	0	0	0	0	0	0
N11	N11.HOG0012182	0	0	0	0	10	0	0	0	0	0	0	0	0	0	0
N11	N11.HOG0012183	0	0	0	0	1	0	0	0	0	0	0	0	0	0	0
N11	N11.HOG0012184	0	0	0	1	1	0	0	0	0	0	0	0	0	0	0
N11	N11.HOG0012185	0	1	0	0	0	0	0	0	0	0	0	0	0	0	0
N11	N11.HOG0012186	0	0	0	0	0	0	0	0	0	0	0	0	1	0	0
N11	N11.HOG0012187	0	1	1	0	0	0	0	0	0	0	0	1	0	0	0
N11	N11.HOG0012188	1	1	0	0	1	0	1	1	1	1	1	1	1	1	0
N11	N11.HOG0012189	1	2	0	0	1	0	1	1	1	0	0	0	1	1	0
N11	N11.HOG0012190	0	1	0	0	0	0	0	0	0	0	0	0	1	1	0
N11	N11.HOG0012191	0	0	0	0	1	0	1	0	0	0	0	0	0	1	0
N11	N11.HOG0012192	0	0	0	0	0	0	0	1	0	1	1	1	0	0	0
N11	N11.HOG0012193	0	1	0	0	1	0	0	0	1	0	0	0	0	0	0
N11	N11.HOG0012194	0	1	0	0	1	0	2	1	1	0	0	0	0	0	0
N11	N11.HOG0012195	0	0	0	0	0	0	1	0	0	0	0	0	1	1	1
N11	N11.HOG0012196	0	0	0	0	0	0	1	0	0	0	0	0	0	0	0
N11	N11.HOG0012197	0	0	0	0	0	0	0	0	0	0	1	1	0	0	0
N11	N11.HOG0012198	0	1	0	0	1	0	1	0	0	0	0	0	0	0	0
N11	N11.HOG0012199	0	1	0	0	2	0	1	0	0	0	0	1	0	0	0
N11	N11.HOG0012200	0	0	0	1	0	0	0	0	0	0	0	0	0	0	0
N11	N11.HOG0012201	0	1	1	1	1	1	1	0	1	0	0	1	1	1	1
N11	N11.HOG0012202	0	1	1	1	1	1	1	0	0	1	1	0	1	1	1
N11	N11.HOG0012203	0	1	1	1	1	0	1	1	1	1	1	1	0	1	0
N11	N11.HOG0012204	0	3	0	0	1	0	1	1	1	1	0	1	0	1	1
N11	N11.HOG0012205	0	2	1	0	3	0	0	0	0	1	1	1	0	2	0
N11	N11.HOG0012206	0	2	0	0	1	0	0	0	0	0	0	0	0	0	0
N11	N11.HOG0012207	0	3	0	0	1	0	0	0	0	0	0	0	0	0	0
N11	N11.HOG0012208	0	0	0	0	0	0	1	0	0	0	0	0	0	0	0
N11	N11.HOG0012209	0	0	0	0	0	0	1	0	0	0	0	0	0	0	0
N11	N11.HOG0012210	1	0	0	0	0	0	1	0	0	0	0	0	1	1	1
N11	N11.HOG0012211	1	1	0	1	1	0	0	1	1	1	1	1	0	1	0
N11	N11.HOG0012212	1	1	0	0	0	0	0	0	0	0	0	0	0	1	0
N11	N11.HOG0012213	0	0	0	0	0	0	0	0	0	0	0	0	1	0	0
N11	N11.HOG0012214	0	0	0	0	0	0	0	0	0	0	0	0	1	1	0
N11	N11.HOG0012215	0	0	0	0	0	0	0	0	0	0	1	0	0	0	0
N11	N11.HOG0012216	0	2	0	0	0	0	1	0	0	0	0	1	0	1	0
N11	N11.HOG0012217	0	0	0	0	0	0	1	0	0	1	1	1	1	1	1
N11	N11.HOG0012218	0	0	0	0	1	0	1	0	0	0	0	0	0	0	0
N11	N11.HOG0012219	0	1	0	0	1	0	0	0	0	0	0	0	0	1	0
N11	N11.HOG0012220	0	0	0	0	0	0	1	0	0	0	0	0	1	0	0
N11	N11.HOG0012221	0	0	0	0	0	0	1	0	0	0	0	0	0	0	0
N11	N11.HOG0012222	0	0	0	0	2	0	0	1	1	0	1	0	0	0	0
N11	N11.HOG0012223	0	0	0	0	1	0	1	0	0	0	0	0	0	0	0
N11	N11.HOG0012224	0	1	0	0	1	0	1	1	1	1	1	1	1	1	0
N11	N11.HOG0012225	0	2	1	0	1	0	1	1	1	0	0	0	1	0	0
N11	N11.HOG0012226	0	1	0	0	1	0	1	1	1	1	1	1	2	0	0
N11	N11.HOG0012228	0	0	0	0	1	0	0	0	0	0	0	0	0	0	0
N11	N11.HOG0012229	0	0	0	0	1	0	0	0	0	0	0	0	0	0	0
N11	N11.HOG0012230	0	10	0	0	0	0	0	0	0	0	0	0	0	0	0
N11	N11.HOG0012231	0	7	0	0	3	0	0	0	0	0	0	0	0	0	0
N11	N11.HOG0012232	0	5	0	0	5	0	0	0	0	0	0	0	0	0	0
N11	N11.HOG0012233	0	0	0	0	9	1	0	0	0	0	0	0	0	0	0
N11	N11.HOG0012234	0	0	10	0	0	0	0	0	0	0	0	0	0	0	0
N11	N11.HOG0012235	0	0	0	1	0	0	0	0	0	0	0	0	0	0	0
N11	N11.HOG0012236	0	3	0	0	0	0	0	0	0	0	0	0	0	0	0
N11	N11.HOG0012237	1	4	0	0	0	0	0	0	0	0	0	0	0	0	0
N11	N11.HOG0012238	0	0	0	0	0	0	0	0	0	0	0	0	0	1	1
N11	N11.HOG0012239	1	0	0	0	0	0	0	0	0	0	0	0	0	0	1
N11	N11.HOG0012240	0	1	0	0	1	0	0	0	1	0	0	0	1	0	0
N11	N11.HOG0012241	1	0	0	0	1	0	1	0	0	0	0	0	1	1	1
N11	N11.HOG0012242	0	1	0	0	0	0	1	0	0	0	0	0	0	0	0
N11	N11.HOG0012243	0	0	0	0	0	1	0	0	0	0	0	0	0	0	0
N11	N11.HOG0012244	1	0	0	0	0	0	0	0	0	0	0	0	0	0	0
N11	N11.HOG0012245	1	0	0	0	0	0	0	0	0	0	0	0	0	0	0
N11	N11.HOG0012246	1	1	0	0	0	0	0	0	0	0	0	0	1	0	0
N11	N11.HOG0012247	0	1	0	0	1	0	1	0	0	0	0	0	0	0	0
N11	N11.HOG0012248	0	0	0	0	0	0	0	0	0	0	0	0	1	0	1
N11	N11.HOG0012249	0	0	0	0	0	0	1	0	0	0	0	0	0	1	0
N11	N11.HOG0012250	0	0	0	0	1	0	0	0	0	0	0	0	0	0	0
N11	N11.HOG0012251	0	1	0	1	0	0	1	1	1	0	0	1	0	0	0
N11	N11.HOG0012252	0	0	0	0	0	0	1	0	0	0	0	0	0	1	0
N11	N11.HOG0012253	0	0	0	0	1	0	0	0	0	0	0	0	0	0	0
N11	N11.HOG0012255	0	0	0	0	1	0	1	0	0	0	0	0	1	0	1
N11	N11.HOG0012256	0	2	0	0	0	0	0	0	0	0	0	0	0	0	0
N11	N11.HOG0012257	0	4	0	0	0	0	0	0	0	0	0	0	1	1	0
N11	N11.HOG0012258	0	0	0	0	0	0	1	1	1	1	1	1	1	1	1
N11	N11.HOG0012259	0	0	0	0	0	0	1	1	1	1	1	1	1	1	1
N11	N11.HOG0012260	0	0	0	0	0	0	1	1	1	1	1	1	1	1	1
N11	N11.HOG0012261	0	1	1	0	1	1	0	0	0	1	1	0	0	0	0
N11	N11.HOG0012262	0	2	0	0	0	0	1	0	0	0	0	0	0	0	0
N11	N11.HOG0012263	0	8	0	0	1	0	0	0	0	0	0	0	0	0	0
N11	N11.HOG0012264	0	9	0	0	0	0	0	0	0	0	0	0	0	0	0
N11	N11.HOG0012265	0	1	0	0	1	0	0	0	0	0	0	0	0	0	0
N11	N11.HOG0012266	0	1	0	0	0	0	0	0	0	0	0	0	0	0	0
N11	N11.HOG0012267	0	0	0	0	1	0	0	0	0	0	0	0	0	0	0
N11	N11.HOG0012268	0	1	0	0	0	0	0	0	0	0	0	0	0	0	0
N11	N11.HOG0012269	1	0	0	0	0	0	0	0	0	0	0	0	0	0	0
N11	N11.HOG0012270	1	0	0	0	0	0	0	0	0	0	0	0	0	0	0
N11	N11.HOG0012271	1	0	0	0	0	0	1	1	1	0	0	0	1	1	1
N11	N11.HOG0012272	0	0	0	0	0	0	0	0	0	0	0	0	0	0	1
N11	N11.HOG0012273	0	1	0	0	1	0	0	0	0	0	0	0	0	0	0
N11	N11.HOG0012274	0	0	0	0	1	0	1	0	0	0	0	0	0	1	0
N11	N11.HOG0012275	0	0	0	0	1	0	0	0	0	0	0	0	0	0	1
N11	N11.HOG0012276	0	1	0	0	0	0	0	0	0	0	0	0	0	0	0
N11	N11.HOG0012277	0	0	0	0	0	0	1	0	0	0	0	0	1	1	1
N11	N11.HOG0012278	0	0	0	1	0	0	0	0	0	0	0	0	0	0	0
N11	N11.HOG0012279	0	0	0	0	0	0	0	1	1	1	1	0	0	0	1
N11	N11.HOG0012280	0	0	0	0	0	0	0	0	0	0	0	0	1	1	0
N11	N11.HOG0012281	0	0	0	0	0	0	0	0	0	0	1	0	0	0	0
N11	N11.HOG0012282	0	0	0	0	0	0	1	0	0	0	0	0	0	0	0
N11	N11.HOG0012283	0	0	0	0	0	0	1	0	0	0	0	0	0	0	0
N11	N11.HOG0012284	0	1	0	0	0	0	1	0	0	0	0	0	0	0	0
N11	N11.HOG0012285	0	0	0	0	0	0	1	0	0	0	0	0	0	1	1
N11	N11.HOG0012286	0	1	0	0	1	0	0	0	0	0	0	0	1	0	0
N11	N11.HOG0012287	0	2	0	0	1	0	0	0	0	0	0	0	0	0	0
N11	N11.HOG0012288	0	1	0	0	0	0	0	0	0	0	0	0	0	0	0
N11	N11.HOG0012289	0	1	0	0	0	0	0	0	0	0	0	0	0	0	0
N11	N11.HOG0012290	0	0	0	0	0	0	1	0	0	0	0	0	0	0	0
N11	N11.HOG0012291	0	0	0	0	1	0	1	0	0	0	0	0	0	0	0
N11	N11.HOG0012292	0	0	0	0	0	0	1	1	1	0	0	0	0	0	0
N11	N11.HOG0012293	0	0	0	0	0	0	0	0	0	0	0	0	0	1	1
N11	N11.HOG0012294	0	0	0	0	0	0	0	0	0	0	0	0	0	0	1
N11	N11.HOG0012295	0	1	0	0	0	0	0	0	0	0	0	0	0	0	0
N11	N11.HOG0012296	0	0	1	0	0	0	0	0	0	0	0	0	0	0	0
N11	N11.HOG0012297	0	1	1	0	1	0	0	1	1	1	0	0	1	1	0
N11	N11.HOG0012298	0	0	0	0	0	0	1	1	1	1	1	1	1	1	0
N11	N11.HOG0012299	0	0	0	0	0	0	0	0	0	0	0	0	8	0	0
N11	N11.HOG0012300	0	1	0	0	1	0	1	0	0	1	1	1	0	0	2
N11	N11.HOG0012301	0	1	1	0	1	0	1	1	1	0	0	0	0	0	0
N11	N11.HOG0012302	0	0	0	0	0	0	0	0	0	0	1	0	0	0	0
N11	N11.HOG0012303	0	1	0	0	0	0	0	0	0	0	0	0	0	0	0
N11	N11.HOG0012304	0	1	0	0	1	0	0	0	0	0	0	0	0	0	0
N11	N11.HOG0012305	0	4	0	0	1	0	0	0	0	0	0	0	0	0	0
N11	N11.HOG0012306	0	2	0	0	0	0	0	0	0	0	0	0	0	0	0
N11	N11.HOG0012307	0	1	0	0	1	1	0	1	1	1	1	1	0	0	0
N11	N11.HOG0012308	0	8	0	0	0	0	0	0	0	0	0	0	0	0	0
N11	N11.HOG0012309	0	8	0	0	0	0	0	0	0	0	0	0	0	0	0
N11	N11.HOG0012310	0	8	0	0	0	0	0	0	0	0	0	0	0	0	0
N11	N11.HOG0012311	0	1	0	2	2	1	0	0	0	0	0	0	0	0	0
N11	N11.HOG0012312	0	1	0	0	2	1	0	0	0	0	0	0	0	0	0
N11	N11.HOG0012313	0	0	0	0	2	0	0	0	0	1	0	0	0	0	0
N11	N11.HOG0012314	0	1	0	0	1	0	0	0	0	0	0	0	0	1	0
N11	N11.HOG0012315	0	0	0	0	2	0	0	0	0	0	0	0	0	0	0
N11	N11.HOG0012316	0	0	0	0	1	0	0	0	0	0	0	0	0	0	0
N11	N11.HOG0012317	0	0	0	0	1	0	0	0	0	0	0	0	0	0	0
N11	N11.HOG0012318	1	0	0	0	0	0	0	0	0	0	0	0	0	0	0
N11	N11.HOG0012319	1	1	0	0	0	1	0	0	0	0	0	0	0	0	0
N11	N11.HOG0012320	1	0	0	0	0	0	0	0	0	0	0	0	0	0	0
N11	N11.HOG0012321	1	0	0	0	0	0	0	0	0	0	0	0	0	0	0
N11	N11.HOG0012322	7	0	0	0	0	0	0	0	0	0	0	0	0	0	0
N11	N11.HOG0012323	0	0	0	0	0	0	2	0	0	0	0	0	0	0	0
N11	N11.HOG0012324	0	1	0	0	0	0	0	1	1	0	1	0	0	0	0
N11	N11.HOG0012325	0	0	0	0	1	0	0	0	0	0	0	0	0	1	0
N11	N11.HOG0012326	0	0	0	0	0	0	1	0	0	0	0	0	0	0	0
N11	N11.HOG0012327	0	1	0	0	0	0	0	0	0	0	0	1	0	0	0
N11	N11.HOG0012328	0	0	0	0	0	0	1	0	0	0	0	0	0	0	0
N11	N11.HOG0012329	0	0	0	0	1	0	0	0	0	0	0	0	0	0	0
N11	N11.HOG0012330	0	0	0	0	0	0	0	0	0	0	0	0	1	1	1
N11	N11.HOG0012331	0	2	0	0	1	0	0	0	0	0	0	1	0	0	0
N11	N11.HOG0012332	0	1	0	0	1	0	1	1	1	0	0	0	0	0	0
N11	N11.HOG0012333	0	0	0	0	1	0	0	0	0	0	0	0	0	0	0
N11	N11.HOG0012334	0	2	0	0	1	0	0	0	0	0	0	0	1	0	0
N11	N11.HOG0012335	0	0	0	0	1	0	0	0	0	0	0	0	0	0	0
N11	N11.HOG0012336	0	0	0	0	1	0	0	0	0	0	0	0	0	0	0
N11	N11.HOG0012337	0	0	0	0	0	0	0	0	0	0	0	0	0	1	0
N11	N11.HOG0012338	0	0	0	0	0	0	1	0	0	0	0	0	0	1	1
N11	N11.HOG0012339	0	0	0	0	0	0	0	0	0	0	0	0	1	0	1
N11	N11.HOG0012340	0	1	0	0	1	0	0	0	0	0	0	0	0	0	0
N11	N11.HOG0012341	0	1	0	0	0	0	0	0	0	0	0	0	0	0	0
N11	N11.HOG0012342	0	1	0	0	1	0	0	0	0	0	0	0	0	0	0
N11	N11.HOG0012343	0	2	0	0	4	0	0	0	0	0	0	0	0	0	0
N11	N11.HOG0012344	0	1	0	0	1	0	1	1	0	0	0	1	0	0	0
N11	N11.HOG0012345	0	1	0	0	0	0	1	0	0	0	0	0	1	0	1
N11	N11.HOG0012346	0	0	0	0	0	0	0	0	0	0	0	0	4	0	3
N11	N11.HOG0012347	0	2	0	0	2	1	0	0	0	0	0	0	0	0	0
N11	N11.HOG0012348	0	3	0	0	1	0	0	0	0	0	0	0	0	0	0
N11	N11.HOG0012349	0	4	0	0	2	0	1	0	0	0	0	0	0	0	0
N11	N11.HOG0012350	0	7	0	0	0	0	0	0	0	0	0	0	0	0	0
N11	N11.HOG0012351	0	1	0	0	1	0	1	1	1	1	0	1	0	0	0
N11	N11.HOG0012352	0	5	0	0	0	0	0	0	0	1	1	0	0	0	0
N11	N11.HOG0012353	0	0	0	7	0	0	0	0	0	0	0	0	0	0	0
N11	N11.HOG0012354	0	0	0	0	1	0	0	0	0	0	0	0	0	0	0
N11	N11.HOG0012355	0	1	0	0	0	0	0	0	0	0	0	0	0	0	0
N11	N11.HOG0012356	0	2	1	0	0	0	0	0	0	0	0	0	0	0	0
N11	N11.HOG0012357	0	0	0	0	0	0	0	0	0	0	0	0	0	0	1
N11	N11.HOG0012358	0	1	1	1	1	1	0	0	0	0	0	0	0	0	0
N11	N11.HOG0012359	1	0	0	0	0	0	0	0	0	0	0	0	0	0	0
N11	N11.HOG0012360	1	0	0	0	1	0	0	0	0	0	0	0	0	0	0
N11	N11.HOG0012361	1	0	0	0	0	0	1	1	0	1	0	1	1	0	0
N11	N11.HOG0012362	1	0	0	0	0	0	0	0	0	0	0	0	0	0	0
N11	N11.HOG0012363	1	1	0	0	0	0	1	0	0	0	0	0	1	1	1
N11	N11.HOG0012364	1	0	0	0	0	0	1	0	0	0	0	0	0	1	0
N11	N11.HOG0012365	1	1	0	0	0	0	0	0	0	0	0	0	0	0	0
N11	N11.HOG0012366	0	1	0	0	1	0	0	0	0	0	0	0	0	0	0
N11	N11.HOG0012367	0	0	0	0	0	0	1	0	0	0	0	0	0	0	0
N11	N11.HOG0012368	0	1	0	0	1	0	1	0	0	0	0	0	0	0	0
N11	N11.HOG0012369	0	0	0	0	0	0	0	0	0	0	0	0	0	0	1
N11	N11.HOG0012370	0	0	0	0	0	0	1	0	0	0	0	0	1	1	1
N11	N11.HOG0012371	0	1	0	0	1	0	1	0	0	0	1	1	0	0	0
N11	N11.HOG0012372	0	1	0	0	1	0	0	1	1	0	0	0	0	0	0
N11	N11.HOG0012373	0	2	0	0	1	0	0	0	0	0	0	0	0	0	0
N11	N11.HOG0012374	0	1	0	0	2	0	0	0	0	0	0	0	0	0	0
N11	N11.HOG0012375	0	0	0	0	0	0	0	0	0	0	0	0	0	0	1
N11	N11.HOG0012376	0	0	0	0	0	0	0	0	0	0	0	0	1	0	0
N11	N11.HOG0012377	0	0	0	0	0	0	1	0	0	0	0	0	0	0	0
N11	N11.HOG0012378	0	0	0	0	0	0	1	0	0	0	0	0	0	0	0
N11	N11.HOG0012379	0	0	0	0	0	0	0	0	0	0	0	0	0	1	0
N11	N11.HOG0012380	0	0	0	0	0	0	0	0	0	0	0	0	0	0	1
N11	N11.HOG0012381	0	0	0	0	0	0	0	0	0	0	0	0	1	1	0
N11	N11.HOG0012382	0	0	0	0	0	0	0	0	0	0	0	0	1	0	0
N11	N11.HOG0012383	0	1	0	0	1	0	1	0	0	0	0	0	0	0	0
N11	N11.HOG0012384	0	0	0	0	0	0	1	0	0	0	0	0	0	0	0
N11	N11.HOG0012385	0	0	0	0	0	0	0	0	0	0	0	0	1	1	0
N11	N11.HOG0012386	0	0	0	0	1	0	0	0	0	0	0	0	0	0	0
N11	N11.HOG0012387	0	0	0	0	0	0	1	0	0	0	0	0	0	0	0
N11	N11.HOG0012388	0	0	0	0	1	0	0	0	0	0	0	0	0	0	0
N11	N11.HOG0012389	0	1	0	0	1	1	0	0	0	0	0	1	1	0	1
N11	N11.HOG0012390	0	1	0	0	1	0	0	0	0	0	0	0	1	1	0
N11	N11.HOG0012391	0	0	0	0	1	0	1	0	0	0	1	0	1	1	1
N11	N11.HOG0012392	0	0	1	0	1	0	1	0	0	0	0	0	1	1	1
N11	N11.HOG0012393	0	1	0	1	1	1	0	0	0	0	0	0	0	1	1
N11	N11.HOG0012394	0	1	0	0	0	1	0	0	0	0	0	0	0	0	0
N11	N11.HOG0012395	0	1	0	0	1	0	0	0	0	0	0	0	0	0	0
N11	N11.HOG0012396	0	1	0	0	0	0	0	0	0	0	0	0	0	0	0
N11	N11.HOG0012397	0	2	0	0	0	0	0	0	0	0	0	0	0	0	0
N11	N11.HOG0012398	0	0	0	0	1	0	0	0	0	0	0	0	0	0	0
N11	N11.HOG0012399	0	1	0	0	1	0	0	1	1	0	1	1	0	0	0
N11	N11.HOG0012400	0	1	0	0	5	0	0	0	0	0	0	0	0	0	0
N11	N11.HOG0012401	0	2	1	0	2	1	0	0	0	0	0	0	0	0	0
N11	N11.HOG0012402	0	1	1	0	1	0	1	1	1	0	0	0	0	0	0
N11	N11.HOG0012403	0	1	0	0	0	0	0	0	0	0	0	0	0	0	0
N11	N11.HOG0012404	0	2	0	0	4	0	0	0	0	0	0	0	0	0	0
N11	N11.HOG0012405	0	2	0	0	4	0	0	0	0	0	0	0	0	0	0
N11	N11.HOG0012406	0	0	1	0	5	0	0	0	0	0	0	0	0	0	0
N11	N11.HOG0012407	0	0	0	0	6	0	0	0	0	0	0	0	0	0	0
N11	N11.HOG0012408	0	0	0	3	3	0	0	0	0	0	0	0	0	0	0
N11	N11.HOG0012409	0	0	0	0	6	0	0	0	0	0	0	0	0	0	0
N11	N11.HOG0012410	0	2	0	0	0	0	0	0	0	0	0	0	0	0	0
N11	N11.HOG0012411	0	0	2	1	1	1	0	0	0	0	0	0	0	0	0
N11	N11.HOG0012412	0	0	0	0	1	0	0	0	0	0	0	0	0	0	0
N11	N11.HOG0012413	1	4	0	0	0	0	0	0	0	0	0	0	0	0	0
N11	N11.HOG0012414	1	0	0	0	0	0	0	0	0	0	0	0	0	0	0
N11	N11.HOG0012415	1	0	0	0	0	0	0	0	0	0	0	0	0	0	0
N11	N11.HOG0012416	1	0	0	0	0	0	0	0	0	0	0	0	0	0	1
N11	N11.HOG0012417	0	1	0	0	1	0	0	0	0	0	0	0	0	0	0
N11	N11.HOG0012418	0	0	0	0	0	0	0	0	0	0	0	0	0	0	1
N11	N11.HOG0012419	0	1	0	0	0	0	0	0	0	0	0	0	0	0	0
N11	N11.HOG0012420	0	2	0	0	0	0	0	0	0	0	0	0	0	0	0
N11	N11.HOG0012421	0	2	0	0	0	0	0	0	0	0	0	0	0	0	0
N11	N11.HOG0012422	0	1	0	0	1	0	0	0	0	0	0	0	0	0	0
N11	N11.HOG0012423	0	0	1	0	0	0	0	0	0	0	0	0	0	0	0
N11	N11.HOG0012424	0	0	1	0	1	0	0	0	0	0	0	0	0	0	0
N11	N11.HOG0012425	0	0	0	0	0	0	1	0	0	0	0	0	0	0	0
N11	N11.HOG0012426	0	1	0	0	1	0	0	0	0	0	0	0	0	0	0
N11	N11.HOG0012427	0	0	0	0	0	0	0	0	0	0	0	0	0	1	0
N11	N11.HOG0012428	0	0	0	0	0	0	1	0	0	0	0	1	0	0	0
N11	N11.HOG0012429	0	0	0	0	0	0	1	0	0	0	0	0	0	0	0
N11	N11.HOG0012430	0	0	0	0	0	0	1	0	0	0	0	0	0	0	0
N11	N11.HOG0012431	0	0	0	0	0	0	0	0	0	0	0	0	0	1	0
N11	N11.HOG0012432	0	0	0	0	0	0	0	0	0	0	0	0	1	0	0
N11	N11.HOG0012433	0	0	0	0	0	0	1	1	1	0	0	0	1	0	0
N11	N11.HOG0012434	0	0	0	0	0	0	1	0	0	0	0	0	1	0	0
N11	N11.HOG0012435	0	1	0	0	1	0	1	0	0	0	0	0	0	0	0
N11	N11.HOG0012436	0	0	0	0	0	0	1	0	0	0	0	0	0	1	0
N11	N11.HOG0012437	0	0	0	0	0	0	0	0	0	1	1	1	1	1	0
N11	N11.HOG0012438	0	0	0	0	0	0	3	0	0	0	0	0	1	1	0
N11	N11.HOG0012439	0	0	0	0	0	0	0	0	0	0	0	0	5	0	0
N11	N11.HOG0012440	0	0	0	0	0	0	0	0	0	0	0	0	5	0	0
N11	N11.HOG0012441	0	0	0	0	0	0	1	0	0	1	1	1	1	0	0
N11	N11.HOG0012442	0	1	0	0	1	0	1	0	0	0	0	0	1	1	0
N11	N11.HOG0012443	0	1	0	0	0	0	0	0	0	0	0	0	1	0	0
N11	N11.HOG0012444	0	0	0	0	0	0	1	0	0	0	0	0	1	0	1
N11	N11.HOG0012445	0	0	0	0	1	0	0	0	0	0	0	0	1	1	1
N11	N11.HOG0012446	0	0	0	0	1	0	1	0	0	0	0	0	1	1	0
N11	N11.HOG0012447	0	0	0	0	0	0	0	0	0	1	0	0	2	2	0
N11	N11.HOG0012448	0	1	1	0	1	0	0	0	0	0	0	0	0	1	0
N11	N11.HOG0012449	0	1	0	1	1	0	1	0	0	0	0	0	0	1	0
N11	N11.HOG0012450	0	0	1	0	2	0	0	0	0	0	0	0	0	1	0
N11	N11.HOG0012451	0	1	0	0	1	0	0	0	0	0	1	1	0	1	0
N11	N11.HOG0012452	0	1	0	0	1	1	0	0	0	0	0	0	0	0	0
N11	N11.HOG0012453	0	1	0	0	0	0	0	0	0	0	0	0	0	0	0
N11	N11.HOG0012454	0	1	0	0	0	0	0	1	1	0	0	0	0	0	0
N11	N11.HOG0012455	0	1	0	0	1	0	0	0	0	0	0	0	0	0	0
N11	N11.HOG0012456	0	2	0	0	1	0	0	0	0	0	0	0	0	0	0
N11	N11.HOG0012457	0	1	0	0	0	0	0	0	0	0	0	0	0	0	0
N11	N11.HOG0012458	0	0	0	0	1	0	0	0	0	0	0	1	0	0	0
N11	N11.HOG0012459	0	0	0	0	1	0	0	0	0	0	0	0	0	0	0
N11	N11.HOG0012460	0	1	0	0	0	0	1	0	0	0	0	0	0	0	0
N11	N11.HOG0012461	0	1	0	0	1	0	0	0	0	0	0	0	0	0	0
N11	N11.HOG0012462	0	1	0	0	1	0	0	0	0	0	0	0	0	0	0
N11	N11.HOG0012463	0	2	0	0	1	0	0	0	0	0	0	0	0	0	0
N11	N11.HOG0012464	0	1	0	0	1	0	0	0	0	0	0	0	0	0	0
N11	N11.HOG0012465	0	3	0	0	2	0	0	0	0	0	0	0	0	0	0
N11	N11.HOG0012466	0	1	0	0	1	0	2	1	0	0	0	0	0	0	0
N11	N11.HOG0012467	0	4	0	0	0	0	0	0	0	0	0	0	0	0	0
N11	N11.HOG0012468	0	1	1	1	1	1	0	0	0	0	0	0	0	0	0
N11	N11.HOG0012469	0	2	0	0	3	0	0	0	0	0	0	0	0	0	0
N11	N11.HOG0012470	0	4	0	0	1	0	0	0	0	0	0	0	0	0	0
N11	N11.HOG0012471	0	1	1	1	1	0	0	0	0	0	1	0	0	0	0
N11	N11.HOG0012472	0	5	0	0	0	0	0	0	0	0	0	0	0	0	0
N11	N11.HOG0012473	0	3	0	0	1	0	0	0	0	0	0	0	0	0	0
N11	N11.HOG0012474	0	5	0	0	0	0	0	0	0	0	0	0	0	0	0
N11	N11.HOG0012475	0	5	0	0	0	0	0	0	0	0	0	0	0	0	0
N11	N11.HOG0012476	0	4	0	0	1	0	0	0	0	0	0	0	0	0	0
N11	N11.HOG0012477	0	1	0	0	0	0	0	0	0	0	0	0	0	0	0
N11	N11.HOG0012478	0	0	0	0	1	0	0	0	0	0	0	0	0	0	0
N11	N11.HOG0012479	1	0	0	0	0	0	0	0	0	0	0	0	0	0	1
N11	N11.HOG0012480	0	0	0	0	0	0	0	0	0	0	0	0	0	1	0
N11	N11.HOG0012481	1	0	0	0	0	0	0	0	0	0	0	0	0	0	0
N11	N11.HOG0012482	1	0	0	0	0	0	0	0	0	0	0	0	0	0	0
N11	N11.HOG0012483	1	0	0	0	0	0	1	0	0	0	0	0	1	0	1
N11	N11.HOG0012484	1	0	0	0	2	0	0	0	0	0	0	0	0	0	0
N11	N11.HOG0012485	1	0	0	0	0	0	1	0	0	0	0	0	0	0	0
N11	N11.HOG0012486	1	0	0	0	0	0	1	0	0	0	0	0	0	0	0
N11	N11.HOG0012487	1	0	0	0	0	0	1	0	0	0	0	0	1	1	0
N11	N11.HOG0012488	1	0	0	0	1	0	1	0	0	0	0	0	0	0	0
N11	N11.HOG0012489	1	0	0	0	0	0	1	0	0	0	0	0	0	1	1
N11	N11.HOG0012490	1	0	0	0	0	0	0	0	0	0	0	0	0	0	0
N11	N11.HOG0012491	1	0	0	0	0	0	1	1	1	0	0	0	0	0	0
N11	N11.HOG0012492	1	0	0	0	1	0	0	0	0	0	0	0	1	1	0
N11	N11.HOG0012493	0	0	0	0	0	0	0	0	0	0	0	0	1	1	0
N11	N11.HOG0012494	0	0	0	0	0	0	1	0	0	0	0	0	0	0	0
N11	N11.HOG0012495	0	1	0	0	1	0	0	0	0	0	0	0	0	0	0
N11	N11.HOG0012496	0	0	0	0	0	0	0	0	0	0	0	0	1	0	0
N11	N11.HOG0012497	0	0	0	0	0	0	1	0	0	0	0	0	0	0	0
N11	N11.HOG0012498	0	2	0	0	0	0	0	0	0	0	0	0	0	0	0
N11	N11.HOG0012499	0	0	0	0	0	0	1	0	0	0	0	0	0	0	0
N11	N11.HOG0012500	0	0	0	0	0	1	0	0	0	0	0	0	1	0	0
N11	N11.HOG0012501	0	0	0	0	0	0	0	0	0	0	0	0	0	1	0
N11	N11.HOG0012502	0	0	0	0	0	0	1	0	0	0	0	0	0	0	0
N11	N11.HOG0012503	0	1	0	0	0	0	0	0	0	0	0	0	0	0	0
N11	N11.HOG0012504	0	0	0	0	1	0	0	0	0	0	0	0	0	0	0
N11	N11.HOG0012505	0	0	0	0	0	0	0	0	0	0	0	0	1	0	0
N11	N11.HOG0012506	0	0	0	0	1	0	0	0	0	0	0	0	0	0	0
N11	N11.HOG0012507	0	1	0	0	1	0	1	0	0	0	0	0	0	0	0
N11	N11.HOG0012508	0	0	0	0	1	0	0	0	0	0	0	0	0	0	0
N11	N11.HOG0012509	0	0	0	0	0	0	1	0	0	0	0	0	0	1	0
N11	N11.HOG0012510	0	0	0	0	0	0	0	0	0	0	0	0	0	1	0
N11	N11.HOG0012511	0	0	0	0	0	0	1	0	0	0	0	0	0	0	0
N11	N11.HOG0012512	0	0	0	0	0	0	1	0	0	0	0	0	0	0	0
N11	N11.HOG0012513	0	0	0	0	0	0	0	0	0	0	0	0	1	0	0
N11	N11.HOG0012514	0	0	0	0	0	0	0	0	0	1	1	0	0	0	0
N11	N11.HOG0012515	0	1	0	0	1	0	0	0	0	0	0	0	0	0	0
N11	N11.HOG0012516	0	0	0	0	0	0	0	0	0	0	0	0	1	0	0
N11	N11.HOG0012517	0	1	0	0	0	0	0	0	0	0	0	0	0	0	0
N11	N11.HOG0012518	0	1	0	0	0	0	0	0	0	0	0	0	0	0	0
N11	N11.HOG0012519	0	0	0	0	1	0	0	0	0	0	0	0	0	0	0
N11	N11.HOG0012520	0	1	0	0	0	0	0	0	0	0	0	0	0	0	0
N11	N11.HOG0012521	0	1	0	0	1	0	0	0	0	0	0	0	0	0	0
N11	N11.HOG0012522	0	0	0	0	0	0	0	0	0	0	0	0	1	0	0
N11	N11.HOG0012523	0	0	0	0	0	0	0	0	0	0	0	0	1	1	0
N11	N11.HOG0012524	0	0	0	0	0	0	0	0	0	0	0	0	1	1	0
N11	N11.HOG0012525	0	1	0	0	1	0	0	0	0	0	0	0	0	1	0
N11	N11.HOG0012526	0	1	0	0	0	0	0	0	0	0	0	0	0	0	0
N11	N11.HOG0012527	0	0	0	0	0	0	0	0	0	0	0	0	1	0	0
N11	N11.HOG0012528	0	1	0	0	0	0	0	0	0	0	0	0	0	0	0
N11	N11.HOG0012529	0	2	0	0	0	0	0	0	0	0	0	0	0	0	0
N11	N11.HOG0012530	0	2	0	0	1	0	0	0	0	0	0	0	1	0	0
N11	N11.HOG0012531	0	1	0	0	2	0	0	0	0	0	0	0	1	0	0
N11	N11.HOG0012532	0	0	0	0	0	0	0	0	0	0	0	0	1	1	1
N11	N11.HOG0012533	0	0	0	0	1	0	1	0	0	0	0	0	1	1	0
N11	N11.HOG0012534	0	1	0	0	1	0	0	0	0	0	0	0	1	1	0
N11	N11.HOG0012535	0	0	0	0	0	0	1	0	0	0	1	0	1	1	0
N11	N11.HOG0012536	0	0	0	0	0	0	0	0	0	0	0	0	1	1	2
N11	N11.HOG0012537	0	0	0	0	0	0	1	0	0	0	0	0	1	1	0
N11	N11.HOG0012538	0	0	0	0	0	0	1	0	0	0	0	0	1	1	1
N11	N11.HOG0012539	0	0	0	0	0	0	1	0	0	0	0	0	1	1	1
N11	N11.HOG0012540	0	0	0	0	0	0	0	0	0	2	1	0	1	0	0
N11	N11.HOG0012541	0	1	0	0	1	0	0	0	0	0	0	0	1	1	0
N11	N11.HOG0012542	0	0	0	0	0	0	0	0	0	0	0	0	1	3	0
N11	N11.HOG0012543	0	0	0	0	0	0	2	0	0	0	0	0	1	0	1
N11	N11.HOG0012544	0	0	0	0	0	0	1	0	0	0	0	0	1	1	1
N11	N11.HOG0012545	0	1	0	0	1	0	0	0	0	0	0	0	1	0	0
N11	N11.HOG0012546	0	0	0	0	0	0	1	0	0	0	0	0	1	1	1
N11	N11.HOG0012547	0	0	0	0	0	0	0	0	0	0	1	0	1	0	1
N11	N11.HOG0012548	0	0	0	0	0	0	1	1	0	0	0	0	1	1	0
N11	N11.HOG0012549	0	0	0	0	0	0	1	0	0	0	0	0	0	1	0
N11	N11.HOG0012550	0	1	0	0	1	0	1	0	0	0	0	0	0	1	0
N11	N11.HOG0012551	0	0	0	0	0	0	0	1	1	1	0	0	0	1	0
N11	N11.HOG0012552	0	0	0	0	0	0	1	0	0	0	0	0	0	2	1
N11	N11.HOG0012553	0	1	0	0	1	0	1	0	0	0	0	0	0	1	0
N11	N11.HOG0012554	0	0	0	0	0	0	0	0	0	0	0	0	0	1	0
N11	N11.HOG0012555	0	0	0	0	0	0	0	0	0	0	0	0	0	0	2
N11	N11.HOG0012556	0	2	0	0	0	1	0	0	0	0	0	0	0	0	1
N11	N11.HOG0012557	0	0	0	0	0	0	0	0	0	0	1	0	0	0	0
N11	N11.HOG0012558	0	0	0	0	1	0	0	0	0	0	0	0	0	0	0
N11	N11.HOG0012559	0	1	0	0	1	0	0	0	0	0	0	0	0	0	0
N11	N11.HOG0012560	0	1	0	0	1	0	0	0	0	0	0	0	0	0	0
N11	N11.HOG0012561	0	0	0	0	1	0	0	0	0	0	0	0	0	0	0
N11	N11.HOG0012562	0	1	0	0	0	0	0	0	0	0	0	0	0	0	0
N11	N11.HOG0012563	0	0	0	0	2	0	0	0	0	0	0	0	0	0	0
N11	N11.HOG0012564	0	0	0	0	1	0	0	0	0	0	0	0	0	0	0
N11	N11.HOG0012565	0	0	0	0	0	0	1	0	0	0	0	0	0	0	0
N11	N11.HOG0012566	0	1	0	0	1	0	0	0	0	0	0	0	0	0	0
N11	N11.HOG0012567	0	0	0	0	1	0	0	0	0	0	0	0	0	0	0
N11	N11.HOG0012568	0	1	0	0	1	0	0	0	0	0	0	0	0	0	0
N11	N11.HOG0012569	0	1	0	0	0	0	0	0	0	0	0	0	0	0	0
N11	N11.HOG0012570	0	1	0	0	1	0	0	0	0	0	0	0	0	0	0
N11	N11.HOG0012571	0	1	0	0	0	0	0	0	0	0	0	0	0	0	0
N11	N11.HOG0012572	0	1	0	0	0	0	0	0	0	0	0	0	0	0	0
N11	N11.HOG0012573	0	2	0	0	0	0	0	0	0	0	0	0	0	0	0
N11	N11.HOG0012574	0	0	0	0	0	0	1	0	0	0	0	0	0	0	0
N11	N11.HOG0012575	0	1	0	0	0	0	1	0	0	0	0	0	0	0	0
N11	N11.HOG0012576	0	0	0	0	1	0	1	0	0	0	0	0	0	0	0
N11	N11.HOG0012577	0	0	0	0	1	0	0	0	0	0	0	0	0	0	0
N11	N11.HOG0012578	0	0	0	0	2	0	0	0	0	0	0	0	0	0	0
N11	N11.HOG0012579	0	1	0	0	1	0	0	0	0	0	0	0	0	0	0
N11	N11.HOG0012580	0	1	0	0	1	0	1	0	0	0	0	0	0	0	0
N11	N11.HOG0012581	0	1	0	0	1	0	0	0	0	0	0	0	0	0	0
N11	N11.HOG0012582	0	1	0	0	1	0	0	0	0	0	0	0	0	0	0
N11	N11.HOG0012583	0	0	1	0	0	1	0	0	0	0	0	0	0	0	0
N11	N11.HOG0012584	0	2	0	0	1	0	0	0	0	0	0	0	0	0	0
N11	N11.HOG0012585	0	1	1	1	1	0	0	0	0	0	0	0	0	0	0
N11	N11.HOG0012586	0	2	0	0	2	0	0	0	0	0	0	0	0	0	0
N11	N11.HOG0012587	0	1	0	1	1	1	0	0	0	0	0	0	0	0	0
N11	N11.HOG0012588	0	1	0	1	1	1	0	0	0	0	0	0	0	0	0
N11	N11.HOG0012589	0	1	1	0	1	0	1	0	0	0	0	0	0	0	0
N11	N11.HOG0012590	0	1	0	0	0	0	1	0	0	1	0	1	0	0	0
N11	N11.HOG0012591	0	4	0	0	0	0	0	0	0	0	0	0	0	0	0
N11	N11.HOG0012592	0	2	0	0	1	1	0	0	0	0	0	0	0	0	0
N11	N11.HOG0012593	0	2	0	0	2	0	0	0	0	0	0	0	0	0	0
N11	N11.HOG0012594	0	2	0	0	1	0	1	0	0	0	0	0	0	0	0
N11	N11.HOG0012595	0	4	0	0	0	0	0	0	0	0	0	0	0	0	0
N11	N11.HOG0012596	0	4	0	0	0	0	0	0	0	0	0	0	0	0	0
N11	N11.HOG0012597	0	4	0	0	0	0	0	0	0	0	0	0	0	0	0
N11	N11.HOG0012598	0	0	1	1	1	1	0	0	0	0	0	0	0	0	0
N11	N11.HOG0012599	0	0	0	0	4	0	0	0	0	0	0	0	0	0	0
N11	N11.HOG0012600	0	0	0	1	2	0	1	0	0	0	0	0	0	0	0
N11	N11.HOG0012601	0	0	0	0	4	0	0	0	0	0	0	0	0	0	0
N11	N11.HOG0012602	0	0	0	0	4	0	0	0	0	0	0	0	0	0	0
N11	N11.HOG0012603	0	0	0	0	0	0	2	0	2	0	0	0	0	0	0
N11	N11.HOG0012604	0	0	0	0	0	0	2	1	1	0	0	0	0	0	0
N11	N11.HOG0012605	0	0	0	0	0	0	1	0	3	0	0	0	0	0	0
N11	N11.HOG0012606	0	0	0	0	0	0	0	2	2	0	0	0	0	0	0
N11	N11.HOG0012607	0	0	0	0	0	0	1	1	1	0	0	0	0	0	0
N11	N11.HOG0012608	2	0	0	0	0	0	1	0	0	0	0	0	0	0	0
N11	N11.HOG0012609	3	0	0	0	0	0	0	0	0	0	0	0	0	0	0
N11	N11.HOG0012610	1	0	0	0	0	0	1	0	0	0	1	0	0	0	0
N11	N11.HOG0012611	1	1	0	0	0	0	0	0	0	0	0	0	0	0	1
N11	N11.HOG0012612	1	0	0	0	0	0	0	0	0	0	0	0	1	1	0
N11	N11.HOG0012613	0	0	0	0	0	0	1	0	0	0	0	0	1	1	0
N11	N11.HOG0012614	0	0	0	0	0	0	0	0	0	0	0	0	1	1	1
N11	N11.HOG0012615	0	0	0	0	0	0	1	0	0	0	0	0	1	1	0
N11	N11.HOG0012616	0	1	0	0	1	0	0	0	0	0	0	0	1	0	0
N11	N11.HOG0012617	0	0	0	0	0	0	0	0	0	0	0	0	1	2	0
N11	N11.HOG0012618	0	0	0	0	1	0	0	0	0	0	0	0	1	1	0
N11	N11.HOG0012619	0	0	0	0	0	0	1	0	0	0	0	0	1	1	0
N11	N11.HOG0012620	0	0	0	0	0	0	0	0	0	0	0	0	1	1	1
N11	N11.HOG0012621	0	0	0	0	0	0	1	0	0	0	0	0	1	1	0
N11	N11.HOG0012622	0	0	0	0	0	0	0	0	0	0	0	0	1	1	1
N11	N11.HOG0012623	0	0	0	0	0	0	0	0	0	0	0	0	1	1	1
N11	N11.HOG0012624	0	0	0	0	0	0	1	0	0	0	0	0	1	1	0
N11	N11.HOG0012625	0	0	0	0	0	0	0	0	0	0	0	0	3	0	0
N11	N11.HOG0012626	0	0	0	0	0	0	0	0	0	0	0	0	1	1	1
N11	N11.HOG0012627	0	0	0	0	0	0	1	0	0	0	0	0	1	1	0
N11	N11.HOG0012628	0	0	0	0	0	0	1	0	0	0	0	0	1	1	0
N11	N11.HOG0012629	0	0	0	0	0	0	0	0	0	0	0	0	2	1	0
N11	N11.HOG0012630	0	0	0	0	2	0	0	0	0	0	0	0	1	0	0
N11	N11.HOG0012631	0	0	0	0	0	0	1	0	0	0	0	0	1	0	1
N11	N11.HOG0012632	0	0	0	0	0	0	0	0	0	0	0	0	1	0	2
N11	N11.HOG0012633	0	0	0	0	0	0	1	0	0	0	0	0	1	0	1
N11	N11.HOG0012634	0	0	0	0	0	0	1	0	0	0	0	0	1	1	0
N11	N11.HOG0012635	0	0	0	0	0	0	0	0	0	0	0	0	1	1	1
N11	N11.HOG0012636	0	0	0	0	0	0	1	0	0	0	0	0	1	1	0
N11	N11.HOG0012637	0	1	0	0	0	0	0	0	0	0	0	0	1	1	0
N11	N11.HOG0012638	0	0	0	0	0	0	1	0	0	0	0	0	1	1	0
N11	N11.HOG0012639	0	0	0	0	0	0	0	0	0	0	0	0	1	1	1
N11	N11.HOG0012640	0	0	0	0	0	0	1	0	0	0	0	0	1	1	0
N11	N11.HOG0012641	0	0	0	0	0	0	0	0	0	0	0	0	1	1	1
N11	N11.HOG0012642	0	0	0	0	0	0	0	0	0	0	0	0	1	1	1
N11	N11.HOG0012643	0	0	0	0	0	0	1	0	0	0	0	0	1	1	0
N11	N11.HOG0012644	0	0	0	0	0	0	1	0	0	0	0	0	1	1	0
N11	N11.HOG0012645	0	0	0	0	1	0	0	0	0	0	0	0	1	1	0
N11	N11.HOG0012646	0	0	0	0	0	0	0	0	0	0	0	0	1	2	0
N11	N11.HOG0012647	0	0	0	0	0	0	0	0	0	0	0	0	0	1	2
N11	N11.HOG0012648	0	0	0	0	0	0	1	0	0	1	0	0	0	1	0
N11	N11.HOG0012649	0	0	0	0	0	0	1	1	0	0	0	0	0	1	0
N11	N11.HOG0012650	0	1	0	0	1	0	0	0	0	0	0	0	0	1	0
N11	N11.HOG0012651	0	0	0	0	1	0	1	0	0	0	0	0	0	1	0
N11	N11.HOG0012652	0	0	0	0	0	0	1	0	0	0	0	0	0	1	1
N11	N11.HOG0012653	0	0	0	0	0	0	1	0	0	0	0	0	0	1	1
N11	N11.HOG0012654	0	0	0	0	1	0	1	0	0	0	0	0	0	0	1
N11	N11.HOG0012655	0	1	0	0	1	0	0	0	0	0	0	0	0	0	1
N11	N11.HOG0012656	0	1	0	0	2	0	0	0	0	0	0	0	0	0	0
N11	N11.HOG0012657	0	2	0	0	1	0	0	0	0	0	0	0	0	0	0
N11	N11.HOG0012658	0	1	0	0	0	0	0	1	1	0	0	0	0	0	0
N11	N11.HOG0012659	0	1	0	0	1	1	0	0	0	0	0	0	0	0	0
N11	N11.HOG0012660	0	1	0	0	2	0	0	0	0	0	0	0	0	0	0
N11	N11.HOG0012661	0	2	0	0	0	0	0	0	0	0	1	0	0	0	0
N11	N11.HOG0012662	0	2	0	0	1	0	0	0	0	0	0	0	0	0	0
N11	N11.HOG0012663	0	1	0	0	2	0	0	0	0	0	0	0	0	0	0
N11	N11.HOG0012664	0	2	0	0	1	0	0	0	0	0	0	0	0	0	0
N11	N11.HOG0012665	0	3	0	0	0	0	0	0	0	0	0	0	0	0	0
N11	N11.HOG0012666	0	2	0	0	1	0	0	0	0	0	0	0	0	0	0
N11	N11.HOG0012667	0	1	0	0	2	0	0	0	0	0	0	0	0	0	0
N11	N11.HOG0012668	0	1	0	0	2	0	0	0	0	0	0	0	0	0	0
N11	N11.HOG0012669	0	1	0	0	1	0	0	0	0	0	0	1	0	0	0
N11	N11.HOG0012670	0	1	0	0	2	0	0	0	0	0	0	0	0	0	0
N11	N11.HOG0012671	0	2	0	0	1	0	0	0	0	0	0	0	0	0	0
N11	N11.HOG0012672	0	2	0	0	1	0	0	0	0	0	0	0	0	0	0
N11	N11.HOG0012673	0	1	0	0	2	0	0	0	0	0	0	0	0	0	0
N11	N11.HOG0012674	0	3	0	0	0	0	0	0	0	0	0	0	0	0	0
N11	N11.HOG0012675	0	1	0	0	2	0	0	0	0	0	0	0	0	0	0
N11	N11.HOG0012676	0	1	0	0	2	0	0	0	0	0	0	0	0	0	0
N11	N11.HOG0012677	0	2	0	0	1	0	0	0	0	0	0	0	0	0	0
N11	N11.HOG0012678	0	1	1	0	1	0	0	0	0	0	0	0	0	0	0
N11	N11.HOG0012679	0	3	0	0	0	0	0	0	0	0	0	0	0	0	0
N11	N11.HOG0012680	0	1	0	0	2	0	0	0	0	0	0	0	0	0	0
N11	N11.HOG0012681	0	1	0	1	1	0	0	0	0	0	0	0	0	0	0
N11	N11.HOG0012682	0	1	0	0	1	0	0	1	0	0	0	0	0	0	0
N11	N11.HOG0012683	0	1	0	0	2	0	0	0	0	0	0	0	0	0	0
N11	N11.HOG0012684	0	1	0	0	0	0	1	1	0	0	0	0	0	0	0
N11	N11.HOG0012685	0	1	0	0	1	0	0	1	0	0	0	0	0	0	0
N11	N11.HOG0012686	0	1	0	0	1	0	1	0	0	0	0	0	0	0	0
N11	N11.HOG0012687	0	2	0	0	1	0	0	0	0	0	0	0	0	0	0
N11	N11.HOG0012688	0	1	0	0	1	0	1	0	0	0	0	0	0	0	0
N11	N11.HOG0012689	0	1	0	0	2	0	0	0	0	0	0	0	0	0	0
N11	N11.HOG0012690	0	1	0	0	2	0	0	0	0	0	0	0	0	0	0
N11	N11.HOG0012691	0	1	0	0	2	0	0	0	0	0	0	0	0	0	0
N11	N11.HOG0012692	0	1	0	0	2	0	0	0	0	0	0	0	0	0	0
N11	N11.HOG0012693	0	1	0	0	2	0	0	0	0	0	0	0	0	0	0
N11	N11.HOG0012694	0	2	0	0	1	0	0	0	0	0	0	0	0	0	0
N11	N11.HOG0012695	0	1	0	0	1	1	0	0	0	0	0	0	0	0	0
N11	N11.HOG0012696	0	3	0	0	0	0	0	0	0	0	0	0	0	0	0
N11	N11.HOG0012697	0	2	0	0	1	0	0	0	0	0	0	0	0	0	0
N11	N11.HOG0012698	0	2	0	0	1	0	0	0	0	0	0	0	0	0	0
N11	N11.HOG0012699	0	2	0	0	0	0	1	0	0	0	0	0	0	0	0
N11	N11.HOG0012700	0	2	0	0	1	0	0	0	0	0	0	0	0	0	0
N11	N11.HOG0012701	0	2	0	0	0	0	1	0	0	0	0	0	0	0	0
N11	N11.HOG0012702	0	2	0	0	1	0	0	0	0	0	0	0	0	0	0
N11	N11.HOG0012703	0	2	0	0	1	0	0	0	0	0	0	0	0	0	0
N11	N11.HOG0012704	0	2	0	0	1	0	0	0	0	0	0	0	0	0	0
N11	N11.HOG0012705	0	2	0	0	1	0	0	0	0	0	0	0	0	0	0
N11	N11.HOG0012706	0	3	0	0	0	0	0	0	0	0	0	0	0	0	0
N11	N11.HOG0012707	0	2	0	0	1	0	0	0	0	0	0	0	0	0	0
N11	N11.HOG0012708	0	2	0	0	1	0	0	0	0	0	0	0	0	0	0
N11	N11.HOG0012709	0	2	0	0	1	0	0	0	0	0	0	0	0	0	0
N11	N11.HOG0012710	0	2	0	0	1	0	0	0	0	0	0	0	0	0	0
N11	N11.HOG0012711	0	2	0	0	1	0	0	0	0	0	0	0	0	0	0
N11	N11.HOG0012712	0	2	0	0	1	0	0	0	0	0	0	0	0	0	0
N11	N11.HOG0012713	0	3	0	0	0	0	0	0	0	0	0	0	0	0	0
N11	N11.HOG0012714	0	2	0	0	1	0	0	0	0	0	0	0	0	0	0
N11	N11.HOG0012715	0	1	1	0	1	0	0	0	0	0	0	0	0	0	0
N11	N11.HOG0012716	0	3	0	0	0	0	0	0	0	0	0	0	0	0	0
N11	N11.HOG0012717	0	2	0	0	1	0	0	0	0	0	0	0	0	0	0
N11	N11.HOG0012718	0	2	0	0	1	0	0	0	0	0	0	0	0	0	0
N11	N11.HOG0012719	0	2	0	0	1	0	0	0	0	0	0	0	0	0	0
N11	N11.HOG0012720	0	1	0	0	1	0	1	0	0	0	0	0	0	0	0
N11	N11.HOG0012721	0	2	0	0	1	0	0	0	0	0	0	0	0	0	0
N11	N11.HOG0012722	0	3	0	0	0	0	0	0	0	0	0	0	0	0	0
N11	N11.HOG0012723	0	3	0	0	0	0	0	0	0	0	0	0	0	0	0
N11	N11.HOG0012724	0	3	0	0	0	0	0	0	0	0	0	0	0	0	0
N11	N11.HOG0012725	0	0	0	0	2	1	0	0	0	0	0	0	0	0	0
N11	N11.HOG0012726	0	0	0	1	1	1	0	0	0	0	0	0	0	0	0
N11	N11.HOG0012727	0	0	0	1	1	1	0	0	0	0	0	0	0	0	0
N11	N11.HOG0012728	0	0	0	0	2	1	0	0	0	0	0	0	0	0	0
N11	N11.HOG0012729	0	0	0	0	3	0	0	0	0	0	0	0	0	0	0
N11	N11.HOG0012730	0	0	0	0	1	0	1	0	0	0	0	1	0	0	0
N11	N11.HOG0012731	0	0	0	0	3	0	0	0	0	0	0	0	0	0	0
N11	N11.HOG0012732	0	0	0	0	1	0	1	0	0	1	0	0	0	0	0
N11	N11.HOG0012733	0	0	0	0	3	0	0	0	0	0	0	0	0	0	0
N11	N11.HOG0012734	0	0	0	0	3	0	0	0	0	0	0	0	0	0	0
N11	N11.HOG0012735	0	0	0	0	3	0	0	0	0	0	0	0	0	0	0
N11	N11.HOG0012736	0	0	0	0	3	0	0	0	0	0	0	0	0	0	0
N11	N11.HOG0012737	0	0	0	0	2	0	1	0	0	0	0	0	0	0	0
N11	N11.HOG0012738	0	0	0	0	3	0	0	0	0	0	0	0	0	0	0
N11	N11.HOG0012739	0	0	0	0	3	0	0	0	0	0	0	0	0	0	0
N11	N11.HOG0012740	0	0	0	0	2	0	1	0	0	0	0	0	0	0	0
N11	N11.HOG0012741	0	0	0	1	0	0	0	1	1	0	0	0	0	0	0
N11	N11.HOG0012742	0	0	0	0	0	0	1	0	0	1	1	0	0	0	0
N11	N11.HOG0012743	0	0	0	0	0	0	0	0	0	1	1	1	0	0	0
N11	N11.HOG0012744	0	0	0	0	0	0	1	0	0	0	1	1	0	0	0
N11	N11.HOG0012745	0	0	0	0	0	0	1	1	1	0	0	0	0	0	0
N11	N11.HOG0012746	0	0	0	0	0	0	1	1	1	0	0	0	0	0	0
N11	N11.HOG0012747	0	0	0	0	0	0	1	1	1	0	0	0	0	0	0
N11	N11.HOG0012748	0	0	0	0	0	0	3	0	0	0	0	0	0	0	0
N11	N11.HOG0012749	0	0	0	0	0	0	1	1	1	0	0	0	0	0	0
N11	N11.HOG0012750	0	0	0	0	0	0	0	0	3	0	0	0	0	0	0
N11	N11.HOG0012751	0	0	0	0	0	0	0	0	0	0	0	0	1	0	1
N11	N11.HOG0012752	1	0	0	0	0	0	1	0	0	0	0	0	0	0	0
N11	N11.HOG0012753	1	0	0	0	0	0	0	0	0	0	0	0	0	1	0
N11	N11.HOG0012754	2	0	0	0	0	0	0	0	0	0	0	0	0	0	0
N11	N11.HOG0012755	1	0	0	0	0	0	1	0	0	0	0	0	0	0	0
N11	N11.HOG0012756	2	0	0	0	0	0	0	0	0	0	0	0	0	0	0
N11	N11.HOG0012757	1	0	0	0	0	0	0	0	0	0	0	0	0	1	0
N11	N11.HOG0012758	1	0	0	0	0	0	1	0	0	0	0	0	0	0	0
N11	N11.HOG0012759	1	0	0	0	0	0	1	0	0	0	0	0	0	0	0
N11	N11.HOG0012760	0	0	0	0	0	0	0	0	0	0	0	0	1	1	0
N11	N11.HOG0012761	0	0	0	0	0	0	0	0	0	0	0	0	1	1	0
N11	N11.HOG0012762	0	0	0	0	0	0	0	0	0	0	0	0	1	0	1
N11	N11.HOG0012763	0	0	0	0	0	0	0	0	0	0	0	0	1	1	0
N11	N11.HOG0012764	0	0	0	0	0	0	1	0	0	0	0	0	1	0	0
N11	N11.HOG0012765	0	0	0	0	0	0	0	0	0	0	0	0	1	1	0
N11	N11.HOG0012766	0	0	0	0	0	0	0	0	0	0	0	0	1	1	0
N11	N11.HOG0012767	0	0	0	0	0	0	0	0	0	0	0	0	1	1	0
N11	N11.HOG0012768	0	0	0	0	0	0	0	0	0	0	0	0	1	0	1
N11	N11.HOG0012769	0	0	0	0	0	0	0	0	0	0	0	0	1	0	1
N11	N11.HOG0012770	0	0	0	0	0	0	0	0	0	0	0	0	1	0	1
N11	N11.HOG0012771	0	0	0	0	1	0	0	0	0	0	0	0	1	0	0
N11	N11.HOG0012772	0	0	0	0	0	0	0	0	0	0	0	0	1	0	1
N11	N11.HOG0012773	0	0	0	0	0	0	0	0	0	0	0	0	1	1	0
N11	N11.HOG0012774	0	0	0	0	0	0	0	0	0	0	0	0	1	1	0
N11	N11.HOG0012775	0	0	0	0	0	0	0	0	0	0	0	0	1	1	0
N11	N11.HOG0012776	0	0	0	0	0	0	0	0	0	0	0	0	1	1	0
N11	N11.HOG0012777	0	0	0	0	0	0	0	0	0	0	0	0	1	0	1
N11	N11.HOG0012778	0	0	0	0	0	0	0	0	0	0	0	0	1	1	0
N11	N11.HOG0012779	0	0	0	0	0	0	0	0	0	0	0	0	1	1	0
N11	N11.HOG0012780	0	0	0	0	0	0	0	0	0	0	0	0	1	1	0
N11	N11.HOG0012781	0	0	0	0	0	0	0	0	0	0	0	0	1	0	1
N11	N11.HOG0012782	0	0	0	0	0	0	0	0	0	0	0	0	1	1	0
N11	N11.HOG0012783	0	0	0	0	0	0	0	0	0	0	0	0	1	1	0
N11	N11.HOG0012784	0	0	0	0	0	0	0	0	0	0	0	0	1	1	0
N11	N11.HOG0012785	0	0	0	0	0	0	0	0	0	0	0	0	1	1	0
N11	N11.HOG0012786	0	0	0	0	0	0	0	0	0	0	0	0	1	1	0
N11	N11.HOG0012787	0	0	0	0	0	0	0	0	0	0	0	0	1	1	0
N11	N11.HOG0012788	0	0	0	0	0	0	1	0	0	0	0	0	1	0	0
N11	N11.HOG0012789	0	0	0	0	0	0	1	0	0	0	0	0	1	0	0
N11	N11.HOG0012790	0	0	0	0	0	0	0	0	0	0	0	0	1	1	0
N11	N11.HOG0012791	0	0	0	0	0	0	0	0	0	0	0	0	1	1	0
N11	N11.HOG0012792	0	0	0	0	0	0	0	0	0	0	0	0	1	1	0
N11	N11.HOG0012793	0	0	0	0	0	0	1	0	0	0	0	0	1	0	0
N11	N11.HOG0012794	0	0	0	0	0	0	0	0	0	0	0	0	1	0	1
N11	N11.HOG0012795	0	0	0	0	0	0	0	0	0	0	0	0	1	1	0
N11	N11.HOG0012796	0	0	0	0	0	0	1	0	0	0	0	0	1	0	0
N11	N11.HOG0012797	0	0	0	0	0	0	0	0	0	0	0	0	1	1	0
N11	N11.HOG0012798	0	0	0	0	0	0	0	0	0	0	0	0	1	0	1
N11	N11.HOG0012799	0	0	0	0	0	0	0	0	0	0	0	0	1	1	0
N11	N11.HOG0012800	0	0	0	0	0	0	0	0	0	0	0	0	1	0	1
N11	N11.HOG0012801	0	0	0	0	0	0	0	0	0	0	0	0	1	0	1
N11	N11.HOG0012802	0	0	0	0	0	0	0	0	0	0	0	0	1	1	0
N11	N11.HOG0012803	0	0	0	0	0	0	0	0	0	0	0	0	1	1	0
N11	N11.HOG0012804	0	0	0	0	0	0	0	0	0	0	0	0	1	0	1
N11	N11.HOG0012805	0	0	0	0	0	0	0	0	0	0	0	0	1	0	1
N11	N11.HOG0012806	0	0	0	0	0	0	0	0	0	0	0	0	1	1	0
N11	N11.HOG0012807	0	0	0	0	0	0	0	0	0	0	0	0	1	1	0
N11	N11.HOG0012808	0	1	0	0	0	0	0	0	0	0	0	0	1	0	0
N11	N11.HOG0012809	0	0	0	0	0	0	0	0	0	0	0	0	1	1	0
N11	N11.HOG0012810	0	0	0	0	0	0	0	0	0	0	0	0	1	1	0
N11	N11.HOG0012811	0	0	0	0	0	0	1	0	0	0	0	0	1	0	0
N11	N11.HOG0012812	0	0	0	0	0	0	1	0	0	0	0	0	1	0	0
N11	N11.HOG0012813	0	0	0	0	0	0	0	0	0	0	0	0	1	0	1
N11	N11.HOG0012814	0	0	0	0	0	0	0	0	0	0	0	0	1	1	0
N11	N11.HOG0012815	0	0	0	0	0	0	0	0	0	0	0	0	1	1	0
N11	N11.HOG0012816	0	0	0	0	0	0	0	0	0	0	0	0	1	1	0
N11	N11.HOG0012817	0	0	0	0	0	0	0	0	0	0	0	0	1	1	0
N11	N11.HOG0012818	0	0	0	0	0	0	0	0	0	0	0	0	1	1	0
N11	N11.HOG0012819	0	0	0	0	0	0	0	0	0	0	0	0	1	1	0
N11	N11.HOG0012820	0	0	0	0	0	0	0	0	0	0	0	0	1	1	0
N11	N11.HOG0012821	0	0	0	0	0	0	0	0	0	0	0	0	1	1	0
N11	N11.HOG0012822	0	0	0	0	0	0	0	0	0	0	0	0	1	1	0
N11	N11.HOG0012823	0	0	0	0	0	0	0	0	0	0	0	0	1	1	0
N11	N11.HOG0012824	0	0	0	0	0	0	1	0	0	0	0	0	1	0	0
N11	N11.HOG0012825	0	0	0	0	0	0	0	0	0	0	0	0	1	1	0
N11	N11.HOG0012826	0	0	0	0	0	0	0	0	0	0	0	0	1	1	0
N11	N11.HOG0012827	0	0	0	0	0	0	0	0	0	0	0	0	1	1	0
N11	N11.HOG0012828	0	0	0	0	0	0	0	0	0	0	0	0	1	1	0
N11	N11.HOG0012829	0	0	0	0	0	0	0	0	0	0	0	0	1	1	0
N11	N11.HOG0012830	0	0	0	0	0	0	0	0	0	0	0	0	1	1	0
N11	N11.HOG0012831	0	0	0	0	0	0	0	0	0	0	0	0	1	1	0
N11	N11.HOG0012832	0	0	0	0	0	0	0	0	0	0	0	0	1	0	1
N11	N11.HOG0012833	0	0	0	0	0	0	0	0	0	0	0	0	1	1	0
N11	N11.HOG0012834	0	1	0	0	0	0	0	0	0	0	0	0	1	0	0
N11	N11.HOG0012835	0	0	0	0	0	0	0	0	0	0	0	0	1	0	1
N11	N11.HOG0012836	0	0	0	0	0	0	0	0	0	0	0	0	1	1	0
N11	N11.HOG0012837	0	0	0	0	0	0	0	0	0	0	0	0	1	1	0
N11	N11.HOG0012838	0	0	0	0	0	0	0	0	0	0	0	0	1	1	0
N11	N11.HOG0012839	0	0	0	0	0	0	0	0	0	0	0	0	1	1	0
N11	N11.HOG0012840	0	0	0	0	0	0	0	0	0	0	1	0	1	0	0
N11	N11.HOG0012841	0	0	0	0	0	0	0	0	0	0	0	0	1	1	0
N11	N11.HOG0012842	0	0	0	0	0	0	0	0	0	0	0	0	1	1	0
N11	N11.HOG0012843	0	0	0	0	0	0	1	0	0	0	0	0	1	0	0
N11	N11.HOG0012844	0	0	0	0	0	0	1	0	0	0	0	0	1	0	0
N11	N11.HOG0012845	0	0	0	0	0	0	0	0	0	0	0	0	1	1	0
N11	N11.HOG0012846	0	0	0	0	0	0	0	0	0	0	0	0	1	0	1
N11	N11.HOG0012847	0	0	0	0	0	0	0	0	0	0	0	0	1	1	0
N11	N11.HOG0012848	0	0	0	0	0	0	0	0	0	0	0	0	1	1	0
N11	N11.HOG0012849	0	0	0	0	0	0	0	0	0	0	0	0	1	1	0
N11	N11.HOG0012850	0	0	0	0	0	0	1	0	0	0	0	0	1	0	0
N11	N11.HOG0012851	0	0	0	0	0	0	0	0	0	0	0	0	1	1	0
N11	N11.HOG0012852	0	0	0	0	0	0	0	0	0	0	0	0	1	0	1
N11	N11.HOG0012853	0	0	0	0	0	0	0	1	0	0	0	0	1	0	0
N11	N11.HOG0012854	0	0	0	0	0	0	1	0	0	0	0	0	1	0	0
N11	N11.HOG0012855	0	0	0	0	0	0	0	0	0	0	0	0	1	0	1
N11	N11.HOG0012856	0	0	0	0	0	0	0	0	0	0	0	0	1	1	0
N11	N11.HOG0012857	0	0	0	0	0	0	0	0	0	0	0	0	1	1	0
N11	N11.HOG0012858	0	0	0	0	0	0	1	0	0	0	0	0	1	0	0
N11	N11.HOG0012859	0	0	0	0	0	0	0	0	0	0	0	0	1	0	1
N11	N11.HOG0012860	0	0	0	0	0	0	1	0	0	0	0	0	1	0	0
N11	N11.HOG0012861	0	0	0	0	0	0	0	0	0	0	0	0	1	1	0
N11	N11.HOG0012862	0	0	0	0	0	0	0	0	0	0	0	0	1	1	0
N11	N11.HOG0012863	0	0	0	0	0	0	0	0	0	0	0	0	1	1	0
N11	N11.HOG0012864	0	0	0	0	0	0	0	0	0	0	0	0	1	1	0
N11	N11.HOG0012865	0	0	0	0	0	0	0	0	0	0	0	0	1	0	1
N11	N11.HOG0012866	0	0	0	0	0	0	1	0	0	0	0	0	1	0	0
N11	N11.HOG0012867	0	0	0	0	0	0	0	0	0	0	0	0	1	1	0
N11	N11.HOG0012868	0	0	0	0	0	0	1	0	0	0	0	0	1	0	0
N11	N11.HOG0012869	0	0	0	0	0	0	0	0	0	0	0	0	1	1	0
N11	N11.HOG0012870	0	0	0	0	0	0	0	0	0	0	0	0	1	1	0
N11	N11.HOG0012871	0	0	0	0	0	0	0	0	0	0	0	0	1	1	0
N11	N11.HOG0012872	0	0	0	0	0	0	0	0	0	0	0	0	1	1	0
N11	N11.HOG0012873	0	0	0	0	0	0	0	0	0	0	0	0	1	1	0
N11	N11.HOG0012874	0	0	0	0	0	0	0	0	0	0	0	0	2	0	0
N11	N11.HOG0012875	0	0	0	0	0	0	0	0	0	0	0	0	1	1	0
N11	N11.HOG0012876	0	0	0	0	0	0	1	0	0	0	0	0	1	0	0
N11	N11.HOG0012877	0	0	0	0	0	0	1	0	0	0	0	0	1	0	0
N11	N11.HOG0012878	0	0	0	0	0	0	0	0	0	0	0	0	1	0	1
N11	N11.HOG0012879	0	0	0	0	0	0	0	0	0	0	0	0	1	1	0
N11	N11.HOG0012880	0	0	0	0	0	0	0	0	0	0	0	0	1	1	0
N11	N11.HOG0012881	0	0	0	0	0	0	0	0	0	0	0	0	1	1	0
N11	N11.HOG0012882	0	0	0	0	0	0	0	0	0	0	0	0	1	1	0
N11	N11.HOG0012883	0	0	0	0	0	0	1	0	0	0	0	0	1	0	0
N11	N11.HOG0012884	0	1	0	0	0	0	0	0	0	0	0	0	1	0	0
N11	N11.HOG0012885	0	0	0	0	0	0	0	0	0	0	0	0	1	1	0
N11	N11.HOG0012886	0	0	0	0	0	0	0	0	0	0	0	0	1	1	0
N11	N11.HOG0012887	0	0	0	0	0	0	0	0	0	0	0	1	1	0	0
N11	N11.HOG0012888	0	0	0	0	0	0	1	0	0	0	0	0	1	0	0
N11	N11.HOG0012889	0	0	0	0	0	0	0	0	0	0	0	0	1	0	1
N11	N11.HOG0012890	0	0	0	0	0	0	0	0	0	0	0	0	1	0	1
N11	N11.HOG0012891	0	0	0	0	0	0	0	0	0	0	0	0	1	1	0
N11	N11.HOG0012892	0	0	0	0	0	0	0	0	0	0	0	0	1	1	0
N11	N11.HOG0012893	0	0	0	0	0	0	0	0	0	0	0	0	1	0	1
N11	N11.HOG0012894	0	0	0	0	0	0	0	0	0	0	0	0	1	1	0
N11	N11.HOG0012895	0	0	0	0	0	0	0	0	0	0	0	0	1	1	0
N11	N11.HOG0012896	0	0	0	0	0	0	0	0	0	0	0	0	1	1	0
N11	N11.HOG0012897	0	0	0	0	0	0	1	0	0	0	0	0	1	0	0
N11	N11.HOG0012898	0	0	0	0	0	0	0	0	0	0	0	0	1	1	0
N11	N11.HOG0012899	0	0	0	0	0	0	0	0	0	0	0	0	1	0	1
N11	N11.HOG0012900	0	0	0	0	0	0	0	0	0	0	0	0	1	0	1
N11	N11.HOG0012901	0	0	0	0	0	0	0	0	0	0	0	0	1	1	0
N11	N11.HOG0012902	0	0	0	0	0	0	1	0	0	0	0	0	0	1	0
N11	N11.HOG0012903	0	0	0	0	0	0	0	0	0	0	0	0	0	1	1
N11	N11.HOG0012904	0	0	0	0	0	0	0	0	0	0	0	0	0	1	1
N11	N11.HOG0012905	0	0	0	0	0	0	0	0	0	0	0	1	0	1	0
N11	N11.HOG0012906	0	0	0	0	0	0	1	0	0	0	0	0	0	1	0
N11	N11.HOG0012907	0	0	0	0	0	0	0	0	0	0	0	0	0	1	1
N11	N11.HOG0012908	0	0	0	0	0	0	0	0	0	0	0	0	0	1	1
N11	N11.HOG0012909	0	0	0	0	0	0	0	0	0	0	0	0	0	1	1
N11	N11.HOG0012910	0	0	0	0	0	0	0	0	0	0	0	0	0	2	0
N11	N11.HOG0012911	0	0	0	0	0	0	1	0	0	0	0	0	0	1	0
N11	N11.HOG0012912	0	0	0	0	0	0	1	0	0	0	0	0	0	1	0
N11	N11.HOG0012913	0	0	0	0	0	0	1	0	0	0	0	0	0	1	0
N11	N11.HOG0012914	0	0	0	0	0	0	1	0	0	0	0	0	0	1	0
N11	N11.HOG0012915	0	0	0	0	0	0	0	0	0	0	0	0	0	1	1
N11	N11.HOG0012916	0	0	0	0	0	0	1	0	0	0	0	0	0	1	0
N11	N11.HOG0012917	0	0	0	0	0	0	0	0	0	0	1	0	0	1	0
N11	N11.HOG0012918	0	0	0	0	0	0	1	0	0	0	0	0	0	1	0
N11	N11.HOG0012919	0	0	0	0	0	0	1	0	0	0	0	0	0	1	0
N11	N11.HOG0012920	0	0	0	0	1	0	0	0	0	0	0	0	0	1	0
N11	N11.HOG0012921	0	0	0	0	0	0	0	0	0	0	0	0	0	2	0
N11	N11.HOG0012922	0	0	0	0	0	0	0	0	0	0	0	0	0	1	1
N11	N11.HOG0012923	0	0	0	0	0	0	1	0	0	0	0	0	0	1	0
N11	N11.HOG0012924	0	0	0	0	0	0	0	0	0	0	0	0	0	1	1
N11	N11.HOG0012925	0	0	0	0	0	0	0	0	0	0	0	0	0	1	1
N11	N11.HOG0012926	0	0	0	0	0	0	1	0	0	0	0	0	0	1	0
N11	N11.HOG0012927	0	0	0	0	0	0	0	0	0	0	0	0	0	1	1
N11	N11.HOG0012928	0	1	0	0	0	0	0	0	0	0	0	0	0	1	0
N11	N11.HOG0012929	0	0	0	0	1	0	0	0	0	0	0	0	0	1	0
N11	N11.HOG0012930	0	0	0	0	0	0	1	0	0	0	0	0	0	1	0
N11	N11.HOG0012931	0	0	0	0	0	0	0	0	0	0	0	0	0	1	1
N11	N11.HOG0012932	0	0	0	0	0	0	0	0	0	0	0	0	0	1	1
N11	N11.HOG0012933	0	0	0	0	0	0	1	0	0	0	0	0	0	1	0
N11	N11.HOG0012934	0	1	0	0	0	0	0	0	0	0	0	0	0	1	0
N11	N11.HOG0012935	0	1	0	0	0	0	0	0	0	0	0	0	0	1	0
N11	N11.HOG0012936	0	0	0	0	0	0	0	0	0	0	0	0	0	1	1
N11	N11.HOG0012937	0	0	0	0	0	0	1	0	0	0	0	0	0	1	0
N11	N11.HOG0012938	0	0	0	0	0	0	1	0	0	0	0	0	0	1	0
N11	N11.HOG0012939	0	0	0	0	0	0	0	0	0	0	0	0	0	1	1
N11	N11.HOG0012940	0	0	0	0	0	0	1	0	0	0	0	0	0	1	0
N11	N11.HOG0012941	0	0	0	0	0	0	0	0	0	0	0	0	0	1	1
N11	N11.HOG0012942	0	0	0	0	0	0	0	0	0	0	0	0	0	1	1
N11	N11.HOG0012943	0	0	0	0	0	0	0	0	0	0	0	0	0	1	1
N11	N11.HOG0012944	0	0	0	0	0	0	0	0	0	0	1	0	0	1	0
N11	N11.HOG0012945	0	0	0	0	0	0	0	0	0	0	0	0	0	1	1
N11	N11.HOG0012946	0	0	0	0	0	0	1	0	0	0	0	0	0	1	0
N11	N11.HOG0012947	0	0	0	0	0	0	1	0	0	0	0	0	0	1	0
N11	N11.HOG0012948	0	0	0	0	0	0	1	0	0	0	0	0	0	1	0
N11	N11.HOG0012949	0	0	0	0	0	0	0	0	0	0	0	0	0	1	1
N11	N11.HOG0012950	0	0	0	0	0	0	1	0	0	0	0	0	0	1	0
N11	N11.HOG0012951	0	1	0	0	0	0	0	0	0	0	0	0	0	1	0
N11	N11.HOG0012952	0	1	0	0	0	0	0	0	0	0	0	0	0	1	0
N11	N11.HOG0012953	0	0	0	0	0	0	0	0	0	0	1	0	0	1	0
N11	N11.HOG0012954	0	0	0	0	0	0	0	0	0	0	0	0	0	1	1
N11	N11.HOG0012955	0	0	0	0	0	0	0	0	0	0	0	0	0	1	1
N11	N11.HOG0012956	0	1	0	0	0	0	0	0	0	0	0	0	0	1	0
N11	N11.HOG0012957	0	0	0	0	0	0	1	0	0	0	0	0	0	0	1
N11	N11.HOG0012958	0	0	0	0	0	0	1	0	0	0	0	0	0	0	1
N11	N11.HOG0012959	0	0	0	0	0	0	1	0	0	0	0	0	0	0	1
N11	N11.HOG0012960	0	0	0	0	0	0	1	0	0	0	0	0	0	0	1
N11	N11.HOG0012961	0	0	0	0	0	0	1	0	0	0	0	0	0	0	1
N11	N11.HOG0012962	0	0	0	0	1	0	0	0	0	0	0	0	0	0	1
N11	N11.HOG0012963	0	0	0	0	0	0	1	0	0	0	0	0	0	0	1
N11	N11.HOG0012964	0	0	0	0	0	0	0	0	0	0	0	0	0	0	2
N11	N11.HOG0012965	0	0	0	0	0	0	1	0	0	0	0	0	0	0	1
N11	N11.HOG0012966	0	0	0	0	0	0	1	0	0	0	0	0	0	0	1
N11	N11.HOG0012967	0	0	0	0	0	0	1	0	0	0	0	0	0	0	1
N11	N11.HOG0012968	0	0	0	0	0	0	1	0	0	0	0	0	0	0	1
N11	N11.HOG0012969	0	0	0	0	0	0	1	0	0	0	0	0	0	0	1
N11	N11.HOG0012970	0	0	0	0	0	0	0	0	0	0	0	0	0	0	2
N11	N11.HOG0012971	0	1	0	0	1	0	0	0	0	0	0	0	0	0	0
N11	N11.HOG0012972	0	1	0	0	1	0	0	0	0	0	0	0	0	0	0
N11	N11.HOG0012973	0	1	0	0	1	0	0	0	0	0	0	0	0	0	0
N11	N11.HOG0012974	0	1	0	0	1	0	0	0	0	0	0	0	0	0	0
N11	N11.HOG0012975	0	1	0	0	1	0	0	0	0	0	0	0	0	0	0
N11	N11.HOG0012976	0	1	0	0	1	0	0	0	0	0	0	0	0	0	0
N11	N11.HOG0012977	0	1	0	0	1	0	0	0	0	0	0	0	0	0	0
N11	N11.HOG0012978	0	1	0	0	1	0	0	0	0	0	0	0	0	0	0
N11	N11.HOG0012979	0	1	0	0	1	0	0	0	0	0	0	0	0	0	0
N11	N11.HOG0012980	0	1	0	0	1	0	0	0	0	0	0	0	0	0	0
N11	N11.HOG0012981	0	1	0	0	1	0	0	0	0	0	0	0	0	0	0
N11	N11.HOG0012982	0	1	0	0	1	0	0	0	0	0	0	0	0	0	0
N11	N11.HOG0012983	0	2	0	0	0	0	0	0	0	0	0	0	0	0	0
N11	N11.HOG0012984	0	1	0	0	1	0	0	0	0	0	0	0	0	0	0
N11	N11.HOG0012985	0	1	0	0	1	0	0	0	0	0	0	0	0	0	0
N11	N11.HOG0012986	0	1	0	0	1	0	0	0	0	0	0	0	0	0	0
N11	N11.HOG0012987	0	1	0	0	1	0	0	0	0	0	0	0	0	0	0
N11	N11.HOG0012988	0	1	0	0	1	0	0	0	0	0	0	0	0	0	0
N11	N11.HOG0012989	0	1	0	0	1	0	0	0	0	0	0	0	0	0	0
N11	N11.HOG0012990	0	1	0	0	1	0	0	0	0	0	0	0	0	0	0
N11	N11.HOG0012991	0	1	0	0	1	0	0	0	0	0	0	0	0	0	0
N11	N11.HOG0012992	0	1	0	1	0	0	0	0	0	0	0	0	0	0	0
N11	N11.HOG0012993	0	1	0	0	1	0	0	0	0	0	0	0	0	0	0
N11	N11.HOG0012994	0	1	0	0	1	0	0	0	0	0	0	0	0	0	0
N11	N11.HOG0012995	0	2	0	0	0	0	0	0	0	0	0	0	0	0	0
N11	N11.HOG0012996	0	2	0	0	0	0	0	0	0	0	0	0	0	0	0
N11	N11.HOG0012997	0	2	0	0	0	0	0	0	0	0	0	0	0	0	0
N11	N11.HOG0012998	0	1	0	0	1	0	0	0	0	0	0	0	0	0	0
N11	N11.HOG0012999	0	1	0	0	1	0	0	0	0	0	0	0	0	0	0
N11	N11.HOG0013000	0	1	0	0	1	0	0	0	0	0	0	0	0	0	0
N11	N11.HOG0013001	0	1	0	0	1	0	0	0	0	0	0	0	0	0	0
N11	N11.HOG0013002	0	1	0	0	1	0	0	0	0	0	0	0	0	0	0
N11	N11.HOG0013003	0	1	0	0	1	0	0	0	0	0	0	0	0	0	0
N11	N11.HOG0013004	0	1	0	0	1	0	0	0	0	0	0	0	0	0	0
N11	N11.HOG0013005	0	1	0	0	1	0	0	0	0	0	0	0	0	0	0
N11	N11.HOG0013006	0	1	0	0	1	0	0	0	0	0	0	0	0	0	0
N11	N11.HOG0013007	0	1	0	0	1	0	0	0	0	0	0	0	0	0	0
N11	N11.HOG0013008	0	1	0	0	1	0	0	0	0	0	0	0	0	0	0
N11	N11.HOG0013009	0	1	0	0	1	0	0	0	0	0	0	0	0	0	0
N11	N11.HOG0013010	0	1	0	0	1	0	0	0	0	0	0	0	0	0	0
N11	N11.HOG0013011	0	1	0	0	1	0	0	0	0	0	0	0	0	0	0
N11	N11.HOG0013012	0	1	0	0	1	0	0	0	0	0	0	0	0	0	0
N11	N11.HOG0013013	0	1	0	0	1	0	0	0	0	0	0	0	0	0	0
N11	N11.HOG0013014	0	1	0	0	1	0	0	0	0	0	0	0	0	0	0
N11	N11.HOG0013015	0	1	0	0	1	0	0	0	0	0	0	0	0	0	0
N11	N11.HOG0013016	0	1	0	0	1	0	0	0	0	0	0	0	0	0	0
N11	N11.HOG0013017	0	1	0	0	0	0	1	0	0	0	0	0	0	0	0
N11	N11.HOG0013018	0	1	0	0	1	0	0	0	0	0	0	0	0	0	0
N11	N11.HOG0013019	0	1	0	0	1	0	0	0	0	0	0	0	0	0	0
N11	N11.HOG0013020	0	1	0	0	1	0	0	0	0	0	0	0	0	0	0
N11	N11.HOG0013021	0	1	0	0	1	0	0	0	0	0	0	0	0	0	0
N11	N11.HOG0013022	0	1	0	0	1	0	0	0	0	0	0	0	0	0	0
N11	N11.HOG0013023	0	1	0	0	1	0	0	0	0	0	0	0	0	0	0
N11	N11.HOG0013024	0	1	0	0	1	0	0	0	0	0	0	0	0	0	0
N11	N11.HOG0013025	0	1	0	1	0	0	0	0	0	0	0	0	0	0	0
N11	N11.HOG0013026	0	1	0	0	1	0	0	0	0	0	0	0	0	0	0
N11	N11.HOG0013027	0	1	0	0	1	0	0	0	0	0	0	0	0	0	0
N11	N11.HOG0013028	0	1	0	0	1	0	0	0	0	0	0	0	0	0	0
N11	N11.HOG0013029	0	1	0	0	0	0	1	0	0	0	0	0	0	0	0
N11	N11.HOG0013030	0	1	0	0	1	0	0	0	0	0	0	0	0	0	0
N11	N11.HOG0013031	0	1	0	0	1	0	0	0	0	0	0	0	0	0	0
N11	N11.HOG0013032	0	1	0	0	1	0	0	0	0	0	0	0	0	0	0
N11	N11.HOG0013033	0	1	0	0	1	0	0	0	0	0	0	0	0	0	0
N11	N11.HOG0013034	0	1	0	0	1	0	0	0	0	0	0	0	0	0	0
N11	N11.HOG0013035	0	1	0	0	1	0	0	0	0	0	0	0	0	0	0
N11	N11.HOG0013036	0	1	0	0	1	0	0	0	0	0	0	0	0	0	0
N11	N11.HOG0013037	0	1	0	0	1	0	0	0	0	0	0	0	0	0	0
N11	N11.HOG0013038	0	1	0	0	1	0	0	0	0	0	0	0	0	0	0
N11	N11.HOG0013039	0	1	0	0	1	0	0	0	0	0	0	0	0	0	0
N11	N11.HOG0013040	0	1	0	0	1	0	0	0	0	0	0	0	0	0	0
N11	N11.HOG0013041	0	1	0	0	1	0	0	0	0	0	0	0	0	0	0
N11	N11.HOG0013042	0	1	0	0	1	0	0	0	0	0	0	0	0	0	0
N11	N11.HOG0013043	0	1	0	0	1	0	0	0	0	0	0	0	0	0	0
N11	N11.HOG0013044	0	1	0	0	1	0	0	0	0	0	0	0	0	0	0
N11	N11.HOG0013045	0	1	0	0	1	0	0	0	0	0	0	0	0	0	0
N11	N11.HOG0013046	0	1	0	0	1	0	0	0	0	0	0	0	0	0	0
N11	N11.HOG0013047	0	1	0	0	1	0	0	0	0	0	0	0	0	0	0
N11	N11.HOG0013048	0	1	0	0	1	0	0	0	0	0	0	0	0	0	0
N11	N11.HOG0013049	0	1	0	0	1	0	0	0	0	0	0	0	0	0	0
N11	N11.HOG0013050	0	1	0	0	1	0	0	0	0	0	0	0	0	0	0
N11	N11.HOG0013051	0	1	0	0	1	0	0	0	0	0	0	0	0	0	0
N11	N11.HOG0013052	0	1	0	0	1	0	0	0	0	0	0	0	0	0	0
N11	N11.HOG0013053	0	1	0	0	1	0	0	0	0	0	0	0	0	0	0
N11	N11.HOG0013054	0	1	0	0	1	0	0	0	0	0	0	0	0	0	0
N11	N11.HOG0013055	0	1	0	0	1	0	0	0	0	0	0	0	0	0	0
N11	N11.HOG0013056	0	1	0	0	1	0	0	0	0	0	0	0	0	0	0
N11	N11.HOG0013057	0	1	0	0	1	0	0	0	0	0	0	0	0	0	0
N11	N11.HOG0013058	0	1	0	0	1	0	0	0	0	0	0	0	0	0	0
N11	N11.HOG0013059	0	1	0	0	1	0	0	0	0	0	0	0	0	0	0
N11	N11.HOG0013060	0	1	0	0	0	0	0	0	0	0	1	0	0	0	0
N11	N11.HOG0013061	0	1	0	0	1	0	0	0	0	0	0	0	0	0	0
N11	N11.HOG0013062	0	2	0	0	0	0	0	0	0	0	0	0	0	0	0
N11	N11.HOG0013063	0	1	0	0	1	0	0	0	0	0	0	0	0	0	0
N11	N11.HOG0013064	0	1	0	0	1	0	0	0	0	0	0	0	0	0	0
N11	N11.HOG0013065	0	1	0	0	1	0	0	0	0	0	0	0	0	0	0
N11	N11.HOG0013066	0	1	0	0	1	0	0	0	0	0	0	0	0	0	0
N11	N11.HOG0013067	0	1	0	0	1	0	0	0	0	0	0	0	0	0	0
N11	N11.HOG0013068	0	1	0	0	1	0	0	0	0	0	0	0	0	0	0
N11	N11.HOG0013069	0	1	0	0	1	0	0	0	0	0	0	0	0	0	0
N11	N11.HOG0013070	0	1	0	0	1	0	0	0	0	0	0	0	0	0	0
N11	N11.HOG0013071	0	1	0	0	1	0	0	0	0	0	0	0	0	0	0
N11	N11.HOG0013072	0	1	0	0	1	0	0	0	0	0	0	0	0	0	0
N11	N11.HOG0013073	0	2	0	0	0	0	0	0	0	0	0	0	0	0	0
N11	N11.HOG0013074	0	1	0	0	1	0	0	0	0	0	0	0	0	0	0
N11	N11.HOG0013075	0	1	0	0	1	0	0	0	0	0	0	0	0	0	0
N11	N11.HOG0013076	0	1	0	0	1	0	0	0	0	0	0	0	0	0	0
N11	N11.HOG0013077	0	1	0	0	1	0	0	0	0	0	0	0	0	0	0
N11	N11.HOG0013078	0	1	0	0	1	0	0	0	0	0	0	0	0	0	0
N11	N11.HOG0013079	0	1	0	0	1	0	0	0	0	0	0	0	0	0	0
N11	N11.HOG0013080	0	1	0	0	1	0	0	0	0	0	0	0	0	0	0
N11	N11.HOG0013081	0	1	0	0	1	0	0	0	0	0	0	0	0	0	0
N11	N11.HOG0013082	0	1	0	0	1	0	0	0	0	0	0	0	0	0	0
N11	N11.HOG0013083	0	1	0	0	1	0	0	0	0	0	0	0	0	0	0
N11	N11.HOG0013084	0	1	0	0	0	0	0	0	1	0	0	0	0	0	0
N11	N11.HOG0013085	0	1	0	0	1	0	0	0	0	0	0	0	0	0	0
N11	N11.HOG0013086	0	1	0	0	1	0	0	0	0	0	0	0	0	0	0
N11	N11.HOG0013087	0	1	0	0	1	0	0	0	0	0	0	0	0	0	0
N11	N11.HOG0013088	0	1	0	0	1	0	0	0	0	0	0	0	0	0	0
N11	N11.HOG0013089	0	2	0	0	0	0	0	0	0	0	0	0	0	0	0
N11	N11.HOG0013090	0	1	0	0	1	0	0	0	0	0	0	0	0	0	0
N11	N11.HOG0013091	0	2	0	0	0	0	0	0	0	0	0	0	0	0	0
N11	N11.HOG0013092	0	1	0	0	1	0	0	0	0	0	0	0	0	0	0
N11	N11.HOG0013093	0	1	0	0	1	0	0	0	0	0	0	0	0	0	0
N11	N11.HOG0013094	0	1	0	0	1	0	0	0	0	0	0	0	0	0	0
N11	N11.HOG0013095	0	1	0	0	1	0	0	0	0	0	0	0	0	0	0
N11	N11.HOG0013096	0	1	0	0	1	0	0	0	0	0	0	0	0	0	0
N11	N11.HOG0013097	0	1	0	0	1	0	0	0	0	0	0	0	0	0	0
N11	N11.HOG0013098	0	1	0	0	1	0	0	0	0	0	0	0	0	0	0
N11	N11.HOG0013099	0	1	0	0	1	0	0	0	0	0	0	0	0	0	0
N11	N11.HOG0013100	0	1	0	0	1	0	0	0	0	0	0	0	0	0	0
N11	N11.HOG0013101	0	1	0	0	1	0	0	0	0	0	0	0	0	0	0
N11	N11.HOG0013102	0	1	0	0	1	0	0	0	0	0	0	0	0	0	0
N11	N11.HOG0013103	0	2	0	0	0	0	0	0	0	0	0	0	0	0	0
N11	N11.HOG0013104	0	1	0	0	1	0	0	0	0	0	0	0	0	0	0
N11	N11.HOG0013105	0	1	0	0	0	0	1	0	0	0	0	0	0	0	0
N11	N11.HOG0013106	0	1	0	0	1	0	0	0	0	0	0	0	0	0	0
N11	N11.HOG0013107	0	1	0	0	1	0	0	0	0	0	0	0	0	0	0
N11	N11.HOG0013108	0	1	0	0	1	0	0	0	0	0	0	0	0	0	0
N11	N11.HOG0013109	0	1	0	0	1	0	0	0	0	0	0	0	0	0	0
N11	N11.HOG0013110	0	1	0	0	1	0	0	0	0	0	0	0	0	0	0
N11	N11.HOG0013111	0	1	0	0	1	0	0	0	0	0	0	0	0	0	0
N11	N11.HOG0013112	0	1	0	0	1	0	0	0	0	0	0	0	0	0	0
N11	N11.HOG0013113	0	1	0	0	1	0	0	0	0	0	0	0	0	0	0
N11	N11.HOG0013114	0	2	0	0	0	0	0	0	0	0	0	0	0	0	0
N11	N11.HOG0013115	0	1	0	0	1	0	0	0	0	0	0	0	0	0	0
N11	N11.HOG0013116	0	1	0	0	1	0	0	0	0	0	0	0	0	0	0
N11	N11.HOG0013117	0	1	0	0	1	0	0	0	0	0	0	0	0	0	0
N11	N11.HOG0013118	0	1	0	0	1	0	0	0	0	0	0	0	0	0	0
N11	N11.HOG0013119	0	1	0	0	1	0	0	0	0	0	0	0	0	0	0
N11	N11.HOG0013120	0	1	0	0	1	0	0	0	0	0	0	0	0	0	0
N11	N11.HOG0013121	0	1	0	0	1	0	0	0	0	0	0	0	0	0	0
N11	N11.HOG0013122	0	1	0	0	1	0	0	0	0	0	0	0	0	0	0
N11	N11.HOG0013123	0	1	0	0	1	0	0	0	0	0	0	0	0	0	0
N11	N11.HOG0013124	0	1	0	0	1	0	0	0	0	0	0	0	0	0	0
N11	N11.HOG0013125	0	1	0	0	1	0	0	0	0	0	0	0	0	0	0
N11	N11.HOG0013126	0	1	0	0	1	0	0	0	0	0	0	0	0	0	0
N11	N11.HOG0013127	0	1	0	0	1	0	0	0	0	0	0	0	0	0	0
N11	N11.HOG0013128	0	1	0	0	1	0	0	0	0	0	0	0	0	0	0
N11	N11.HOG0013129	0	1	0	0	1	0	0	0	0	0	0	0	0	0	0
N11	N11.HOG0013130	0	1	0	0	1	0	0	0	0	0	0	0	0	0	0
N11	N11.HOG0013131	0	1	0	0	1	0	0	0	0	0	0	0	0	0	0
N11	N11.HOG0013132	0	1	0	0	1	0	0	0	0	0	0	0	0	0	0
N11	N11.HOG0013133	0	1	0	0	1	0	0	0	0	0	0	0	0	0	0
N11	N11.HOG0013134	0	1	0	0	1	0	0	0	0	0	0	0	0	0	0
N11	N11.HOG0013135	0	1	0	0	0	0	0	0	0	0	1	0	0	0	0
N11	N11.HOG0013136	0	1	0	0	1	0	0	0	0	0	0	0	0	0	0
N11	N11.HOG0013137	0	1	0	0	1	0	0	0	0	0	0	0	0	0	0
N11	N11.HOG0013138	0	1	0	0	1	0	0	0	0	0	0	0	0	0	0
N11	N11.HOG0013139	0	1	0	0	1	0	0	0	0	0	0	0	0	0	0
N11	N11.HOG0013140	0	1	0	0	1	0	0	0	0	0	0	0	0	0	0
N11	N11.HOG0013141	0	1	0	0	0	0	0	0	0	1	0	0	0	0	0
N11	N11.HOG0013142	0	1	0	0	1	0	0	0	0	0	0	0	0	0	0
N11	N11.HOG0013143	0	2	0	0	0	0	0	0	0	0	0	0	0	0	0
N11	N11.HOG0013144	0	1	0	0	1	0	0	0	0	0	0	0	0	0	0
N11	N11.HOG0013145	0	1	0	0	1	0	0	0	0	0	0	0	0	0	0
N11	N11.HOG0013146	0	1	0	0	1	0	0	0	0	0	0	0	0	0	0
N11	N11.HOG0013147	0	1	0	0	0	0	1	0	0	0	0	0	0	0	0
N11	N11.HOG0013148	0	1	0	0	1	0	0	0	0	0	0	0	0	0	0
N11	N11.HOG0013149	0	1	0	0	1	0	0	0	0	0	0	0	0	0	0
N11	N11.HOG0013150	0	1	0	0	1	0	0	0	0	0	0	0	0	0	0
N11	N11.HOG0013151	0	1	0	0	1	0	0	0	0	0	0	0	0	0	0
N11	N11.HOG0013152	0	2	0	0	0	0	0	0	0	0	0	0	0	0	0
N11	N11.HOG0013153	0	1	0	0	1	0	0	0	0	0	0	0	0	0	0
N11	N11.HOG0013154	0	1	0	0	1	0	0	0	0	0	0	0	0	0	0
N11	N11.HOG0013155	0	1	0	0	1	0	0	0	0	0	0	0	0	0	0
N11	N11.HOG0013156	0	1	0	0	1	0	0	0	0	0	0	0	0	0	0
N11	N11.HOG0013157	0	1	0	0	1	0	0	0	0	0	0	0	0	0	0
N11	N11.HOG0013158	0	2	0	0	0	0	0	0	0	0	0	0	0	0	0
N11	N11.HOG0013159	0	1	0	0	1	0	0	0	0	0	0	0	0	0	0
N11	N11.HOG0013160	0	1	0	0	1	0	0	0	0	0	0	0	0	0	0
N11	N11.HOG0013161	0	1	0	0	1	0	0	0	0	0	0	0	0	0	0
N11	N11.HOG0013162	0	1	0	0	1	0	0	0	0	0	0	0	0	0	0
N11	N11.HOG0013163	0	1	0	0	1	0	0	0	0	0	0	0	0	0	0
N11	N11.HOG0013164	0	1	0	0	1	0	0	0	0	0	0	0	0	0	0
N11	N11.HOG0013165	0	1	0	0	1	0	0	0	0	0	0	0	0	0	0
N11	N11.HOG0013166	0	1	0	0	1	0	0	0	0	0	0	0	0	0	0
N11	N11.HOG0013167	0	1	0	0	1	0	0	0	0	0	0	0	0	0	0
N11	N11.HOG0013168	0	1	0	0	0	0	1	0	0	0	0	0	0	0	0
N11	N11.HOG0013169	0	1	0	0	1	0	0	0	0	0	0	0	0	0	0
N11	N11.HOG0013170	0	1	0	0	1	0	0	0	0	0	0	0	0	0	0
N11	N11.HOG0013171	0	2	0	0	0	0	0	0	0	0	0	0	0	0	0
N11	N11.HOG0013172	0	1	0	0	1	0	0	0	0	0	0	0	0	0	0
N11	N11.HOG0013173	0	1	0	0	1	0	0	0	0	0	0	0	0	0	0
N11	N11.HOG0013174	0	1	0	0	1	0	0	0	0	0	0	0	0	0	0
N11	N11.HOG0013175	0	1	0	0	1	0	0	0	0	0	0	0	0	0	0
N11	N11.HOG0013176	0	1	0	0	1	0	0	0	0	0	0	0	0	0	0
N11	N11.HOG0013177	0	2	0	0	0	0	0	0	0	0	0	0	0	0	0
N11	N11.HOG0013178	0	1	0	0	1	0	0	0	0	0	0	0	0	0	0
N11	N11.HOG0013179	0	1	0	0	0	0	1	0	0	0	0	0	0	0	0
N11	N11.HOG0013180	0	2	0	0	0	0	0	0	0	0	0	0	0	0	0
N11	N11.HOG0013181	0	1	0	0	1	0	0	0	0	0	0	0	0	0	0
N11	N11.HOG0013182	0	1	0	0	0	0	0	1	0	0	0	0	0	0	0
N11	N11.HOG0013183	0	1	0	0	1	0	0	0	0	0	0	0	0	0	0
N11	N11.HOG0013184	0	1	0	0	1	0	0	0	0	0	0	0	0	0	0
N11	N11.HOG0013185	0	1	0	0	0	0	1	0	0	0	0	0	0	0	0
N11	N11.HOG0013186	0	1	0	0	1	0	0	0	0	0	0	0	0	0	0
N11	N11.HOG0013187	0	1	0	0	1	0	0	0	0	0	0	0	0	0	0
N11	N11.HOG0013188	0	1	0	0	1	0	0	0	0	0	0	0	0	0	0
N11	N11.HOG0013189	0	1	0	0	1	0	0	0	0	0	0	0	0	0	0
N11	N11.HOG0013190	0	1	0	0	1	0	0	0	0	0	0	0	0	0	0
N11	N11.HOG0013191	0	1	0	0	1	0	0	0	0	0	0	0	0	0	0
N11	N11.HOG0013192	0	2	0	0	0	0	0	0	0	0	0	0	0	0	0
N11	N11.HOG0013193	0	2	0	0	0	0	0	0	0	0	0	0	0	0	0
N11	N11.HOG0013194	0	1	0	0	1	0	0	0	0	0	0	0	0	0	0
N11	N11.HOG0013195	0	1	0	0	1	0	0	0	0	0	0	0	0	0	0
N11	N11.HOG0013196	0	1	0	0	1	0	0	0	0	0	0	0	0	0	0
N11	N11.HOG0013197	0	1	0	0	1	0	0	0	0	0	0	0	0	0	0
N11	N11.HOG0013198	0	1	0	0	1	0	0	0	0	0	0	0	0	0	0
N11	N11.HOG0013199	0	1	0	0	1	0	0	0	0	0	0	0	0	0	0
N11	N11.HOG0013200	0	1	0	0	1	0	0	0	0	0	0	0	0	0	0
N11	N11.HOG0013201	0	1	0	0	1	0	0	0	0	0	0	0	0	0	0
N11	N11.HOG0013202	0	1	0	0	1	0	0	0	0	0	0	0	0	0	0
N11	N11.HOG0013203	0	1	0	0	1	0	0	0	0	0	0	0	0	0	0
N11	N11.HOG0013204	0	1	0	0	1	0	0	0	0	0	0	0	0	0	0
N11	N11.HOG0013205	0	1	0	0	0	0	1	0	0	0	0	0	0	0	0
N11	N11.HOG0013206	0	1	0	0	0	0	1	0	0	0	0	0	0	0	0
N11	N11.HOG0013207	0	1	0	0	1	0	0	0	0	0	0	0	0	0	0
N11	N11.HOG0013208	0	1	0	0	1	0	0	0	0	0	0	0	0	0	0
N11	N11.HOG0013209	0	1	0	0	1	0	0	0	0	0	0	0	0	0	0
N11	N11.HOG0013210	0	1	0	0	1	0	0	0	0	0	0	0	0	0	0
N11	N11.HOG0013211	0	1	0	0	1	0	0	0	0	0	0	0	0	0	0
N11	N11.HOG0013212	0	1	0	0	1	0	0	0	0	0	0	0	0	0	0
N11	N11.HOG0013213	0	1	0	0	1	0	0	0	0	0	0	0	0	0	0
N11	N11.HOG0013214	0	1	0	0	1	0	0	0	0	0	0	0	0	0	0
N11	N11.HOG0013215	0	1	0	0	1	0	0	0	0	0	0	0	0	0	0
N11	N11.HOG0013216	0	1	0	0	1	0	0	0	0	0	0	0	0	0	0
N11	N11.HOG0013217	0	1	0	0	1	0	0	0	0	0	0	0	0	0	0
N11	N11.HOG0013218	0	1	0	0	1	0	0	0	0	0	0	0	0	0	0
N11	N11.HOG0013219	0	1	0	0	1	0	0	0	0	0	0	0	0	0	0
N11	N11.HOG0013220	0	1	0	0	1	0	0	0	0	0	0	0	0	0	0
N11	N11.HOG0013221	0	1	0	0	1	0	0	0	0	0	0	0	0	0	0
N11	N11.HOG0013222	0	1	0	0	1	0	0	0	0	0	0	0	0	0	0
N11	N11.HOG0013223	0	1	0	0	1	0	0	0	0	0	0	0	0	0	0
N11	N11.HOG0013224	0	1	0	0	1	0	0	0	0	0	0	0	0	0	0
N11	N11.HOG0013225	0	1	0	0	1	0	0	0	0	0	0	0	0	0	0
N11	N11.HOG0013226	0	1	0	0	0	0	1	0	0	0	0	0	0	0	0
N11	N11.HOG0013227	0	1	0	0	1	0	0	0	0	0	0	0	0	0	0
N11	N11.HOG0013228	0	1	0	0	1	0	0	0	0	0	0	0	0	0	0
N11	N11.HOG0013229	0	1	0	0	1	0	0	0	0	0	0	0	0	0	0
N11	N11.HOG0013230	0	1	0	0	1	0	0	0	0	0	0	0	0	0	0
N11	N11.HOG0013231	0	1	0	0	1	0	0	0	0	0	0	0	0	0	0
N11	N11.HOG0013232	0	2	0	0	0	0	0	0	0	0	0	0	0	0	0
N11	N11.HOG0013233	0	1	0	0	1	0	0	0	0	0	0	0	0	0	0
N11	N11.HOG0013234	0	2	0	0	0	0	0	0	0	0	0	0	0	0	0
N11	N11.HOG0013235	0	1	0	0	1	0	0	0	0	0	0	0	0	0	0
N11	N11.HOG0013236	0	1	0	0	1	0	0	0	0	0	0	0	0	0	0
N11	N11.HOG0013237	0	1	0	0	1	0	0	0	0	0	0	0	0	0	0
N11	N11.HOG0013238	0	1	0	0	1	0	0	0	0	0	0	0	0	0	0
N11	N11.HOG0013239	0	1	0	0	1	0	0	0	0	0	0	0	0	0	0
N11	N11.HOG0013240	0	1	0	0	1	0	0	0	0	0	0	0	0	0	0
N11	N11.HOG0013241	0	1	0	0	1	0	0	0	0	0	0	0	0	0	0
N11	N11.HOG0013242	0	1	0	0	1	0	0	0	0	0	0	0	0	0	0
N11	N11.HOG0013243	0	1	0	0	1	0	0	0	0	0	0	0	0	0	0
N11	N11.HOG0013244	0	2	0	0	0	0	0	0	0	0	0	0	0	0	0
N11	N11.HOG0013245	0	1	0	0	1	0	0	0	0	0	0	0	0	0	0
N11	N11.HOG0013246	0	1	0	0	1	0	0	0	0	0	0	0	0	0	0
N11	N11.HOG0013247	0	1	0	0	1	0	0	0	0	0	0	0	0	0	0
N11	N11.HOG0013248	0	1	0	0	1	0	0	0	0	0	0	0	0	0	0
N11	N11.HOG0013249	0	1	0	0	1	0	0	0	0	0	0	0	0	0	0
N11	N11.HOG0013250	0	1	0	0	0	0	1	0	0	0	0	0	0	0	0
N11	N11.HOG0013251	0	1	0	0	1	0	0	0	0	0	0	0	0	0	0
N11	N11.HOG0013252	0	1	0	0	1	0	0	0	0	0	0	0	0	0	0
N11	N11.HOG0013253	0	1	0	0	1	0	0	0	0	0	0	0	0	0	0
N11	N11.HOG0013254	0	1	0	0	1	0	0	0	0	0	0	0	0	0	0
N11	N11.HOG0013255	0	2	0	0	0	0	0	0	0	0	0	0	0	0	0
N11	N11.HOG0013256	0	1	0	0	1	0	0	0	0	0	0	0	0	0	0
N11	N11.HOG0013257	0	1	0	0	1	0	0	0	0	0	0	0	0	0	0
N11	N11.HOG0013258	0	1	0	0	1	0	0	0	0	0	0	0	0	0	0
N11	N11.HOG0013259	0	1	0	0	1	0	0	0	0	0	0	0	0	0	0
N11	N11.HOG0013260	0	1	0	0	1	0	0	0	0	0	0	0	0	0	0
N11	N11.HOG0013261	0	1	0	0	1	0	0	0	0	0	0	0	0	0	0
N11	N11.HOG0013262	0	1	0	0	1	0	0	0	0	0	0	0	0	0	0
N11	N11.HOG0013263	0	1	0	0	1	0	0	0	0	0	0	0	0	0	0
N11	N11.HOG0013264	0	2	0	0	0	0	0	0	0	0	0	0	0	0	0
N11	N11.HOG0013265	0	1	0	0	0	0	1	0	0	0	0	0	0	0	0
N11	N11.HOG0013266	0	1	0	0	1	0	0	0	0	0	0	0	0	0	0
N11	N11.HOG0013267	0	1	0	0	1	0	0	0	0	0	0	0	0	0	0
N11	N11.HOG0013268	0	1	0	0	1	0	0	0	0	0	0	0	0	0	0
N11	N11.HOG0013269	0	1	0	0	1	0	0	0	0	0	0	0	0	0	0
N11	N11.HOG0013270	0	1	0	0	1	0	0	0	0	0	0	0	0	0	0
N11	N11.HOG0013271	0	1	0	0	1	0	0	0	0	0	0	0	0	0	0
N11	N11.HOG0013272	0	1	0	0	1	0	0	0	0	0	0	0	0	0	0
N11	N11.HOG0013273	0	1	0	0	1	0	0	0	0	0	0	0	0	0	0
N11	N11.HOG0013274	0	1	0	0	1	0	0	0	0	0	0	0	0	0	0
N11	N11.HOG0013275	0	1	0	0	1	0	0	0	0	0	0	0	0	0	0
N11	N11.HOG0013276	0	1	0	0	1	0	0	0	0	0	0	0	0	0	0
N11	N11.HOG0013277	0	1	0	0	1	0	0	0	0	0	0	0	0	0	0
N11	N11.HOG0013278	0	1	0	0	1	0	0	0	0	0	0	0	0	0	0
N11	N11.HOG0013279	0	1	0	0	1	0	0	0	0	0	0	0	0	0	0
N11	N11.HOG0013280	0	1	0	0	1	0	0	0	0	0	0	0	0	0	0
N11	N11.HOG0013281	0	1	0	0	1	0	0	0	0	0	0	0	0	0	0
N11	N11.HOG0013282	0	1	0	0	1	0	0	0	0	0	0	0	0	0	0
N11	N11.HOG0013283	0	1	0	0	1	0	0	0	0	0	0	0	0	0	0
N11	N11.HOG0013284	0	1	0	0	1	0	0	0	0	0	0	0	0	0	0
N11	N11.HOG0013285	0	1	0	0	0	0	1	0	0	0	0	0	0	0	0
N11	N11.HOG0013286	0	2	0	0	0	0	0	0	0	0	0	0	0	0	0
N11	N11.HOG0013287	0	1	0	0	1	0	0	0	0	0	0	0	0	0	0
N11	N11.HOG0013288	0	1	0	0	1	0	0	0	0	0	0	0	0	0	0
N11	N11.HOG0013289	0	1	0	0	1	0	0	0	0	0	0	0	0	0	0
N11	N11.HOG0013290	0	1	0	0	1	0	0	0	0	0	0	0	0	0	0
N11	N11.HOG0013291	0	1	0	0	0	0	1	0	0	0	0	0	0	0	0
N11	N11.HOG0013292	0	1	0	0	1	0	0	0	0	0	0	0	0	0	0
N11	N11.HOG0013293	0	1	0	0	1	0	0	0	0	0	0	0	0	0	0
N11	N11.HOG0013294	0	1	0	0	1	0	0	0	0	0	0	0	0	0	0
N11	N11.HOG0013295	0	1	0	0	1	0	0	0	0	0	0	0	0	0	0
N11	N11.HOG0013296	0	1	0	0	1	0	0	0	0	0	0	0	0	0	0
N11	N11.HOG0013297	0	1	0	0	1	0	0	0	0	0	0	0	0	0	0
N11	N11.HOG0013298	0	1	0	0	1	0	0	0	0	0	0	0	0	0	0
N11	N11.HOG0013299	0	1	0	0	1	0	0	0	0	0	0	0	0	0	0
N11	N11.HOG0013300	0	1	0	0	1	0	0	0	0	0	0	0	0	0	0
N11	N11.HOG0013301	0	1	0	0	1	0	0	0	0	0	0	0	0	0	0
N11	N11.HOG0013302	0	1	0	0	1	0	0	0	0	0	0	0	0	0	0
N11	N11.HOG0013303	0	1	0	0	1	0	0	0	0	0	0	0	0	0	0
N11	N11.HOG0013304	0	1	0	0	1	0	0	0	0	0	0	0	0	0	0
N11	N11.HOG0013305	0	1	0	0	1	0	0	0	0	0	0	0	0	0	0
N11	N11.HOG0013306	0	2	0	0	0	0	0	0	0	0	0	0	0	0	0
N11	N11.HOG0013307	0	1	0	0	1	0	0	0	0	0	0	0	0	0	0
N11	N11.HOG0013308	0	2	0	0	0	0	0	0	0	0	0	0	0	0	0
N11	N11.HOG0013309	0	1	0	0	1	0	0	0	0	0	0	0	0	0	0
N11	N11.HOG0013310	0	1	0	0	0	0	0	0	0	1	0	0	0	0	0
N11	N11.HOG0013311	0	1	0	0	1	0	0	0	0	0	0	0	0	0	0
N11	N11.HOG0013312	0	1	0	0	1	0	0	0	0	0	0	0	0	0	0
N11	N11.HOG0013313	0	1	0	0	0	0	1	0	0	0	0	0	0	0	0
N11	N11.HOG0013314	0	2	0	0	0	0	0	0	0	0	0	0	0	0	0
N11	N11.HOG0013315	0	2	0	0	0	0	0	0	0	0	0	0	0	0	0
N11	N11.HOG0013316	0	1	0	0	1	0	0	0	0	0	0	0	0	0	0
N11	N11.HOG0013317	0	1	0	0	1	0	0	0	0	0	0	0	0	0	0
N11	N11.HOG0013318	0	1	0	0	1	0	0	0	0	0	0	0	0	0	0
N11	N11.HOG0013319	0	1	0	0	1	0	0	0	0	0	0	0	0	0	0
N11	N11.HOG0013320	0	1	0	0	1	0	0	0	0	0	0	0	0	0	0
N11	N11.HOG0013321	0	2	0	0	0	0	0	0	0	0	0	0	0	0	0
N11	N11.HOG0013322	0	2	0	0	0	0	0	0	0	0	0	0	0	0	0
N11	N11.HOG0013323	0	2	0	0	0	0	0	0	0	0	0	0	0	0	0
N11	N11.HOG0013324	0	1	0	0	1	0	0	0	0	0	0	0	0	0	0
N11	N11.HOG0013325	0	1	0	0	1	0	0	0	0	0	0	0	0	0	0
N11	N11.HOG0013326	0	1	0	0	1	0	0	0	0	0	0	0	0	0	0
N11	N11.HOG0013327	0	1	0	0	1	0	0	0	0	0	0	0	0	0	0
N11	N11.HOG0013328	0	1	0	0	1	0	0	0	0	0	0	0	0	0	0
N11	N11.HOG0013329	0	2	0	0	0	0	0	0	0	0	0	0	0	0	0
N11	N11.HOG0013330	0	2	0	0	0	0	0	0	0	0	0	0	0	0	0
N11	N11.HOG0013331	0	1	0	0	1	0	0	0	0	0	0	0	0	0	0
N11	N11.HOG0013332	0	2	0	0	0	0	0	0	0	0	0	0	0	0	0
N11	N11.HOG0013333	0	1	0	0	0	0	1	0	0	0	0	0	0	0	0
N11	N11.HOG0013334	0	1	0	0	1	0	0	0	0	0	0	0	0	0	0
N11	N11.HOG0013335	0	1	0	0	1	0	0	0	0	0	0	0	0	0	0
N11	N11.HOG0013336	0	1	0	0	1	0	0	0	0	0	0	0	0	0	0
N11	N11.HOG0013337	0	1	0	0	1	0	0	0	0	0	0	0	0	0	0
N11	N11.HOG0013338	0	1	0	0	1	0	0	0	0	0	0	0	0	0	0
N11	N11.HOG0013339	0	1	0	0	1	0	0	0	0	0	0	0	0	0	0
N11	N11.HOG0013340	0	1	0	0	1	0	0	0	0	0	0	0	0	0	0
N11	N11.HOG0013341	0	1	0	0	1	0	0	0	0	0	0	0	0	0	0
N11	N11.HOG0013342	0	2	0	0	0	0	0	0	0	0	0	0	0	0	0
N11	N11.HOG0013343	0	2	0	0	0	0	0	0	0	0	0	0	0	0	0
N11	N11.HOG0013344	0	2	0	0	0	0	0	0	0	0	0	0	0	0	0
N11	N11.HOG0013345	0	2	0	0	0	0	0	0	0	0	0	0	0	0	0
N11	N11.HOG0013346	0	2	0	0	0	0	0	0	0	0	0	0	0	0	0
N11	N11.HOG0013347	0	2	0	0	0	0	0	0	0	0	0	0	0	0	0
N11	N11.HOG0013348	0	2	0	0	0	0	0	0	0	0	0	0	0	0	0
N11	N11.HOG0013349	0	2	0	0	0	0	0	0	0	0	0	0	0	0	0
N11	N11.HOG0013350	0	2	0	0	0	0	0	0	0	0	0	0	0	0	0
N11	N11.HOG0013351	0	1	0	0	1	0	0	0	0	0	0	0	0	0	0
N11	N11.HOG0013352	0	1	0	0	1	0	0	0	0	0	0	0	0	0	0
N11	N11.HOG0013353	0	1	0	0	1	0	0	0	0	0	0	0	0	0	0
N11	N11.HOG0013354	0	2	0	0	0	0	0	0	0	0	0	0	0	0	0
N11	N11.HOG0013355	0	2	0	0	0	0	0	0	0	0	0	0	0	0	0
N11	N11.HOG0013356	0	2	0	0	0	0	0	0	0	0	0	0	0	0	0
N11	N11.HOG0013357	0	2	0	0	0	0	0	0	0	0	0	0	0	0	0
N11	N11.HOG0013358	0	2	0	0	0	0	0	0	0	0	0	0	0	0	0
N11	N11.HOG0013359	0	2	0	0	0	0	0	0	0	0	0	0	0	0	0
N11	N11.HOG0013360	0	2	0	0	0	0	0	0	0	0	0	0	0	0	0
N11	N11.HOG0013361	0	2	0	0	0	0	0	0	0	0	0	0	0	0	0
N11	N11.HOG0013362	0	2	0	0	0	0	0	0	0	0	0	0	0	0	0
N11	N11.HOG0013363	0	1	0	0	1	0	0	0	0	0	0	0	0	0	0
N11	N11.HOG0013364	0	1	0	0	1	0	0	0	0	0	0	0	0	0	0
N11	N11.HOG0013365	0	2	0	0	0	0	0	0	0	0	0	0	0	0	0
N11	N11.HOG0013366	0	2	0	0	0	0	0	0	0	0	0	0	0	0	0
N11	N11.HOG0013367	0	2	0	0	0	0	0	0	0	0	0	0	0	0	0
N11	N11.HOG0013368	0	2	0	0	0	0	0	0	0	0	0	0	0	0	0
N11	N11.HOG0013369	0	2	0	0	0	0	0	0	0	0	0	0	0	0	0
N11	N11.HOG0013370	0	2	0	0	0	0	0	0	0	0	0	0	0	0	0
N11	N11.HOG0013371	0	2	0	0	0	0	0	0	0	0	0	0	0	0	0
N11	N11.HOG0013372	0	2	0	0	0	0	0	0	0	0	0	0	0	0	0
N11	N11.HOG0013373	0	2	0	0	0	0	0	0	0	0	0	0	0	0	0
N11	N11.HOG0013374	0	2	0	0	0	0	0	0	0	0	0	0	0	0	0
N11	N11.HOG0013375	0	1	0	0	1	0	0	0	0	0	0	0	0	0	0
N11	N11.HOG0013376	0	2	0	0	0	0	0	0	0	0	0	0	0	0	0
N11	N11.HOG0013377	0	2	0	0	0	0	0	0	0	0	0	0	0	0	0
N11	N11.HOG0013378	0	2	0	0	0	0	0	0	0	0	0	0	0	0	0
N11	N11.HOG0013379	0	2	0	0	0	0	0	0	0	0	0	0	0	0	0
N11	N11.HOG0013380	0	1	0	0	1	0	0	0	0	0	0	0	0	0	0
N11	N11.HOG0013381	0	2	0	0	0	0	0	0	0	0	0	0	0	0	0
N11	N11.HOG0013382	0	2	0	0	0	0	0	0	0	0	0	0	0	0	0
N11	N11.HOG0013383	0	2	0	0	0	0	0	0	0	0	0	0	0	0	0
N11	N11.HOG0013384	0	2	0	0	0	0	0	0	0	0	0	0	0	0	0
N11	N11.HOG0013385	0	2	0	0	0	0	0	0	0	0	0	0	0	0	0
N11	N11.HOG0013386	0	2	0	0	0	0	0	0	0	0	0	0	0	0	0
N11	N11.HOG0013387	0	2	0	0	0	0	0	0	0	0	0	0	0	0	0
N11	N11.HOG0013388	0	2	0	0	0	0	0	0	0	0	0	0	0	0	0
N11	N11.HOG0013389	0	2	0	0	0	0	0	0	0	0	0	0	0	0	0
N11	N11.HOG0013390	0	2	0	0	0	0	0	0	0	0	0	0	0	0	0
N11	N11.HOG0013391	0	2	0	0	0	0	0	0	0	0	0	0	0	0	0
N11	N11.HOG0013392	0	2	0	0	0	0	0	0	0	0	0	0	0	0	0
N11	N11.HOG0013393	0	2	0	0	0	0	0	0	0	0	0	0	0	0	0
N11	N11.HOG0013394	0	2	0	0	0	0	0	0	0	0	0	0	0	0	0
N11	N11.HOG0013395	0	2	0	0	0	0	0	0	0	0	0	0	0	0	0
N11	N11.HOG0013396	0	2	0	0	0	0	0	0	0	0	0	0	0	0	0
N11	N11.HOG0013397	0	2	0	0	0	0	0	0	0	0	0	0	0	0	0
N11	N11.HOG0013398	0	2	0	0	0	0	0	0	0	0	0	0	0	0	0
N11	N11.HOG0013399	0	2	0	0	0	0	0	0	0	0	0	0	0	0	0
N11	N11.HOG0013400	0	2	0	0	0	0	0	0	0	0	0	0	0	0	0
N11	N11.HOG0013401	0	2	0	0	0	0	0	0	0	0	0	0	0	0	0
N11	N11.HOG0013402	0	2	0	0	0	0	0	0	0	0	0	0	0	0	0
N11	N11.HOG0013403	0	2	0	0	0	0	0	0	0	0	0	0	0	0	0
N11	N11.HOG0013404	0	2	0	0	0	0	0	0	0	0	0	0	0	0	0
N11	N11.HOG0013405	0	1	0	0	1	0	0	0	0	0	0	0	0	0	0
N11	N11.HOG0013406	0	2	0	0	0	0	0	0	0	0	0	0	0	0	0
N11	N11.HOG0013407	0	2	0	0	0	0	0	0	0	0	0	0	0	0	0
N11	N11.HOG0013408	0	2	0	0	0	0	0	0	0	0	0	0	0	0	0
N11	N11.HOG0013409	0	2	0	0	0	0	0	0	0	0	0	0	0	0	0
N11	N11.HOG0013410	0	2	0	0	0	0	0	0	0	0	0	0	0	0	0
N11	N11.HOG0013411	0	2	0	0	0	0	0	0	0	0	0	0	0	0	0
N11	N11.HOG0013412	0	2	0	0	0	0	0	0	0	0	0	0	0	0	0
N11	N11.HOG0013413	0	2	0	0	0	0	0	0	0	0	0	0	0	0	0
N11	N11.HOG0013414	0	2	0	0	0	0	0	0	0	0	0	0	0	0	0
N11	N11.HOG0013415	0	2	0	0	0	0	0	0	0	0	0	0	0	0	0
N11	N11.HOG0013416	0	2	0	0	0	0	0	0	0	0	0	0	0	0	0
N11	N11.HOG0013417	0	2	0	0	0	0	0	0	0	0	0	0	0	0	0
N11	N11.HOG0013418	0	2	0	0	0	0	0	0	0	0	0	0	0	0	0
N11	N11.HOG0013419	0	2	0	0	0	0	0	0	0	0	0	0	0	0	0
N11	N11.HOG0013420	0	2	0	0	0	0	0	0	0	0	0	0	0	0	0
N11	N11.HOG0013421	0	2	0	0	0	0	0	0	0	0	0	0	0	0	0
N11	N11.HOG0013422	0	2	0	0	0	0	0	0	0	0	0	0	0	0	0
N11	N11.HOG0013423	0	2	0	0	0	0	0	0	0	0	0	0	0	0	0
N11	N11.HOG0013424	0	2	0	0	0	0	0	0	0	0	0	0	0	0	0
N11	N11.HOG0013425	0	2	0	0	0	0	0	0	0	0	0	0	0	0	0
N11	N11.HOG0013426	0	2	0	0	0	0	0	0	0	0	0	0	0	0	0
N11	N11.HOG0013427	0	2	0	0	0	0	0	0	0	0	0	0	0	0	0
N11	N11.HOG0013428	0	2	0	0	0	0	0	0	0	0	0	0	0	0	0
N11	N11.HOG0013429	0	2	0	0	0	0	0	0	0	0	0	0	0	0	0
N11	N11.HOG0013430	0	2	0	0	0	0	0	0	0	0	0	0	0	0	0
N11	N11.HOG0013431	0	2	0	0	0	0	0	0	0	0	0	0	0	0	0
N11	N11.HOG0013432	0	2	0	0	0	0	0	0	0	0	0	0	0	0	0
N11	N11.HOG0013433	0	2	0	0	0	0	0	0	0	0	0	0	0	0	0
N11	N11.HOG0013434	0	2	0	0	0	0	0	0	0	0	0	0	0	0	0
N11	N11.HOG0013435	0	2	0	0	0	0	0	0	0	0	0	0	0	0	0
N11	N11.HOG0013436	0	2	0	0	0	0	0	0	0	0	0	0	0	0	0
N11	N11.HOG0013437	0	2	0	0	0	0	0	0	0	0	0	0	0	0	0
N11	N11.HOG0013438	0	2	0	0	0	0	0	0	0	0	0	0	0	0	0
N11	N11.HOG0013439	0	2	0	0	0	0	0	0	0	0	0	0	0	0	0
N11	N11.HOG0013440	0	2	0	0	0	0	0	0	0	0	0	0	0	0	0
N11	N11.HOG0013441	0	2	0	0	0	0	0	0	0	0	0	0	0	0	0
N11	N11.HOG0013442	0	2	0	0	0	0	0	0	0	0	0	0	0	0	0
N11	N11.HOG0013443	0	2	0	0	0	0	0	0	0	0	0	0	0	0	0
N11	N11.HOG0013444	0	2	0	0	0	0	0	0	0	0	0	0	0	0	0
N11	N11.HOG0013445	0	2	0	0	0	0	0	0	0	0	0	0	0	0	0
N11	N11.HOG0013446	0	2	0	0	0	0	0	0	0	0	0	0	0	0	0
N11	N11.HOG0013447	0	2	0	0	0	0	0	0	0	0	0	0	0	0	0
N11	N11.HOG0013448	0	2	0	0	0	0	0	0	0	0	0	0	0	0	0
N11	N11.HOG0013449	0	2	0	0	0	0	0	0	0	0	0	0	0	0	0
N11	N11.HOG0013450	0	2	0	0	0	0	0	0	0	0	0	0	0	0	0
N11	N11.HOG0013451	0	1	0	0	1	0	0	0	0	0	0	0	0	0	0
N11	N11.HOG0013452	0	2	0	0	0	0	0	0	0	0	0	0	0	0	0
N11	N11.HOG0013453	0	2	0	0	0	0	0	0	0	0	0	0	0	0	0
N11	N11.HOG0013454	0	2	0	0	0	0	0	0	0	0	0	0	0	0	0
N11	N11.HOG0013455	0	1	0	0	1	0	0	0	0	0	0	0	0	0	0
N11	N11.HOG0013456	0	2	0	0	0	0	0	0	0	0	0	0	0	0	0
N11	N11.HOG0013457	0	2	0	0	0	0	0	0	0	0	0	0	0	0	0
N11	N11.HOG0013458	0	1	0	0	1	0	0	0	0	0	0	0	0	0	0
N11	N11.HOG0013459	0	1	0	0	1	0	0	0	0	0	0	0	0	0	0
N11	N11.HOG0013460	0	2	0	0	0	0	0	0	0	0	0	0	0	0	0
N11	N11.HOG0013461	0	2	0	0	0	0	0	0	0	0	0	0	0	0	0
N11	N11.HOG0013462	0	2	0	0	0	0	0	0	0	0	0	0	0	0	0
N11	N11.HOG0013463	0	1	0	0	1	0	0	0	0	0	0	0	0	0	0
N11	N11.HOG0013464	0	2	0	0	0	0	0	0	0	0	0	0	0	0	0
N11	N11.HOG0013465	0	2	0	0	0	0	0	0	0	0	0	0	0	0	0
N11	N11.HOG0013466	0	2	0	0	0	0	0	0	0	0	0	0	0	0	0
N11	N11.HOG0013467	0	2	0	0	0	0	0	0	0	0	0	0	0	0	0
N11	N11.HOG0013468	0	1	0	0	1	0	0	0	0	0	0	0	0	0	0
N11	N11.HOG0013469	0	2	0	0	0	0	0	0	0	0	0	0	0	0	0
N11	N11.HOG0013470	0	2	0	0	0	0	0	0	0	0	0	0	0	0	0
N11	N11.HOG0013471	0	2	0	0	0	0	0	0	0	0	0	0	0	0	0
N11	N11.HOG0013472	0	2	0	0	0	0	0	0	0	0	0	0	0	0	0
N11	N11.HOG0013473	0	2	0	0	0	0	0	0	0	0	0	0	0	0	0
N11	N11.HOG0013474	0	1	0	0	1	0	0	0	0	0	0	0	0	0	0
N11	N11.HOG0013475	0	2	0	0	0	0	0	0	0	0	0	0	0	0	0
N11	N11.HOG0013476	0	2	0	0	0	0	0	0	0	0	0	0	0	0	0
N11	N11.HOG0013477	0	2	0	0	0	0	0	0	0	0	0	0	0	0	0
N11	N11.HOG0013478	0	1	0	0	1	0	0	0	0	0	0	0	0	0	0
N11	N11.HOG0013479	0	2	0	0	0	0	0	0	0	0	0	0	0	0	0
N11	N11.HOG0013480	0	1	0	0	1	0	0	0	0	0	0	0	0	0	0
N11	N11.HOG0013481	0	2	0	0	0	0	0	0	0	0	0	0	0	0	0
N11	N11.HOG0013482	0	2	0	0	0	0	0	0	0	0	0	0	0	0	0
N11	N11.HOG0013483	0	2	0	0	0	0	0	0	0	0	0	0	0	0	0
N11	N11.HOG0013484	0	2	0	0	0	0	0	0	0	0	0	0	0	0	0
N11	N11.HOG0013485	0	2	0	0	0	0	0	0	0	0	0	0	0	0	0
N11	N11.HOG0013486	0	2	0	0	0	0	0	0	0	0	0	0	0	0	0
N11	N11.HOG0013487	0	1	0	0	1	0	0	0	0	0	0	0	0	0	0
N11	N11.HOG0013488	0	2	0	0	0	0	0	0	0	0	0	0	0	0	0
N11	N11.HOG0013489	0	2	0	0	0	0	0	0	0	0	0	0	0	0	0
N11	N11.HOG0013490	0	1	0	0	1	0	0	0	0	0	0	0	0	0	0
N11	N11.HOG0013491	0	2	0	0	0	0	0	0	0	0	0	0	0	0	0
N11	N11.HOG0013492	0	2	0	0	0	0	0	0	0	0	0	0	0	0	0
N11	N11.HOG0013493	0	2	0	0	0	0	0	0	0	0	0	0	0	0	0
N11	N11.HOG0013494	0	1	0	0	1	0	0	0	0	0	0	0	0	0	0
N11	N11.HOG0013495	0	2	0	0	0	0	0	0	0	0	0	0	0	0	0
N11	N11.HOG0013496	0	2	0	0	0	0	0	0	0	0	0	0	0	0	0
N11	N11.HOG0013497	0	2	0	0	0	0	0	0	0	0	0	0	0	0	0
N11	N11.HOG0013498	0	1	0	0	1	0	0	0	0	0	0	0	0	0	0
N11	N11.HOG0013499	0	2	0	0	0	0	0	0	0	0	0	0	0	0	0
N11	N11.HOG0013500	0	1	0	0	1	0	0	0	0	0	0	0	0	0	0
N11	N11.HOG0013501	0	0	0	0	1	1	0	0	0	0	0	0	0	0	0
N11	N11.HOG0013502	0	0	0	0	1	1	0	0	0	0	0	0	0	0	0
N11	N11.HOG0013503	0	0	0	0	0	1	1	0	0	0	0	0	0	0	0
N11	N11.HOG0013504	0	0	0	0	1	1	0	0	0	0	0	0	0	0	0
N11	N11.HOG0013505	0	0	0	1	0	1	0	0	0	0	0	0	0	0	0
N11	N11.HOG0013506	0	0	0	0	1	1	0	0	0	0	0	0	0	0	0
N11	N11.HOG0013507	0	0	0	0	1	1	0	0	0	0	0	0	0	0	0
N11	N11.HOG0013508	0	0	0	0	1	1	0	0	0	0	0	0	0	0	0
N11	N11.HOG0013509	0	0	0	0	1	1	0	0	0	0	0	0	0	0	0
N11	N11.HOG0013510	0	0	0	0	1	1	0	0	0	0	0	0	0	0	0
N11	N11.HOG0013511	0	0	2	0	0	0	0	0	0	0	0	0	0	0	0
N11	N11.HOG0013512	0	0	1	0	0	0	0	0	0	1	0	0	0	0	0
N11	N11.HOG0013513	0	0	1	0	1	0	0	0	0	0	0	0	0	0	0
N11	N11.HOG0013515	0	0	2	0	0	0	0	0	0	0	0	0	0	0	0
N11	N11.HOG0013516	0	0	0	0	1	0	1	0	0	0	0	0	0	0	0
N11	N11.HOG0013517	0	0	0	1	1	0	0	0	0	0	0	0	0	0	0
N11	N11.HOG0013518	0	0	0	0	1	0	1	0	0	0	0	0	0	0	0
N11	N11.HOG0013519	0	0	0	0	1	0	1	0	0	0	0	0	0	0	0
N11	N11.HOG0013520	0	0	0	0	1	0	1	0	0	0	0	0	0	0	0
N11	N11.HOG0013521	0	0	0	0	2	0	0	0	0	0	0	0	0	0	0
N11	N11.HOG0013522	0	0	0	0	2	0	0	0	0	0	0	0	0	0	0
N11	N11.HOG0013523	0	0	0	0	2	0	0	0	0	0	0	0	0	0	0
N11	N11.HOG0013524	0	0	0	0	1	0	1	0	0	0	0	0	0	0	0
N11	N11.HOG0013525	0	0	0	0	1	0	1	0	0	0	0	0	0	0	0
N11	N11.HOG0013526	0	0	0	0	2	0	0	0	0	0	0	0	0	0	0
N11	N11.HOG0013527	0	0	0	0	1	0	1	0	0	0	0	0	0	0	0
N11	N11.HOG0013528	0	0	0	0	1	0	1	0	0	0	0	0	0	0	0
N11	N11.HOG0013529	0	0	0	0	1	0	1	0	0	0	0	0	0	0	0
N11	N11.HOG0013530	0	0	0	0	1	0	1	0	0	0	0	0	0	0	0
N11	N11.HOG0013531	0	0	0	0	1	0	0	0	0	0	1	0	0	0	0
N11	N11.HOG0013532	0	0	0	0	1	0	1	0	0	0	0	0	0	0	0
N11	N11.HOG0013533	0	0	0	1	1	0	0	0	0	0	0	0	0	0	0
N11	N11.HOG0013534	0	0	0	0	2	0	0	0	0	0	0	0	0	0	0
N11	N11.HOG0013535	0	0	0	0	2	0	0	0	0	0	0	0	0	0	0
N11	N11.HOG0013536	0	0	0	0	1	0	1	0	0	0	0	0	0	0	0
N11	N11.HOG0013537	0	0	0	0	1	0	1	0	0	0	0	0	0	0	0
N11	N11.HOG0013538	0	0	0	0	1	0	1	0	0	0	0	0	0	0	0
N11	N11.HOG0013539	0	0	0	0	2	0	0	0	0	0	0	0	0	0	0
N11	N11.HOG0013540	0	0	0	0	1	0	0	0	1	0	0	0	0	0	0
N11	N11.HOG0013541	0	0	0	0	2	0	0	0	0	0	0	0	0	0	0
N11	N11.HOG0013542	0	0	0	0	2	0	0	0	0	0	0	0	0	0	0
N11	N11.HOG0013543	0	0	0	0	1	0	1	0	0	0	0	0	0	0	0
N11	N11.HOG0013544	0	0	0	0	2	0	0	0	0	0	0	0	0	0	0
N11	N11.HOG0013545	0	0	0	0	2	0	0	0	0	0	0	0	0	0	0
N11	N11.HOG0013546	0	0	0	0	2	0	0	0	0	0	0	0	0	0	0
N11	N11.HOG0013547	0	0	0	0	2	0	0	0	0	0	0	0	0	0	0
N11	N11.HOG0013548	0	0	0	0	2	0	0	0	0	0	0	0	0	0	0
N11	N11.HOG0013549	0	0	0	0	2	0	0	0	0	0	0	0	0	0	0
N11	N11.HOG0013550	0	0	0	0	2	0	0	0	0	0	0	0	0	0	0
N11	N11.HOG0013551	0	0	0	0	2	0	0	0	0	0	0	0	0	0	0
N11	N11.HOG0013552	0	0	0	0	2	0	0	0	0	0	0	0	0	0	0
N11	N11.HOG0013553	0	0	0	0	2	0	0	0	0	0	0	0	0	0	0
N11	N11.HOG0013554	0	0	0	0	2	0	0	0	0	0	0	0	0	0	0
N11	N11.HOG0013555	0	0	0	0	2	0	0	0	0	0	0	0	0	0	0
N11	N11.HOG0013556	0	0	0	0	2	0	0	0	0	0	0	0	0	0	0
N11	N11.HOG0013557	0	0	0	0	2	0	0	0	0	0	0	0	0	0	0
N11	N11.HOG0013558	0	0	0	0	2	0	0	0	0	0	0	0	0	0	0
N11	N11.HOG0013559	0	0	0	0	2	0	0	0	0	0	0	0	0	0	0
N11	N11.HOG0013560	0	0	0	0	2	0	0	0	0	0	0	0	0	0	0
N11	N11.HOG0013561	0	0	0	0	2	0	0	0	0	0	0	0	0	0	0
N11	N11.HOG0013562	0	0	0	0	2	0	0	0	0	0	0	0	0	0	0
N11	N11.HOG0013563	0	0	0	0	2	0	0	0	0	0	0	0	0	0	0
N11	N11.HOG0013564	0	0	0	0	2	0	0	0	0	0	0	0	0	0	0
N11	N11.HOG0013565	0	0	0	0	2	0	0	0	0	0	0	0	0	0	0
N11	N11.HOG0013566	0	0	0	0	2	0	0	0	0	0	0	0	0	0	0
N11	N11.HOG0013567	0	0	0	0	2	0	0	0	0	0	0	0	0	0	0
N11	N11.HOG0013568	0	0	0	0	2	0	0	0	0	0	0	0	0	0	0
N11	N11.HOG0013569	0	0	0	0	2	0	0	0	0	0	0	0	0	0	0
N11	N11.HOG0013570	0	0	0	0	2	0	0	0	0	0	0	0	0	0	0
N11	N11.HOG0013571	0	0	0	0	2	0	0	0	0	0	0	0	0	0	0
N11	N11.HOG0013572	0	0	0	0	2	0	0	0	0	0	0	0	0	0	0
N11	N11.HOG0013573	0	0	0	0	2	0	0	0	0	0	0	0	0	0	0
N11	N11.HOG0013574	0	0	0	0	2	0	0	0	0	0	0	0	0	0	0
N11	N11.HOG0013575	0	0	0	0	2	0	0	0	0	0	0	0	0	0	0
N11	N11.HOG0013576	0	0	0	0	2	0	0	0	0	0	0	0	0	0	0
N11	N11.HOG0013577	0	0	0	0	2	0	0	0	0	0	0	0	0	0	0
N11	N11.HOG0013578	0	0	0	0	2	0	0	0	0	0	0	0	0	0	0
N11	N11.HOG0013579	0	0	0	0	2	0	0	0	0	0	0	0	0	0	0
N11	N11.HOG0013580	0	0	0	0	2	0	0	0	0	0	0	0	0	0	0
N11	N11.HOG0013581	0	0	0	0	2	0	0	0	0	0	0	0	0	0	0
N11	N11.HOG0013582	0	0	0	0	2	0	0	0	0	0	0	0	0	0	0
N11	N11.HOG0013583	0	0	0	0	2	0	0	0	0	0	0	0	0	0	0
N11	N11.HOG0013584	0	0	0	0	2	0	0	0	0	0	0	0	0	0	0
N11	N11.HOG0013585	0	0	0	0	2	0	0	0	0	0	0	0	0	0	0
N11	N11.HOG0013586	0	0	0	0	2	0	0	0	0	0	0	0	0	0	0
N11	N11.HOG0013587	0	0	0	0	2	0	0	0	0	0	0	0	0	0	0
N11	N11.HOG0013588	0	0	0	0	2	0	0	0	0	0	0	0	0	0	0
N11	N11.HOG0013589	0	0	0	0	2	0	0	0	0	0	0	0	0	0	0
N11	N11.HOG0013590	0	0	0	0	2	0	0	0	0	0	0	0	0	0	0
N11	N11.HOG0013591	0	0	0	0	2	0	0	0	0	0	0	0	0	0	0
N11	N11.HOG0013592	0	0	0	0	2	0	0	0	0	0	0	0	0	0	0
N11	N11.HOG0013593	0	0	0	0	2	0	0	0	0	0	0	0	0	0	0
N11	N11.HOG0013594	0	0	0	0	2	0	0	0	0	0	0	0	0	0	0
N11	N11.HOG0013595	0	0	0	0	2	0	0	0	0	0	0	0	0	0	0
N11	N11.HOG0013596	0	0	0	0	2	0	0	0	0	0	0	0	0	0	0
N11	N11.HOG0013597	0	0	0	0	2	0	0	0	0	0	0	0	0	0	0
N11	N11.HOG0013598	0	0	0	0	2	0	0	0	0	0	0	0	0	0	0
N11	N11.HOG0013599	0	0	0	0	2	0	0	0	0	0	0	0	0	0	0
N11	N11.HOG0013600	0	0	0	0	2	0	0	0	0	0	0	0	0	0	0
N11	N11.HOG0013601	0	0	0	0	2	0	0	0	0	0	0	0	0	0	0
N11	N11.HOG0013602	0	0	0	0	2	0	0	0	0	0	0	0	0	0	0
N11	N11.HOG0013603	0	0	0	0	2	0	0	0	0	0	0	0	0	0	0
N11	N11.HOG0013604	0	0	0	0	2	0	0	0	0	0	0	0	0	0	0
N11	N11.HOG0013605	0	0	0	0	2	0	0	0	0	0	0	0	0	0	0
N11	N11.HOG0013606	0	0	0	0	2	0	0	0	0	0	0	0	0	0	0
N11	N11.HOG0013607	0	0	0	0	2	0	0	0	0	0	0	0	0	0	0
N11	N11.HOG0013608	0	0	0	0	2	0	0	0	0	0	0	0	0	0	0
N11	N11.HOG0013609	0	0	0	0	2	0	0	0	0	0	0	0	0	0	0
N11	N11.HOG0013610	0	0	0	0	2	0	0	0	0	0	0	0	0	0	0
N11	N11.HOG0013611	0	0	0	0	2	0	0	0	0	0	0	0	0	0	0
N11	N11.HOG0013612	0	0	0	0	2	0	0	0	0	0	0	0	0	0	0
N11	N11.HOG0013613	0	0	0	0	2	0	0	0	0	0	0	0	0	0	0
N11	N11.HOG0013614	0	0	0	0	2	0	0	0	0	0	0	0	0	0	0
N11	N11.HOG0013615	0	0	0	0	2	0	0	0	0	0	0	0	0	0	0
N11	N11.HOG0013616	0	0	0	0	2	0	0	0	0	0	0	0	0	0	0
N11	N11.HOG0013617	0	0	0	0	2	0	0	0	0	0	0	0	0	0	0
N11	N11.HOG0013618	0	0	0	0	2	0	0	0	0	0	0	0	0	0	0
N11	N11.HOG0013619	0	0	0	0	2	0	0	0	0	0	0	0	0	0	0
N11	N11.HOG0013620	0	0	0	0	2	0	0	0	0	0	0	0	0	0	0
N11	N11.HOG0013621	0	0	0	0	2	0	0	0	0	0	0	0	0	0	0
N11	N11.HOG0013622	0	0	0	0	2	0	0	0	0	0	0	0	0	0	0
N11	N11.HOG0013623	0	0	0	0	2	0	0	0	0	0	0	0	0	0	0
N11	N11.HOG0013624	0	0	0	0	2	0	0	0	0	0	0	0	0	0	0
N11	N11.HOG0013625	0	0	0	0	2	0	0	0	0	0	0	0	0	0	0
N11	N11.HOG0013626	0	0	0	0	2	0	0	0	0	0	0	0	0	0	0
N11	N11.HOG0013627	0	0	0	0	2	0	0	0	0	0	0	0	0	0	0
N11	N11.HOG0013628	0	0	0	0	2	0	0	0	0	0	0	0	0	0	0
N11	N11.HOG0013629	0	0	0	0	2	0	0	0	0	0	0	0	0	0	0
N11	N11.HOG0013630	0	0	0	0	2	0	0	0	0	0	0	0	0	0	0
N11	N11.HOG0013631	0	0	0	0	2	0	0	0	0	0	0	0	0	0	0
N11	N11.HOG0013632	0	0	0	0	2	0	0	0	0	0	0	0	0	0	0
N11	N11.HOG0013633	0	0	0	0	2	0	0	0	0	0	0	0	0	0	0
N11	N11.HOG0013634	0	0	0	0	2	0	0	0	0	0	0	0	0	0	0
N11	N11.HOG0013635	0	0	0	0	2	0	0	0	0	0	0	0	0	0	0
N11	N11.HOG0013636	0	0	0	0	2	0	0	0	0	0	0	0	0	0	0
N11	N11.HOG0013637	0	0	0	0	2	0	0	0	0	0	0	0	0	0	0
N11	N11.HOG0013638	0	0	0	0	2	0	0	0	0	0	0	0	0	0	0
N11	N11.HOG0013639	0	0	0	0	2	0	0	0	0	0	0	0	0	0	0
N11	N11.HOG0013640	0	0	0	0	2	0	0	0	0	0	0	0	0	0	0
N11	N11.HOG0013641	0	0	0	0	2	0	0	0	0	0	0	0	0	0	0
N11	N11.HOG0013642	0	0	0	0	2	0	0	0	0	0	0	0	0	0	0
N11	N11.HOG0013643	0	0	0	0	2	0	0	0	0	0	0	0	0	0	0
N11	N11.HOG0013644	0	0	0	0	2	0	0	0	0	0	0	0	0	0	0
N11	N11.HOG0013645	0	0	0	0	2	0	0	0	0	0	0	0	0	0	0
N11	N11.HOG0013646	0	0	0	0	2	0	0	0	0	0	0	0	0	0	0
N11	N11.HOG0013647	0	0	0	0	2	0	0	0	0	0	0	0	0	0	0
N11	N11.HOG0013648	0	0	0	0	2	0	0	0	0	0	0	0	0	0	0
N11	N11.HOG0013649	0	0	0	0	2	0	0	0	0	0	0	0	0	0	0
N11	N11.HOG0013650	0	0	0	0	2	0	0	0	0	0	0	0	0	0	0
N11	N11.HOG0013651	0	0	0	0	2	0	0	0	0	0	0	0	0	0	0
N11	N11.HOG0013652	0	0	0	0	2	0	0	0	0	0	0	0	0	0	0
N11	N11.HOG0013653	0	0	0	0	2	0	0	0	0	0	0	0	0	0	0
N11	N11.HOG0013654	0	0	0	0	2	0	0	0	0	0	0	0	0	0	0
N11	N11.HOG0013655	0	0	0	0	2	0	0	0	0	0	0	0	0	0	0
N11	N11.HOG0013656	0	0	0	0	2	0	0	0	0	0	0	0	0	0	0
N11	N11.HOG0013657	0	0	0	0	2	0	0	0	0	0	0	0	0	0	0
N11	N11.HOG0013658	0	0	0	0	2	0	0	0	0	0	0	0	0	0	0
N11	N11.HOG0013659	0	0	0	0	2	0	0	0	0	0	0	0	0	0	0
N11	N11.HOG0013660	0	0	0	0	2	0	0	0	0	0	0	0	0	0	0
N11	N11.HOG0013661	0	0	0	0	2	0	0	0	0	0	0	0	0	0	0
N11	N11.HOG0013662	0	0	0	0	2	0	0	0	0	0	0	0	0	0	0
N11	N11.HOG0013663	0	0	0	0	2	0	0	0	0	0	0	0	0	0	0
N11	N11.HOG0013664	0	0	0	0	2	0	0	0	0	0	0	0	0	0	0
N11	N11.HOG0013665	0	0	0	0	2	0	0	0	0	0	0	0	0	0	0
N11	N11.HOG0013666	0	0	0	0	2	0	0	0	0	0	0	0	0	0	0
N11	N11.HOG0013667	0	0	0	0	2	0	0	0	0	0	0	0	0	0	0
N11	N11.HOG0013668	0	0	0	0	2	0	0	0	0	0	0	0	0	0	0
N11	N11.HOG0013669	0	0	0	0	2	0	0	0	0	0	0	0	0	0	0
N11	N11.HOG0013670	0	0	0	0	2	0	0	0	0	0	0	0	0	0	0
N11	N11.HOG0013671	0	0	0	0	2	0	0	0	0	0	0	0	0	0	0
N11	N11.HOG0013672	0	0	0	0	2	0	0	0	0	0	0	0	0	0	0
N11	N11.HOG0013673	0	0	0	0	2	0	0	0	0	0	0	0	0	0	0
N11	N11.HOG0013674	0	0	0	0	2	0	0	0	0	0	0	0	0	0	0
N11	N11.HOG0013675	0	0	0	0	2	0	0	0	0	0	0	0	0	0	0
N11	N11.HOG0013676	0	0	0	0	2	0	0	0	0	0	0	0	0	0	0
N11	N11.HOG0013677	0	0	0	0	2	0	0	0	0	0	0	0	0	0	0
N11	N11.HOG0013678	0	0	0	0	2	0	0	0	0	0	0	0	0	0	0
N11	N11.HOG0013679	0	0	0	0	2	0	0	0	0	0	0	0	0	0	0
N11	N11.HOG0013680	0	0	0	0	2	0	0	0	0	0	0	0	0	0	0
N11	N11.HOG0013681	0	0	0	0	2	0	0	0	0	0	0	0	0	0	0
N11	N11.HOG0013682	0	0	0	0	2	0	0	0	0	0	0	0	0	0	0
N11	N11.HOG0013683	0	0	0	0	2	0	0	0	0	0	0	0	0	0	0
N11	N11.HOG0013684	0	0	0	0	2	0	0	0	0	0	0	0	0	0	0
N11	N11.HOG0013685	0	0	0	0	2	0	0	0	0	0	0	0	0	0	0
N11	N11.HOG0013686	0	0	0	0	2	0	0	0	0	0	0	0	0	0	0
N11	N11.HOG0013687	0	0	0	0	2	0	0	0	0	0	0	0	0	0	0
N11	N11.HOG0013688	0	0	0	0	2	0	0	0	0	0	0	0	0	0	0
N11	N11.HOG0013689	0	0	0	0	2	0	0	0	0	0	0	0	0	0	0
N11	N11.HOG0013690	0	0	0	0	2	0	0	0	0	0	0	0	0	0	0
N11	N11.HOG0013691	0	0	0	0	2	0	0	0	0	0	0	0	0	0	0
N11	N11.HOG0013692	0	0	0	0	2	0	0	0	0	0	0	0	0	0	0
N11	N11.HOG0013693	0	0	0	0	2	0	0	0	0	0	0	0	0	0	0
N11	N11.HOG0013694	0	0	0	0	2	0	0	0	0	0	0	0	0	0	0
N11	N11.HOG0013695	0	0	0	0	2	0	0	0	0	0	0	0	0	0	0
N11	N11.HOG0013696	0	0	0	0	2	0	0	0	0	0	0	0	0	0	0
N11	N11.HOG0013697	0	0	0	0	2	0	0	0	0	0	0	0	0	0	0
N11	N11.HOG0013698	0	0	0	0	2	0	0	0	0	0	0	0	0	0	0
N11	N11.HOG0013699	0	0	0	0	2	0	0	0	0	0	0	0	0	0	0
N11	N11.HOG0013700	0	0	0	0	2	0	0	0	0	0	0	0	0	0	0
N11	N11.HOG0013701	0	0	0	0	2	0	0	0	0	0	0	0	0	0	0
N11	N11.HOG0013702	0	0	0	0	2	0	0	0	0	0	0	0	0	0	0
N11	N11.HOG0013703	0	0	0	0	2	0	0	0	0	0	0	0	0	0	0
N11	N11.HOG0013704	0	0	0	0	2	0	0	0	0	0	0	0	0	0	0
N11	N11.HOG0013705	0	0	0	0	2	0	0	0	0	0	0	0	0	0	0
N11	N11.HOG0013706	0	0	0	0	2	0	0	0	0	0	0	0	0	0	0
N11	N11.HOG0013707	0	0	0	0	2	0	0	0	0	0	0	0	0	0	0
N11	N11.HOG0013708	0	0	0	0	2	0	0	0	0	0	0	0	0	0	0
N11	N11.HOG0013709	0	0	0	0	2	0	0	0	0	0	0	0	0	0	0
N11	N11.HOG0013710	0	0	0	0	2	0	0	0	0	0	0	0	0	0	0
N11	N11.HOG0013711	0	0	0	0	2	0	0	0	0	0	0	0	0	0	0
N11	N11.HOG0013712	0	0	0	0	2	0	0	0	0	0	0	0	0	0	0
N11	N11.HOG0013713	0	0	0	0	2	0	0	0	0	0	0	0	0	0	0
N11	N11.HOG0013714	0	0	0	0	2	0	0	0	0	0	0	0	0	0	0
N11	N11.HOG0013715	0	0	0	0	2	0	0	0	0	0	0	0	0	0	0
N11	N11.HOG0013716	0	0	0	0	2	0	0	0	0	0	0	0	0	0	0
N11	N11.HOG0013717	0	0	0	0	2	0	0	0	0	0	0	0	0	0	0
N11	N11.HOG0013718	0	0	0	0	2	0	0	0	0	0	0	0	0	0	0
N11	N11.HOG0013719	0	0	0	0	2	0	0	0	0	0	0	0	0	0	0
N11	N11.HOG0013720	0	0	0	0	2	0	0	0	0	0	0	0	0	0	0
N11	N11.HOG0013721	0	0	0	0	2	0	0	0	0	0	0	0	0	0	0
N11	N11.HOG0013722	0	0	0	0	2	0	0	0	0	0	0	0	0	0	0
N11	N11.HOG0013723	0	0	0	0	2	0	0	0	0	0	0	0	0	0	0
N11	N11.HOG0013724	0	0	0	0	2	0	0	0	0	0	0	0	0	0	0
N11	N11.HOG0013725	0	0	0	0	2	0	0	0	0	0	0	0	0	0	0
N11	N11.HOG0013726	0	0	0	0	2	0	0	0	0	0	0	0	0	0	0
N11	N11.HOG0013727	0	0	0	0	2	0	0	0	0	0	0	0	0	0	0
N11	N11.HOG0013728	0	0	0	0	2	0	0	0	0	0	0	0	0	0	0
N11	N11.HOG0013729	0	0	0	0	2	0	0	0	0	0	0	0	0	0	0
N11	N11.HOG0013730	0	0	0	0	2	0	0	0	0	0	0	0	0	0	0
N11	N11.HOG0013731	0	0	0	0	2	0	0	0	0	0	0	0	0	0	0
N11	N11.HOG0013732	0	0	0	0	2	0	0	0	0	0	0	0	0	0	0
N11	N11.HOG0013733	0	0	0	0	2	0	0	0	0	0	0	0	0	0	0
N11	N11.HOG0013734	0	0	0	0	2	0	0	0	0	0	0	0	0	0	0
N11	N11.HOG0013735	0	0	0	0	2	0	0	0	0	0	0	0	0	0	0
N11	N11.HOG0013736	0	0	0	0	2	0	0	0	0	0	0	0	0	0	0
N11	N11.HOG0013737	0	0	0	0	2	0	0	0	0	0	0	0	0	0	0
N11	N11.HOG0013738	0	0	0	0	2	0	0	0	0	0	0	0	0	0	0
N11	N11.HOG0013739	0	0	0	0	2	0	0	0	0	0	0	0	0	0	0
N11	N11.HOG0013740	0	0	0	0	2	0	0	0	0	0	0	0	0	0	0
N11	N11.HOG0013741	0	0	0	0	2	0	0	0	0	0	0	0	0	0	0
N11	N11.HOG0013742	0	0	0	0	2	0	0	0	0	0	0	0	0	0	0
N11	N11.HOG0013743	0	0	0	0	2	0	0	0	0	0	0	0	0	0	0
N11	N11.HOG0013744	0	0	0	0	2	0	0	0	0	0	0	0	0	0	0
N11	N11.HOG0013745	0	0	0	0	2	0	0	0	0	0	0	0	0	0	0
N11	N11.HOG0013746	0	0	0	0	2	0	0	0	0	0	0	0	0	0	0
N11	N11.HOG0013747	0	0	0	0	2	0	0	0	0	0	0	0	0	0	0
N11	N11.HOG0013748	0	0	0	0	2	0	0	0	0	0	0	0	0	0	0
N11	N11.HOG0013749	0	0	0	0	2	0	0	0	0	0	0	0	0	0	0
N11	N11.HOG0013750	0	0	0	0	2	0	0	0	0	0	0	0	0	0	0
N11	N11.HOG0013751	0	0	0	0	2	0	0	0	0	0	0	0	0	0	0
N11	N11.HOG0013752	0	0	0	0	2	0	0	0	0	0	0	0	0	0	0
N11	N11.HOG0013753	0	0	0	0	2	0	0	0	0	0	0	0	0	0	0
N11	N11.HOG0013754	0	0	0	0	2	0	0	0	0	0	0	0	0	0	0
N11	N11.HOG0013755	0	0	0	0	2	0	0	0	0	0	0	0	0	0	0
N11	N11.HOG0013756	0	0	0	0	2	0	0	0	0	0	0	0	0	0	0
N11	N11.HOG0013757	0	0	0	0	2	0	0	0	0	0	0	0	0	0	0
N11	N11.HOG0013758	0	0	0	0	2	0	0	0	0	0	0	0	0	0	0
N11	N11.HOG0013759	0	0	0	0	2	0	0	0	0	0	0	0	0	0	0
N11	N11.HOG0013760	0	0	0	0	2	0	0	0	0	0	0	0	0	0	0
N11	N11.HOG0013761	0	0	0	0	2	0	0	0	0	0	0	0	0	0	0
N11	N11.HOG0013762	0	0	0	0	2	0	0	0	0	0	0	0	0	0	0
N11	N11.HOG0013763	0	0	0	0	2	0	0	0	0	0	0	0	0	0	0
N11	N11.HOG0013764	0	0	0	0	2	0	0	0	0	0	0	0	0	0	0
N11	N11.HOG0013765	0	0	0	0	2	0	0	0	0	0	0	0	0	0	0
N11	N11.HOG0013766	0	0	0	2	0	0	0	0	0	0	0	0	0	0	0
N11	N11.HOG0013767	0	0	0	2	0	0	0	0	0	0	0	0	0	0	0
N11	N11.HOG0013768	0	0	0	2	0	0	0	0	0	0	0	0	0	0	0
N11	N11.HOG0013769	0	0	0	2	0	0	0	0	0	0	0	0	0	0	0
N11	N11.HOG0013770	0	0	0	0	0	0	0	0	0	1	1	0	0	0	0
N11	N11.HOG0013771	0	0	0	0	0	0	0	0	0	1	0	1	0	0	0
N11	N11.HOG0013772	0	0	0	0	0	0	0	0	0	1	1	0	0	0	0
N11	N11.HOG0013773	0	0	0	0	0	0	0	0	0	1	0	1	0	0	0
N11	N11.HOG0013774	0	0	0	0	0	0	0	0	0	1	0	1	0	0	0
N11	N11.HOG0013775	0	0	0	0	0	0	0	0	0	1	1	0	0	0	0
N11	N11.HOG0013776	0	0	0	0	0	0	0	0	0	1	1	0	0	0	0
N11	N11.HOG0013777	0	0	0	0	0	0	0	0	0	1	0	1	0	0	0
N11	N11.HOG0013778	0	0	0	0	0	0	0	0	0	1	1	0	0	0	0
N11	N11.HOG0013779	0	0	0	0	0	0	0	0	0	1	0	1	0	0	0
N11	N11.HOG0013780	0	0	0	0	0	0	0	0	0	1	0	1	0	0	0
N11	N11.HOG0013781	0	0	0	0	0	0	0	0	0	1	1	0	0	0	0
N11	N11.HOG0013782	0	0	0	0	0	0	0	0	0	0	1	1	0	0	0
N11	N11.HOG0013783	0	0	0	0	0	0	0	0	0	0	1	1	0	0	0
N11	N11.HOG0013784	0	0	0	0	0	0	1	0	0	0	1	0	0	0	0
N11	N11.HOG0013785	0	0	0	0	0	0	1	0	0	0	1	0	0	0	0
N11	N11.HOG0013786	0	0	0	0	0	0	0	0	0	0	1	1	0	0	0
N11	N11.HOG0013787	0	0	0	0	0	0	1	0	0	0	1	0	0	0	0
N11	N11.HOG0013788	0	0	0	0	0	0	0	0	0	0	1	1	0	0	0
N11	N11.HOG0013789	0	0	0	0	0	0	0	0	0	0	1	1	0	0	0
N11	N11.HOG0013790	0	0	0	0	0	0	1	0	0	0	1	0	0	0	0
N11	N11.HOG0013791	0	0	0	0	0	0	1	0	0	0	1	0	0	0	0
N11	N11.HOG0013792	0	0	0	0	0	0	0	0	1	0	1	0	0	0	0
N11	N11.HOG0013793	0	0	0	0	0	0	0	0	0	0	1	1	0	0	0
N11	N11.HOG0013794	0	0	0	0	0	0	0	0	0	0	1	1	0	0	0
N11	N11.HOG0013795	0	0	0	0	0	0	0	0	0	0	1	1	0	0	0
N11	N11.HOG0013796	0	0	0	0	0	0	0	0	0	0	1	1	0	0	0
N11	N11.HOG0013797	0	0	0	0	0	0	0	0	0	0	1	1	0	0	0
N11	N11.HOG0013798	0	0	0	0	0	0	0	0	0	0	0	2	0	0	0
N11	N11.HOG0013799	0	0	0	0	0	0	1	1	0	0	0	0	0	0	0
N11	N11.HOG0013800	0	0	0	0	0	0	1	0	1	0	0	0	0	0	0
N11	N11.HOG0013801	0	0	0	0	0	0	1	0	1	0	0	0	0	0	0
N11	N11.HOG0013802	0	0	0	0	0	0	1	1	0	0	0	0	0	0	0
N11	N11.HOG0013803	0	0	0	0	0	0	1	1	0	0	0	0	0	0	0
N11	N11.HOG0013804	0	0	0	0	0	0	1	0	1	0	0	0	0	0	0
N11	N11.HOG0013805	0	0	0	0	0	0	1	1	0	0	0	0	0	0	0
N11	N11.HOG0013806	0	0	0	0	0	0	1	0	1	0	0	0	0	0	0
N11	N11.HOG0013807	0	0	0	0	0	0	2	0	0	0	0	0	0	0	0
N11	N11.HOG0013808	0	0	0	0	0	0	1	1	0	0	0	0	0	0	0
N11	N11.HOG0013809	0	0	0	0	0	0	1	1	0	0	0	0	0	0	0
N11	N11.HOG0013810	0	0	0	0	0	0	1	1	0	0	0	0	0	0	0
N11	N11.HOG0013811	0	0	0	0	0	0	1	0	1	0	0	0	0	0	0
N11	N11.HOG0013812	0	0	0	0	0	0	1	0	1	0	0	0	0	0	0
N11	N11.HOG0013813	0	0	0	0	0	0	2	0	0	0	0	0	0	0	0
N11	N11.HOG0013814	0	0	0	0	0	0	2	0	0	0	0	0	0	0	0
N11	N11.HOG0013815	0	0	0	0	0	0	1	0	1	0	0	0	0	0	0
N11	N11.HOG0013816	0	0	0	0	0	0	2	0	0	0	0	0	0	0	0
N11	N11.HOG0013817	0	0	0	0	0	0	1	1	0	0	0	0	0	0	0
N11	N11.HOG0013818	0	0	0	0	0	0	1	0	1	0	0	0	0	0	0
N11	N11.HOG0013819	0	0	0	0	0	0	2	0	0	0	0	0	0	0	0
N11	N11.HOG0013820	0	0	0	0	0	0	1	0	1	0	0	0	0	0	0
N11	N11.HOG0013821	0	0	0	0	0	0	1	0	1	0	0	0	0	0	0
N11	N11.HOG0013822	0	0	0	0	0	0	0	1	1	0	0	0	0	0	0
N11	N11.HOG0013823	0	0	0	0	0	0	0	1	1	0	0	0	0	0	0
N11	N11.HOG0013824	0	0	0	0	0	0	0	1	1	0	0	0	0	0	0
N11	N11.HOG0013825	0	0	0	0	0	0	0	1	1	0	0	0	0	0	0
N11	N11.HOG0013826	0	0	0	0	0	0	0	1	1	0	0	0	0	0	0
N11	N11.HOG0013827	0	0	0	0	0	0	0	1	1	0	0	0	0	0	0
N11	N11.HOG0013828	0	0	0	0	0	0	0	1	1	0	0	0	0	0	0
N11	N11.HOG0013829	0	0	0	0	0	0	0	1	1	0	0	0	0	0	0
N11	N11.HOG0013830	0	0	0	0	0	0	0	1	1	0	0	0	0	0	0
N11	N11.HOG0013831	0	0	0	0	0	0	0	1	1	0	0	0	0	0	0
N11	N11.HOG0013832	0	0	0	0	0	0	0	1	1	0	0	0	0	0	0
N11	N11.HOG0013833	0	0	0	0	0	0	0	0	2	0	0	0	0	0	0
N11	N11.HOG0013834	0	0	0	0	0	0	0	0	2	0	0	0	0	0	0
N11	N11.HOG0013835	0	0	0	0	0	0	0	0	2	0	0	0	0	0	0
